2025-06-12 10:58:39,948 - mainapp.logging_utils - INFO - Log file created: 2025-06-12_10-58-39.log
2025-06-12 10:58:39,948 - mainapp.apps - INFO - Django up
2025-06-12 10:58:39,998 - django.utils.autoreload - INFO - Watching for file changes with StatReloader
2025-06-12 11:09:31,491 - mainapp.logging_utils - INFO - [2025-06-12 11:09:31] Unable to price invoice https://kabinet.dreamkas.ru/app/#!/documents/card~2F86261857
2025-06-12 11:09:31,492 - mainapp.logging_utils - INFO - [2025-06-12 11:09:31] Unable to price invoice https://kabinet.dreamkas.ru/app/#!/documents/card~2F86261855
2025-06-12 11:09:31,494 - mainapp.logging_utils - INFO - [2025-06-12 11:09:31] Unable to price invoice https://kabinet.dreamkas.ru/app/#!/documents/card~2F86261458
2025-06-12 11:09:31,495 - mainapp.logging_utils - INFO - [2025-06-12 11:09:31] Unable to price invoice https://kabinet.dreamkas.ru/app/#!/documents/card~2F86261455
2025-06-12 11:09:31,496 - mainapp.logging_utils - INFO - [2025-06-12 11:09:31] Unable to price invoice https://kabinet.dreamkas.ru/app/#!/documents/card~2F86257869
2025-06-12 11:09:31,496 - mainapp.logging_utils - INFO - [2025-06-12 11:09:31] Unable to price invoice https://kabinet.dreamkas.ru/app/#!/documents/card~2F86213998
2025-06-12 11:09:31,497 - mainapp.logging_utils - INFO - [2025-06-12 11:09:31] Unable to price invoice https://kabinet.dreamkas.ru/app/#!/documents/card~2F86167473
2025-06-12 11:09:31,498 - mainapp.logging_utils - INFO - [2025-06-12 11:09:31] Unable to price invoice https://kabinet.dreamkas.ru/app/#!/documents/card~2F86167469
2025-06-12 11:09:31,499 - mainapp.logging_utils - INFO - [2025-06-12 11:09:31] Unable to price invoice https://kabinet.dreamkas.ru/app/#!/documents/card~2F86167468
2025-06-12 11:09:31,500 - mainapp.logging_utils - INFO - [2025-06-12 11:09:31] Unable to price invoice https://kabinet.dreamkas.ru/app/#!/documents/card~2F86158309
2025-06-12 11:09:31,501 - mainapp.logging_utils - INFO - [2025-06-12 11:09:31] Unable to price invoice https://kabinet.dreamkas.ru/app/#!/documents/card~2F86157074
2025-06-12 11:09:31,501 - mainapp.logging_utils - INFO - [2025-06-12 11:09:31] Unable to price invoice https://kabinet.dreamkas.ru/app/#!/documents/card~2F86093621
2025-06-12 11:09:31,502 - mainapp.logging_utils - INFO - [2025-06-12 11:09:31] Unable to price invoice https://kabinet.dreamkas.ru/app/#!/documents/card~2F86089479
2025-06-12 11:09:31,503 - mainapp.logging_utils - INFO - [2025-06-12 11:09:31] Unable to price invoice https://kabinet.dreamkas.ru/app/#!/documents/card~2F86080737
2025-06-12 11:09:31,504 - mainapp.logging_utils - INFO - [2025-06-12 11:09:31] Unable to price invoice https://kabinet.dreamkas.ru/app/#!/documents/card~2F86080487
2025-06-12 11:09:31,504 - mainapp.logging_utils - INFO - [2025-06-12 11:09:31] Unable to price invoice https://kabinet.dreamkas.ru/app/#!/documents/card~2F86039467
2025-06-12 11:09:31,505 - mainapp.logging_utils - INFO - [2025-06-12 11:09:31] Unable to price invoice https://kabinet.dreamkas.ru/app/#!/documents/card~2F86032756
2025-06-12 11:09:31,506 - mainapp.logging_utils - INFO - [2025-06-12 11:09:31] Unable to price invoice https://kabinet.dreamkas.ru/app/#!/documents/card~2F86009691
2025-06-12 11:09:31,507 - mainapp.logging_utils - INFO - [2025-06-12 11:09:31] Unable to price invoice https://kabinet.dreamkas.ru/app/#!/documents/card~2F86009591
2025-06-12 11:09:31,508 - mainapp.logging_utils - INFO - [2025-06-12 11:09:31] Unable to price invoice https://kabinet.dreamkas.ru/app/#!/documents/card~2F86005550
2025-06-12 11:09:31,510 - mainapp.logging_utils - INFO - [2025-06-12 11:09:31] Unable to price invoice https://kabinet.dreamkas.ru/app/#!/documents/card~2F85989025
2025-06-12 11:09:31,511 - mainapp.logging_utils - INFO - [2025-06-12 11:09:31] Unable to price invoice https://kabinet.dreamkas.ru/app/#!/documents/card~2F85987942
2025-06-12 11:09:31,512 - mainapp.logging_utils - INFO - [2025-06-12 11:09:31] Unable to price invoice https://kabinet.dreamkas.ru/app/#!/documents/card~2F85952050
2025-06-12 11:09:31,513 - mainapp.logging_utils - INFO - [2025-06-12 11:09:31] Unable to price invoice https://kabinet.dreamkas.ru/app/#!/documents/card~2F85944555
2025-06-12 11:09:31,514 - mainapp.logging_utils - INFO - [2025-06-12 11:09:31] Unable to price invoice https://kabinet.dreamkas.ru/app/#!/documents/card~2F85931436
2025-06-12 11:09:31,515 - mainapp.logging_utils - INFO - [2025-06-12 11:09:31] Unable to price invoice https://kabinet.dreamkas.ru/app/#!/documents/card~2F85897507
2025-06-12 11:09:31,516 - mainapp.logging_utils - INFO - [2025-06-12 11:09:31] Unable to price invoice https://kabinet.dreamkas.ru/app/#!/documents/card~2F85892322
2025-06-12 11:09:31,517 - mainapp.logging_utils - INFO - [2025-06-12 11:09:31] Unable to price invoice https://kabinet.dreamkas.ru/app/#!/documents/card~2F85871534
2025-06-12 11:09:31,518 - mainapp.logging_utils - INFO - [2025-06-12 11:09:31] Unable to price invoice https://kabinet.dreamkas.ru/app/#!/documents/card~2F85833775
2025-06-12 11:09:31,520 - mainapp.logging_utils - INFO - [2025-06-12 11:09:31] Unable to price invoice https://kabinet.dreamkas.ru/app/#!/documents/card~2F85832951
2025-06-12 11:09:31,521 - mainapp.logging_utils - INFO - [2025-06-12 11:09:31] Unable to price invoice https://kabinet.dreamkas.ru/app/#!/documents/card~2F85831599
2025-06-12 11:09:31,522 - mainapp.logging_utils - INFO - [2025-06-12 11:09:31] Unable to price invoice https://kabinet.dreamkas.ru/app/#!/documents/card~2F85756249
2025-06-12 11:09:31,522 - mainapp.logging_utils - INFO - [2025-06-12 11:09:31] Unable to price invoice https://kabinet.dreamkas.ru/app/#!/documents/card~2F85752808
2025-06-12 11:09:31,523 - mainapp.logging_utils - INFO - [2025-06-12 11:09:31] Unable to price invoice https://kabinet.dreamkas.ru/app/#!/documents/card~2F85722479
2025-06-12 11:09:31,524 - mainapp.logging_utils - INFO - [2025-06-12 11:09:31] Unable to price invoice https://kabinet.dreamkas.ru/app/#!/documents/card~2F85721630
2025-06-12 11:09:31,525 - mainapp.logging_utils - INFO - [2025-06-12 11:09:31] Unable to price invoice https://kabinet.dreamkas.ru/app/#!/documents/card~2F85708377
2025-06-12 11:09:31,526 - mainapp.logging_utils - INFO - [2025-06-12 11:09:31] Unable to price invoice https://kabinet.dreamkas.ru/app/#!/documents/card~2F85698883
2025-06-12 11:09:31,528 - mainapp.logging_utils - INFO - [2025-06-12 11:09:31] Unable to price invoice https://kabinet.dreamkas.ru/app/#!/documents/card~2F85698892
2025-06-12 11:09:31,529 - mainapp.logging_utils - INFO - [2025-06-12 11:09:31] Unable to price invoice https://kabinet.dreamkas.ru/app/#!/documents/card~2F85676639
2025-06-12 11:09:31,530 - mainapp.logging_utils - INFO - [2025-06-12 11:09:31] Unable to price invoice https://kabinet.dreamkas.ru/app/#!/documents/card~2F85665322
2025-06-12 11:09:31,531 - mainapp.logging_utils - INFO - [2025-06-12 11:09:31] Unable to price invoice https://kabinet.dreamkas.ru/app/#!/documents/card~2F85663144
2025-06-12 11:09:31,532 - mainapp.logging_utils - INFO - [2025-06-12 11:09:31] Unable to price invoice https://kabinet.dreamkas.ru/app/#!/documents/card~2F85663481
2025-06-12 11:09:31,533 - mainapp.logging_utils - INFO - [2025-06-12 11:09:31] Unable to price invoice https://kabinet.dreamkas.ru/app/#!/documents/card~2F85661367
2025-06-12 11:09:31,534 - mainapp.logging_utils - INFO - [2025-06-12 11:09:31] Unable to price invoice https://kabinet.dreamkas.ru/app/#!/documents/card~2F85661034
2025-06-12 11:09:31,534 - mainapp.logging_utils - INFO - [2025-06-12 11:09:31] Unable to price invoice https://kabinet.dreamkas.ru/app/#!/documents/card~2F85656292
2025-06-12 11:09:31,535 - mainapp.logging_utils - INFO - [2025-06-12 11:09:31] Unable to price invoice https://kabinet.dreamkas.ru/app/#!/documents/card~2F85654445
2025-06-12 11:09:31,536 - mainapp.logging_utils - INFO - [2025-06-12 11:09:31] Unable to price invoice https://kabinet.dreamkas.ru/app/#!/documents/card~2F85627044
2025-06-12 11:09:31,537 - mainapp.logging_utils - INFO - [2025-06-12 11:09:31] Unable to price invoice https://kabinet.dreamkas.ru/app/#!/documents/card~2F85625847
2025-06-12 11:09:31,538 - mainapp.logging_utils - INFO - [2025-06-12 11:09:31] Unable to price invoice https://kabinet.dreamkas.ru/app/#!/documents/card~2F85598478
2025-06-12 11:09:31,539 - mainapp.logging_utils - INFO - [2025-06-12 11:09:31] Unable to price invoice https://kabinet.dreamkas.ru/app/#!/documents/card~2F85569645
2025-06-12 11:09:31,540 - mainapp.logging_utils - INFO - [2025-06-12 11:09:31] Unable to price invoice https://kabinet.dreamkas.ru/app/#!/documents/card~2F85565766
2025-06-12 11:09:31,541 - mainapp.logging_utils - INFO - [2025-06-12 11:09:31] Unable to price invoice https://kabinet.dreamkas.ru/app/#!/documents/card~2F85530426
2025-06-12 11:09:31,542 - mainapp.logging_utils - INFO - [2025-06-12 11:09:31] Unable to price invoice https://kabinet.dreamkas.ru/app/#!/documents/card~2F85528316
2025-06-12 11:09:31,542 - mainapp.logging_utils - INFO - [2025-06-12 11:09:31] Unable to price invoice https://kabinet.dreamkas.ru/app/#!/documents/card~2F85527762
2025-06-12 11:09:31,543 - mainapp.logging_utils - INFO - [2025-06-12 11:09:31] Unable to price invoice https://kabinet.dreamkas.ru/app/#!/documents/card~2F85527015
2025-06-12 11:09:31,544 - mainapp.logging_utils - INFO - [2025-06-12 11:09:31] Unable to price invoice https://kabinet.dreamkas.ru/app/#!/documents/card~2F85526953
2025-06-12 11:09:31,545 - mainapp.logging_utils - INFO - [2025-06-12 11:09:31] Unable to price invoice https://kabinet.dreamkas.ru/app/#!/documents/card~2F85449229
2025-06-12 11:09:31,546 - mainapp.logging_utils - INFO - [2025-06-12 11:09:31] Unable to price invoice https://kabinet.dreamkas.ru/app/#!/documents/card~2F85380791
2025-06-12 11:09:31,547 - mainapp.logging_utils - INFO - [2025-06-12 11:09:31] Unable to price invoice https://kabinet.dreamkas.ru/app/#!/documents/card~2F85365535
2025-06-12 11:09:31,548 - mainapp.logging_utils - INFO - [2025-06-12 11:09:31] Unable to price invoice https://kabinet.dreamkas.ru/app/#!/documents/card~2F85365511
2025-06-12 11:09:31,549 - mainapp.logging_utils - INFO - [2025-06-12 11:09:31] Unable to price invoice https://kabinet.dreamkas.ru/app/#!/documents/card~2F85365510
2025-06-12 11:09:31,550 - mainapp.logging_utils - INFO - [2025-06-12 11:09:31] Unable to price invoice https://kabinet.dreamkas.ru/app/#!/documents/card~2F85365508
2025-06-12 11:09:31,551 - mainapp.logging_utils - INFO - [2025-06-12 11:09:31] Unable to price invoice https://kabinet.dreamkas.ru/app/#!/documents/card~2F85329359
2025-06-12 11:09:31,552 - mainapp.logging_utils - INFO - [2025-06-12 11:09:31] Unable to price invoice https://kabinet.dreamkas.ru/app/#!/documents/card~2F85304695
2025-06-12 11:09:31,553 - mainapp.logging_utils - INFO - [2025-06-12 11:09:31] Unable to price invoice https://kabinet.dreamkas.ru/app/#!/documents/card~2F85290915
2025-06-12 11:09:31,553 - mainapp.logging_utils - INFO - [2025-06-12 11:09:31] Unable to price invoice https://kabinet.dreamkas.ru/app/#!/documents/card~2F85276443
2025-06-12 11:09:31,554 - mainapp.logging_utils - INFO - [2025-06-12 11:09:31] Unable to price invoice https://kabinet.dreamkas.ru/app/#!/documents/card~2F85270714
2025-06-12 11:09:31,555 - mainapp.logging_utils - INFO - [2025-06-12 11:09:31] Unable to price invoice https://kabinet.dreamkas.ru/app/#!/documents/card~2F85270717
2025-06-12 11:09:31,556 - mainapp.logging_utils - INFO - [2025-06-12 11:09:31] Unable to price invoice https://kabinet.dreamkas.ru/app/#!/documents/card~2F85270718
2025-06-12 11:09:31,557 - mainapp.logging_utils - INFO - [2025-06-12 11:09:31] Unable to price invoice https://kabinet.dreamkas.ru/app/#!/documents/card~2F85270719
2025-06-12 11:09:31,557 - mainapp.logging_utils - INFO - [2025-06-12 11:09:31] Unable to price invoice https://kabinet.dreamkas.ru/app/#!/documents/card~2F85270371
2025-06-12 11:09:31,558 - mainapp.logging_utils - INFO - [2025-06-12 11:09:31] Unable to price invoice https://kabinet.dreamkas.ru/app/#!/documents/card~2F85270372
2025-06-12 11:09:31,559 - mainapp.logging_utils - INFO - [2025-06-12 11:09:31] Unable to price invoice https://kabinet.dreamkas.ru/app/#!/documents/card~2F85269024
2025-06-12 11:09:31,560 - mainapp.logging_utils - INFO - [2025-06-12 11:09:31] Unable to price invoice https://kabinet.dreamkas.ru/app/#!/documents/card~2F85268920
2025-06-12 11:09:31,561 - mainapp.logging_utils - INFO - [2025-06-12 11:09:31] Unable to price invoice https://kabinet.dreamkas.ru/app/#!/documents/card~2F85267568
2025-06-12 11:09:31,562 - mainapp.logging_utils - INFO - [2025-06-12 11:09:31] Unable to price invoice https://kabinet.dreamkas.ru/app/#!/documents/card~2F85217699
2025-06-12 11:09:31,563 - mainapp.logging_utils - INFO - [2025-06-12 11:09:31] Unable to price invoice https://kabinet.dreamkas.ru/app/#!/documents/card~2F85217701
2025-06-12 11:09:31,564 - mainapp.logging_utils - INFO - [2025-06-12 11:09:31] Unable to price invoice https://kabinet.dreamkas.ru/app/#!/documents/card~2F85215094
2025-06-12 11:09:31,565 - mainapp.logging_utils - INFO - [2025-06-12 11:09:31] Unable to price invoice https://kabinet.dreamkas.ru/app/#!/documents/card~2F85213079
2025-06-12 11:09:31,566 - mainapp.logging_utils - INFO - [2025-06-12 11:09:31] Unable to price invoice https://kabinet.dreamkas.ru/app/#!/documents/card~2F85187816
2025-06-12 11:09:31,567 - mainapp.logging_utils - INFO - [2025-06-12 11:09:31] Unable to price invoice https://kabinet.dreamkas.ru/app/#!/documents/card~2F85181123
2025-06-12 11:09:31,568 - mainapp.logging_utils - INFO - [2025-06-12 11:09:31] Unable to price invoice https://kabinet.dreamkas.ru/app/#!/documents/card~2F85176009
2025-06-12 11:09:31,568 - mainapp.logging_utils - INFO - [2025-06-12 11:09:31] Unable to price invoice https://kabinet.dreamkas.ru/app/#!/documents/card~2F85171924
2025-06-12 11:09:31,569 - mainapp.logging_utils - INFO - [2025-06-12 11:09:31] Unable to price invoice https://kabinet.dreamkas.ru/app/#!/documents/card~2F85144989
2025-06-12 11:09:31,570 - mainapp.logging_utils - INFO - [2025-06-12 11:09:31] Unable to price invoice https://kabinet.dreamkas.ru/app/#!/documents/card~2F85144410
2025-06-12 11:09:31,570 - mainapp.logging_utils - INFO - [2025-06-12 11:09:31] Unable to price invoice https://kabinet.dreamkas.ru/app/#!/documents/card~2F85136597
2025-06-12 11:09:31,571 - mainapp.logging_utils - INFO - [2025-06-12 11:09:31] Unable to price invoice https://kabinet.dreamkas.ru/app/#!/documents/card~2F85108654
2025-06-12 11:09:31,572 - mainapp.logging_utils - INFO - [2025-06-12 11:09:31] Unable to price invoice https://kabinet.dreamkas.ru/app/#!/documents/card~2F85107877
2025-06-12 11:09:31,572 - mainapp.logging_utils - INFO - [2025-06-12 11:09:31] Unable to price invoice https://kabinet.dreamkas.ru/app/#!/documents/card~2F85107875
2025-06-12 11:09:31,573 - mainapp.logging_utils - INFO - [2025-06-12 11:09:31] Unable to price invoice https://kabinet.dreamkas.ru/app/#!/documents/card~2F85107175
2025-06-12 11:09:31,573 - mainapp.logging_utils - INFO - [2025-06-12 11:09:31] Unable to price invoice https://kabinet.dreamkas.ru/app/#!/documents/card~2F85106762
2025-06-12 11:09:31,574 - mainapp.logging_utils - INFO - [2025-06-12 11:09:31] Unable to price invoice https://kabinet.dreamkas.ru/app/#!/documents/card~2F85106619
2025-06-12 11:09:31,575 - mainapp.logging_utils - INFO - [2025-06-12 11:09:31] Unable to price invoice https://kabinet.dreamkas.ru/app/#!/documents/card~2F85106372
2025-06-12 11:09:31,575 - mainapp.logging_utils - INFO - [2025-06-12 11:09:31] Unable to price invoice https://kabinet.dreamkas.ru/app/#!/documents/card~2F85105439
2025-06-12 11:09:31,576 - mainapp.logging_utils - INFO - [2025-06-12 11:09:31] Unable to price invoice https://kabinet.dreamkas.ru/app/#!/documents/card~2F85104371
2025-06-12 11:09:31,577 - mainapp.logging_utils - INFO - [2025-06-12 11:09:31] Unable to price invoice https://kabinet.dreamkas.ru/app/#!/documents/card~2F85104225
2025-06-12 11:09:31,578 - mainapp.logging_utils - INFO - [2025-06-12 11:09:31] Unable to price invoice https://kabinet.dreamkas.ru/app/#!/documents/card~2F85103992
2025-06-12 11:09:31,579 - mainapp.logging_utils - INFO - [2025-06-12 11:09:31] Unable to price invoice https://kabinet.dreamkas.ru/app/#!/documents/card~2F85103783
2025-06-12 11:09:31,580 - mainapp.logging_utils - INFO - [2025-06-12 11:09:31] Unable to price invoice https://kabinet.dreamkas.ru/app/#!/documents/card~2F85102424
2025-06-12 11:09:31,581 - mainapp.logging_utils - INFO - [2025-06-12 11:09:31] Unable to price invoice https://kabinet.dreamkas.ru/app/#!/documents/card~2F85102416
2025-06-12 11:09:31,582 - mainapp.logging_utils - INFO - [2025-06-12 11:09:31] Unable to price invoice https://kabinet.dreamkas.ru/app/#!/documents/card~2F85102418
2025-06-12 11:09:31,583 - mainapp.logging_utils - INFO - [2025-06-12 11:09:31] Unable to price invoice https://kabinet.dreamkas.ru/app/#!/documents/card~2F85101632
2025-06-12 11:09:31,584 - mainapp.logging_utils - INFO - [2025-06-12 11:09:31] Unable to price invoice https://kabinet.dreamkas.ru/app/#!/documents/card~2F85101472
2025-06-12 11:09:31,584 - mainapp.logging_utils - INFO - [2025-06-12 11:09:31] Unable to price invoice https://kabinet.dreamkas.ru/app/#!/documents/card~2F85101332
2025-06-12 11:09:31,585 - mainapp.logging_utils - INFO - [2025-06-12 11:09:31] Unable to price invoice https://kabinet.dreamkas.ru/app/#!/documents/card~2F85101191
2025-06-12 11:09:31,586 - mainapp.logging_utils - INFO - [2025-06-12 11:09:31] Unable to price invoice https://kabinet.dreamkas.ru/app/#!/documents/card~2F85100988
2025-06-12 11:09:31,587 - mainapp.logging_utils - INFO - [2025-06-12 11:09:31] Unable to price invoice https://kabinet.dreamkas.ru/app/#!/documents/card~2F85100628
2025-06-12 11:09:31,588 - mainapp.logging_utils - INFO - [2025-06-12 11:09:31] Unable to price invoice https://kabinet.dreamkas.ru/app/#!/documents/card~2F85095624
2025-06-12 11:09:31,588 - mainapp.logging_utils - INFO - [2025-06-12 11:09:31] Unable to price invoice https://kabinet.dreamkas.ru/app/#!/documents/card~2F85093402
2025-06-12 11:09:31,589 - mainapp.logging_utils - INFO - [2025-06-12 11:09:31] Unable to price invoice https://kabinet.dreamkas.ru/app/#!/documents/card~2F85091990
2025-06-12 11:09:31,590 - mainapp.logging_utils - INFO - [2025-06-12 11:09:31] Unable to price invoice https://kabinet.dreamkas.ru/app/#!/documents/card~2F85091643
2025-06-12 11:09:31,591 - mainapp.logging_utils - INFO - [2025-06-12 11:09:31] Unable to price invoice https://kabinet.dreamkas.ru/app/#!/documents/card~2F85089894
2025-06-12 11:09:31,592 - mainapp.logging_utils - INFO - [2025-06-12 11:09:31] Unable to price invoice https://kabinet.dreamkas.ru/app/#!/documents/card~2F85090096
2025-06-12 11:09:31,592 - mainapp.logging_utils - INFO - [2025-06-12 11:09:31] Unable to price invoice https://kabinet.dreamkas.ru/app/#!/documents/card~2F85089235
2025-06-12 11:09:31,593 - mainapp.logging_utils - INFO - [2025-06-12 11:09:31] Unable to price invoice https://kabinet.dreamkas.ru/app/#!/documents/card~2F85087612
2025-06-12 11:09:31,594 - mainapp.logging_utils - INFO - [2025-06-12 11:09:31] Unable to price invoice https://kabinet.dreamkas.ru/app/#!/documents/card~2F85084230
2025-06-12 11:09:31,595 - mainapp.logging_utils - INFO - [2025-06-12 11:09:31] Unable to price invoice https://kabinet.dreamkas.ru/app/#!/documents/card~2F85083707
2025-06-12 11:09:31,596 - mainapp.logging_utils - INFO - [2025-06-12 11:09:31] Unable to price invoice https://kabinet.dreamkas.ru/app/#!/documents/card~2F85083186
2025-06-12 11:09:31,597 - mainapp.logging_utils - INFO - [2025-06-12 11:09:31] Unable to price invoice https://kabinet.dreamkas.ru/app/#!/documents/card~2F85080485
2025-06-12 11:09:31,598 - mainapp.logging_utils - INFO - [2025-06-12 11:09:31] Unable to price invoice https://kabinet.dreamkas.ru/app/#!/documents/card~2F85063395
2025-06-12 11:09:31,599 - mainapp.logging_utils - INFO - [2025-06-12 11:09:31] Unable to price invoice https://kabinet.dreamkas.ru/app/#!/documents/card~2F85062967
2025-06-12 11:09:31,600 - mainapp.logging_utils - INFO - [2025-06-12 11:09:31] Unable to price invoice https://kabinet.dreamkas.ru/app/#!/documents/card~2F85054410
2025-06-12 11:09:31,601 - mainapp.logging_utils - INFO - [2025-06-12 11:09:31] Unable to price invoice https://kabinet.dreamkas.ru/app/#!/documents/card~2F85054325
2025-06-12 11:09:31,602 - mainapp.logging_utils - INFO - [2025-06-12 11:09:31] Unable to price invoice https://kabinet.dreamkas.ru/app/#!/documents/card~2F85054155
2025-06-12 11:09:31,602 - mainapp.logging_utils - INFO - [2025-06-12 11:09:31] Unable to price invoice https://kabinet.dreamkas.ru/app/#!/documents/card~2F85054050
2025-06-12 11:09:31,603 - mainapp.logging_utils - INFO - [2025-06-12 11:09:31] Unable to price invoice https://kabinet.dreamkas.ru/app/#!/documents/card~2F85037494
2025-06-12 11:09:31,604 - mainapp.logging_utils - INFO - [2025-06-12 11:09:31] Unable to price invoice https://kabinet.dreamkas.ru/app/#!/documents/card~2F85052949
2025-06-12 11:09:31,604 - mainapp.logging_utils - INFO - [2025-06-12 11:09:31] Unable to price invoice https://kabinet.dreamkas.ru/app/#!/documents/card~2F85052806
2025-06-12 11:09:31,605 - mainapp.logging_utils - INFO - [2025-06-12 11:09:31] Unable to price invoice https://kabinet.dreamkas.ru/app/#!/documents/card~2F85046678
2025-06-12 11:09:31,606 - mainapp.logging_utils - INFO - [2025-06-12 11:09:31] Unable to price invoice https://kabinet.dreamkas.ru/app/#!/documents/card~2F85044849
2025-06-12 11:09:31,606 - mainapp.logging_utils - INFO - [2025-06-12 11:09:31] Unable to price invoice https://kabinet.dreamkas.ru/app/#!/documents/card~2F85043168
2025-06-12 11:09:31,607 - mainapp.logging_utils - INFO - [2025-06-12 11:09:31] Unable to price invoice https://kabinet.dreamkas.ru/app/#!/documents/card~2F85037480
2025-06-12 11:09:31,608 - mainapp.logging_utils - INFO - [2025-06-12 11:09:31] Unable to price invoice https://kabinet.dreamkas.ru/app/#!/documents/card~2F85038069
2025-06-12 11:09:31,608 - mainapp.logging_utils - INFO - [2025-06-12 11:09:31] Unable to price invoice https://kabinet.dreamkas.ru/app/#!/documents/card~2F85037478
2025-06-12 11:09:31,609 - mainapp.logging_utils - INFO - [2025-06-12 11:09:31] Unable to price invoice https://kabinet.dreamkas.ru/app/#!/documents/card~2F85037194
2025-06-12 11:09:31,610 - mainapp.logging_utils - INFO - [2025-06-12 11:09:31] Unable to price invoice https://kabinet.dreamkas.ru/app/#!/documents/card~2F85036828
2025-06-12 11:09:31,612 - mainapp.logging_utils - INFO - [2025-06-12 11:09:31] Unable to price invoice https://kabinet.dreamkas.ru/app/#!/documents/card~2F85037007
2025-06-12 11:09:31,613 - mainapp.logging_utils - INFO - [2025-06-12 11:09:31] Unable to price invoice https://kabinet.dreamkas.ru/app/#!/documents/card~2F85036840
2025-06-12 11:09:31,614 - mainapp.logging_utils - INFO - [2025-06-12 11:09:31] Unable to price invoice https://kabinet.dreamkas.ru/app/#!/documents/card~2F85035636
2025-06-12 11:09:31,615 - mainapp.logging_utils - INFO - [2025-06-12 11:09:31] Unable to price invoice https://kabinet.dreamkas.ru/app/#!/documents/card~2F85035203
2025-06-12 11:09:31,616 - mainapp.logging_utils - INFO - [2025-06-12 11:09:31] Unable to price invoice https://kabinet.dreamkas.ru/app/#!/documents/card~2F85034879
2025-06-12 11:09:31,616 - mainapp.logging_utils - INFO - [2025-06-12 11:09:31] Unable to price invoice https://kabinet.dreamkas.ru/app/#!/documents/card~2F85034437
2025-06-12 11:09:31,617 - mainapp.logging_utils - INFO - [2025-06-12 11:09:31] Unable to price invoice https://kabinet.dreamkas.ru/app/#!/documents/card~2F85034280
2025-06-12 11:09:31,618 - mainapp.logging_utils - INFO - [2025-06-12 11:09:31] Unable to price invoice https://kabinet.dreamkas.ru/app/#!/documents/card~2F85034172
2025-06-12 11:09:31,619 - mainapp.logging_utils - INFO - [2025-06-12 11:09:31] Unable to price invoice https://kabinet.dreamkas.ru/app/#!/documents/card~2F85034096
2025-06-12 11:09:31,620 - mainapp.logging_utils - INFO - [2025-06-12 11:09:31] Unable to price invoice https://kabinet.dreamkas.ru/app/#!/documents/card~2F85032704
2025-06-12 11:09:31,620 - mainapp.logging_utils - INFO - [2025-06-12 11:09:31] Unable to price invoice https://kabinet.dreamkas.ru/app/#!/documents/card~2F85031105
2025-06-12 11:09:31,621 - mainapp.logging_utils - INFO - [2025-06-12 11:09:31] Unable to price invoice https://kabinet.dreamkas.ru/app/#!/documents/card~2F85031110
2025-06-12 11:09:31,622 - mainapp.logging_utils - INFO - [2025-06-12 11:09:31] Unable to price invoice https://kabinet.dreamkas.ru/app/#!/documents/card~2F85015895
2025-06-12 11:09:31,622 - mainapp.logging_utils - INFO - [2025-06-12 11:09:31] Unable to price invoice https://kabinet.dreamkas.ru/app/#!/documents/card~2F85015896
2025-06-12 11:09:31,623 - mainapp.logging_utils - INFO - [2025-06-12 11:09:31] Unable to price invoice https://kabinet.dreamkas.ru/app/#!/documents/card~2F85015897
2025-06-12 11:09:31,624 - mainapp.logging_utils - INFO - [2025-06-12 11:09:31] Unable to price invoice https://kabinet.dreamkas.ru/app/#!/documents/card~2F85015899
2025-06-12 11:09:31,624 - mainapp.logging_utils - INFO - [2025-06-12 11:09:31] Unable to price invoice https://kabinet.dreamkas.ru/app/#!/documents/card~2F85015193
2025-06-12 11:09:31,625 - mainapp.logging_utils - INFO - [2025-06-12 11:09:31] Unable to price invoice https://kabinet.dreamkas.ru/app/#!/documents/card~2F85014886
2025-06-12 11:09:31,625 - mainapp.logging_utils - INFO - [2025-06-12 11:09:31] Unable to price invoice https://kabinet.dreamkas.ru/app/#!/documents/card~2F85014888
2025-06-12 11:09:31,626 - mainapp.logging_utils - INFO - [2025-06-12 11:09:31] Unable to price invoice https://kabinet.dreamkas.ru/app/#!/documents/card~2F85014890
2025-06-12 11:09:31,627 - mainapp.logging_utils - INFO - [2025-06-12 11:09:31] Unable to price invoice https://kabinet.dreamkas.ru/app/#!/documents/card~2F85014892
2025-06-12 11:09:31,628 - mainapp.logging_utils - INFO - [2025-06-12 11:09:31] Unable to price invoice https://kabinet.dreamkas.ru/app/#!/documents/card~2F85014683
2025-06-12 11:09:31,629 - mainapp.logging_utils - INFO - [2025-06-12 11:09:31] Unable to price invoice https://kabinet.dreamkas.ru/app/#!/documents/card~2F85014454
2025-06-12 11:09:31,630 - mainapp.logging_utils - INFO - [2025-06-12 11:09:31] Unable to price invoice https://kabinet.dreamkas.ru/app/#!/documents/card~2F85013339
2025-06-12 11:09:31,631 - mainapp.logging_utils - INFO - [2025-06-12 11:09:31] Unable to price invoice https://kabinet.dreamkas.ru/app/#!/documents/card~2F85012298
2025-06-12 11:09:31,631 - mainapp.logging_utils - INFO - [2025-06-12 11:09:31] Unable to price invoice https://kabinet.dreamkas.ru/app/#!/documents/card~2F85011901
2025-06-12 11:09:31,632 - mainapp.logging_utils - INFO - [2025-06-12 11:09:31] Unable to price invoice https://kabinet.dreamkas.ru/app/#!/documents/card~2F85008804
2025-06-12 11:09:31,633 - mainapp.logging_utils - INFO - [2025-06-12 11:09:31] Unable to price invoice https://kabinet.dreamkas.ru/app/#!/documents/card~2F85008200
2025-06-12 11:09:31,633 - mainapp.logging_utils - INFO - [2025-06-12 11:09:31] Unable to price invoice https://kabinet.dreamkas.ru/app/#!/documents/card~2F85007408
2025-06-12 11:09:31,634 - mainapp.logging_utils - INFO - [2025-06-12 11:09:31] Unable to price invoice https://kabinet.dreamkas.ru/app/#!/documents/card~2F85006152
2025-06-12 11:09:31,635 - mainapp.logging_utils - INFO - [2025-06-12 11:09:31] Unable to price invoice https://kabinet.dreamkas.ru/app/#!/documents/card~2F85006146
2025-06-12 11:09:31,636 - mainapp.logging_utils - INFO - [2025-06-12 11:09:31] Unable to price invoice https://kabinet.dreamkas.ru/app/#!/documents/card~2F85005861
2025-06-12 11:09:31,637 - mainapp.logging_utils - INFO - [2025-06-12 11:09:31] Unable to price invoice https://kabinet.dreamkas.ru/app/#!/documents/card~2F85005862
2025-06-12 11:09:31,638 - mainapp.logging_utils - INFO - [2025-06-12 11:09:31] Unable to price invoice https://kabinet.dreamkas.ru/app/#!/documents/card~2F85004853
2025-06-12 11:09:31,640 - mainapp.logging_utils - INFO - [2025-06-12 11:09:31] Unable to price invoice https://kabinet.dreamkas.ru/app/#!/documents/card~2F85004426
2025-06-12 11:09:31,640 - mainapp.logging_utils - INFO - [2025-06-12 11:09:31] Unable to price invoice https://kabinet.dreamkas.ru/app/#!/documents/card~2F85003565
2025-06-12 11:09:31,641 - mainapp.logging_utils - INFO - [2025-06-12 11:09:31] Unable to price invoice https://kabinet.dreamkas.ru/app/#!/documents/card~2F85001199
2025-06-12 11:09:31,642 - mainapp.logging_utils - INFO - [2025-06-12 11:09:31] Unable to price invoice https://kabinet.dreamkas.ru/app/#!/documents/card~2F85000306
2025-06-12 11:09:31,642 - mainapp.logging_utils - INFO - [2025-06-12 11:09:31] Unable to price invoice https://kabinet.dreamkas.ru/app/#!/documents/card~2F84999499
2025-06-12 11:09:31,643 - mainapp.logging_utils - INFO - [2025-06-12 11:09:31] Unable to price invoice https://kabinet.dreamkas.ru/app/#!/documents/card~2F84996068
2025-06-12 11:09:31,645 - mainapp.logging_utils - INFO - [2025-06-12 11:09:31] Unable to price invoice https://kabinet.dreamkas.ru/app/#!/documents/card~2F84977329
2025-06-12 11:09:31,646 - mainapp.logging_utils - INFO - [2025-06-12 11:09:31] Unable to price invoice https://kabinet.dreamkas.ru/app/#!/documents/card~2F84975981
2025-06-12 11:09:31,647 - mainapp.logging_utils - INFO - [2025-06-12 11:09:31] Unable to price invoice https://kabinet.dreamkas.ru/app/#!/documents/card~2F84973083
2025-06-12 11:09:31,648 - mainapp.logging_utils - INFO - [2025-06-12 11:09:31] Unable to price invoice https://kabinet.dreamkas.ru/app/#!/documents/card~2F84973082
2025-06-12 11:09:31,649 - mainapp.logging_utils - INFO - [2025-06-12 11:09:31] Unable to price invoice https://kabinet.dreamkas.ru/app/#!/documents/card~2F84958820
2025-06-12 11:09:31,650 - mainapp.logging_utils - INFO - [2025-06-12 11:09:31] Unable to price invoice https://kabinet.dreamkas.ru/app/#!/documents/card~2F84958099
2025-06-12 11:09:31,651 - mainapp.logging_utils - INFO - [2025-06-12 11:09:31] Unable to price invoice https://kabinet.dreamkas.ru/app/#!/documents/card~2F84958101
2025-06-12 11:09:31,651 - mainapp.logging_utils - INFO - [2025-06-12 11:09:31] Unable to price invoice https://kabinet.dreamkas.ru/app/#!/documents/card~2F84957642
2025-06-12 11:09:31,652 - mainapp.logging_utils - INFO - [2025-06-12 11:09:31] Unable to price invoice https://kabinet.dreamkas.ru/app/#!/documents/card~2F84957427
2025-06-12 11:09:31,653 - mainapp.logging_utils - INFO - [2025-06-12 11:09:31] Unable to price invoice https://kabinet.dreamkas.ru/app/#!/documents/card~2F84957476
2025-06-12 11:09:31,653 - mainapp.logging_utils - INFO - [2025-06-12 11:09:31] Unable to price invoice https://kabinet.dreamkas.ru/app/#!/documents/card~2F84957402
2025-06-12 11:09:31,654 - mainapp.logging_utils - INFO - [2025-06-12 11:09:31] Unable to price invoice https://kabinet.dreamkas.ru/app/#!/documents/card~2F84957321
2025-06-12 11:09:31,654 - mainapp.logging_utils - INFO - [2025-06-12 11:09:31] Unable to price invoice https://kabinet.dreamkas.ru/app/#!/documents/card~2F84957336
2025-06-12 11:09:31,655 - mainapp.logging_utils - INFO - [2025-06-12 11:09:31] Unable to price invoice https://kabinet.dreamkas.ru/app/#!/documents/card~2F84956904
2025-06-12 11:09:31,656 - mainapp.logging_utils - INFO - [2025-06-12 11:09:31] Unable to price invoice https://kabinet.dreamkas.ru/app/#!/documents/card~2F84956811
2025-06-12 11:09:31,656 - mainapp.logging_utils - INFO - [2025-06-12 11:09:31] Unable to price invoice https://kabinet.dreamkas.ru/app/#!/documents/card~2F84956810
2025-06-12 11:09:31,657 - mainapp.logging_utils - INFO - [2025-06-12 11:09:31] Unable to price invoice https://kabinet.dreamkas.ru/app/#!/documents/card~2F84956615
2025-06-12 11:09:31,658 - mainapp.logging_utils - INFO - [2025-06-12 11:09:31] Unable to price invoice https://kabinet.dreamkas.ru/app/#!/documents/card~2F84955839
2025-06-12 11:09:31,659 - mainapp.logging_utils - INFO - [2025-06-12 11:09:31] Unable to price invoice https://kabinet.dreamkas.ru/app/#!/documents/card~2F84955662
2025-06-12 11:09:31,659 - mainapp.logging_utils - INFO - [2025-06-12 11:09:31] Unable to price invoice https://kabinet.dreamkas.ru/app/#!/documents/card~2F84955564
2025-06-12 11:09:31,661 - mainapp.logging_utils - INFO - [2025-06-12 11:09:31] Unable to price invoice https://kabinet.dreamkas.ru/app/#!/documents/card~2F84954329
2025-06-12 11:09:31,662 - mainapp.logging_utils - INFO - [2025-06-12 11:09:31] Unable to price invoice https://kabinet.dreamkas.ru/app/#!/documents/card~2F84954011
2025-06-12 11:09:31,662 - mainapp.logging_utils - INFO - [2025-06-12 11:09:31] Unable to price invoice https://kabinet.dreamkas.ru/app/#!/documents/card~2F84953840
2025-06-12 11:09:31,663 - mainapp.logging_utils - INFO - [2025-06-12 11:09:31] Unable to price invoice https://kabinet.dreamkas.ru/app/#!/documents/card~2F84953661
2025-06-12 11:09:31,664 - mainapp.logging_utils - INFO - [2025-06-12 11:09:31] Unable to price invoice https://kabinet.dreamkas.ru/app/#!/documents/card~2F84953640
2025-06-12 11:09:31,665 - mainapp.logging_utils - INFO - [2025-06-12 11:09:31] Unable to price invoice https://kabinet.dreamkas.ru/app/#!/documents/card~2F84953551
2025-06-12 11:09:31,666 - mainapp.logging_utils - INFO - [2025-06-12 11:09:31] Unable to price invoice https://kabinet.dreamkas.ru/app/#!/documents/card~2F84953348
2025-06-12 11:09:31,667 - mainapp.logging_utils - INFO - [2025-06-12 11:09:31] Unable to price invoice https://kabinet.dreamkas.ru/app/#!/documents/card~2F84953062
2025-06-12 11:09:31,668 - mainapp.logging_utils - INFO - [2025-06-12 11:09:31] Unable to price invoice https://kabinet.dreamkas.ru/app/#!/documents/card~2F84952899
2025-06-12 11:09:31,669 - mainapp.logging_utils - INFO - [2025-06-12 11:09:31] Unable to price invoice https://kabinet.dreamkas.ru/app/#!/documents/card~2F84952569
2025-06-12 11:09:31,670 - mainapp.logging_utils - INFO - [2025-06-12 11:09:31] Unable to price invoice https://kabinet.dreamkas.ru/app/#!/documents/card~2F84952202
2025-06-12 11:09:31,671 - mainapp.logging_utils - INFO - [2025-06-12 11:09:31] Unable to price invoice https://kabinet.dreamkas.ru/app/#!/documents/card~2F84952132
2025-06-12 11:09:31,672 - mainapp.logging_utils - INFO - [2025-06-12 11:09:31] Unable to price invoice https://kabinet.dreamkas.ru/app/#!/documents/card~2F84951543
2025-06-12 11:09:31,672 - mainapp.logging_utils - INFO - [2025-06-12 11:09:31] Unable to price invoice https://kabinet.dreamkas.ru/app/#!/documents/card~2F84951099
2025-06-12 11:09:31,673 - mainapp.logging_utils - INFO - [2025-06-12 11:09:31] Unable to price invoice https://kabinet.dreamkas.ru/app/#!/documents/card~2F84948313
2025-06-12 11:09:31,674 - mainapp.logging_utils - INFO - [2025-06-12 11:09:31] Unable to price invoice https://kabinet.dreamkas.ru/app/#!/documents/card~2F84948308
2025-06-12 11:09:31,675 - mainapp.logging_utils - INFO - [2025-06-12 11:09:31] Unable to price invoice https://kabinet.dreamkas.ru/app/#!/documents/card~2F84950194
2025-06-12 11:09:31,675 - mainapp.logging_utils - INFO - [2025-06-12 11:09:31] Unable to price invoice https://kabinet.dreamkas.ru/app/#!/documents/card~2F84950105
2025-06-12 11:09:31,676 - mainapp.logging_utils - INFO - [2025-06-12 11:09:31] Unable to price invoice https://kabinet.dreamkas.ru/app/#!/documents/card~2F84949867
2025-06-12 11:09:31,677 - mainapp.logging_utils - INFO - [2025-06-12 11:09:31] Unable to price invoice https://kabinet.dreamkas.ru/app/#!/documents/card~2F84949306
2025-06-12 11:09:31,678 - mainapp.logging_utils - INFO - [2025-06-12 11:09:31] Unable to price invoice https://kabinet.dreamkas.ru/app/#!/documents/card~2F84947671
2025-06-12 11:09:31,679 - mainapp.logging_utils - INFO - [2025-06-12 11:09:31] Unable to price invoice https://kabinet.dreamkas.ru/app/#!/documents/card~2F84948506
2025-06-12 11:09:31,680 - mainapp.logging_utils - INFO - [2025-06-12 11:09:31] Unable to price invoice https://kabinet.dreamkas.ru/app/#!/documents/card~2F84947873
2025-06-12 11:09:31,681 - mainapp.logging_utils - INFO - [2025-06-12 11:09:31] Unable to price invoice https://kabinet.dreamkas.ru/app/#!/documents/card~2F84947780
2025-06-12 11:09:31,682 - mainapp.logging_utils - INFO - [2025-06-12 11:09:31] Unable to price invoice https://kabinet.dreamkas.ru/app/#!/documents/card~2F84947534
2025-06-12 11:09:31,683 - mainapp.logging_utils - INFO - [2025-06-12 11:09:31] Unable to price invoice https://kabinet.dreamkas.ru/app/#!/documents/card~2F84946675
2025-06-12 11:09:31,684 - mainapp.logging_utils - INFO - [2025-06-12 11:09:31] Unable to price invoice https://kabinet.dreamkas.ru/app/#!/documents/card~2F84943562
2025-06-12 11:09:31,685 - mainapp.logging_utils - INFO - [2025-06-12 11:09:31] Unable to price invoice https://kabinet.dreamkas.ru/app/#!/documents/card~2F84943131
2025-06-12 11:09:31,685 - mainapp.logging_utils - INFO - [2025-06-12 11:09:31] Unable to price invoice https://kabinet.dreamkas.ru/app/#!/documents/card~2F84943124
2025-06-12 11:09:31,686 - mainapp.logging_utils - INFO - [2025-06-12 11:09:31] Unable to price invoice https://kabinet.dreamkas.ru/app/#!/documents/card~2F84927431
2025-06-12 11:09:31,687 - mainapp.logging_utils - INFO - [2025-06-12 11:09:31] Unable to price invoice https://kabinet.dreamkas.ru/app/#!/documents/card~2F84926392
2025-06-12 11:09:31,688 - mainapp.logging_utils - INFO - [2025-06-12 11:09:31] Unable to price invoice https://kabinet.dreamkas.ru/app/#!/documents/card~2F84926018
2025-06-12 11:09:31,688 - mainapp.logging_utils - INFO - [2025-06-12 11:09:31] Unable to price invoice https://kabinet.dreamkas.ru/app/#!/documents/card~2F84925690
2025-06-12 11:09:31,689 - mainapp.logging_utils - INFO - [2025-06-12 11:09:31] Unable to price invoice https://kabinet.dreamkas.ru/app/#!/documents/card~2F84925567
2025-06-12 11:09:31,690 - mainapp.logging_utils - INFO - [2025-06-12 11:09:31] Unable to price invoice https://kabinet.dreamkas.ru/app/#!/documents/card~2F84925342
2025-06-12 11:09:31,690 - mainapp.logging_utils - INFO - [2025-06-12 11:09:31] Unable to price invoice https://kabinet.dreamkas.ru/app/#!/documents/card~2F84925031
2025-06-12 11:09:31,691 - mainapp.logging_utils - INFO - [2025-06-12 11:09:31] Unable to price invoice https://kabinet.dreamkas.ru/app/#!/documents/card~2F84924145
2025-06-12 11:09:31,692 - mainapp.logging_utils - INFO - [2025-06-12 11:09:31] Unable to price invoice https://kabinet.dreamkas.ru/app/#!/documents/card~2F84924150
2025-06-12 11:09:31,692 - mainapp.logging_utils - INFO - [2025-06-12 11:09:31] Unable to price invoice https://kabinet.dreamkas.ru/app/#!/documents/card~2F84924152
2025-06-12 11:09:31,693 - mainapp.logging_utils - INFO - [2025-06-12 11:09:31] Unable to price invoice https://kabinet.dreamkas.ru/app/#!/documents/card~2F84922905
2025-06-12 11:09:31,694 - mainapp.logging_utils - INFO - [2025-06-12 11:09:31] Unable to price invoice https://kabinet.dreamkas.ru/app/#!/documents/card~2F84920450
2025-06-12 11:09:31,695 - mainapp.logging_utils - INFO - [2025-06-12 11:09:31] Unable to price invoice https://kabinet.dreamkas.ru/app/#!/documents/card~2F84919815
2025-06-12 11:09:31,697 - mainapp.logging_utils - INFO - [2025-06-12 11:09:31] Unable to price invoice https://kabinet.dreamkas.ru/app/#!/documents/card~2F84918051
2025-06-12 11:09:31,698 - mainapp.logging_utils - INFO - [2025-06-12 11:09:31] Unable to price invoice https://kabinet.dreamkas.ru/app/#!/documents/card~2F84918892
2025-06-12 11:09:31,699 - mainapp.logging_utils - INFO - [2025-06-12 11:09:31] Unable to price invoice https://kabinet.dreamkas.ru/app/#!/documents/card~2F84918205
2025-06-12 11:09:31,700 - mainapp.logging_utils - INFO - [2025-06-12 11:09:31] Unable to price invoice https://kabinet.dreamkas.ru/app/#!/documents/card~2F84917588
2025-06-12 11:09:31,701 - mainapp.logging_utils - INFO - [2025-06-12 11:09:31] Unable to price invoice https://kabinet.dreamkas.ru/app/#!/documents/card~2F84916059
2025-06-12 11:09:31,748 - mainapp.logging_utils - INFO - [2025-06-12 11:09:31] Unable to price invoice https://kabinet.dreamkas.ru/app/#!/documents/card~2F84915712
2025-06-12 11:09:31,773 - mainapp.logging_utils - INFO - [2025-06-12 11:09:31] Unable to price invoice https://kabinet.dreamkas.ru/app/#!/documents/card~2F84915493
2025-06-12 11:09:31,774 - mainapp.logging_utils - INFO - [2025-06-12 11:09:31] Unable to price invoice https://kabinet.dreamkas.ru/app/#!/documents/card~2F84912965
2025-06-12 11:09:31,775 - mainapp.logging_utils - INFO - [2025-06-12 11:09:31] Unable to price invoice https://kabinet.dreamkas.ru/app/#!/documents/card~2F84912822
2025-06-12 11:09:31,776 - mainapp.logging_utils - INFO - [2025-06-12 11:09:31] Unable to price invoice https://kabinet.dreamkas.ru/app/#!/documents/card~2F84912140
2025-06-12 11:09:31,777 - mainapp.logging_utils - INFO - [2025-06-12 11:09:31] Unable to price invoice https://kabinet.dreamkas.ru/app/#!/documents/card~2F84911633
2025-06-12 11:09:31,778 - mainapp.logging_utils - INFO - [2025-06-12 11:09:31] Unable to price invoice https://kabinet.dreamkas.ru/app/#!/documents/card~2F84911530
2025-06-12 11:09:31,779 - mainapp.logging_utils - INFO - [2025-06-12 11:09:31] Unable to price invoice https://kabinet.dreamkas.ru/app/#!/documents/card~2F84908753
2025-06-12 11:09:31,780 - mainapp.logging_utils - INFO - [2025-06-12 11:09:31] Unable to price invoice https://kabinet.dreamkas.ru/app/#!/documents/card~2F84899544
2025-06-12 11:09:31,781 - mainapp.logging_utils - INFO - [2025-06-12 11:09:31] Unable to price invoice https://kabinet.dreamkas.ru/app/#!/documents/card~2F84898604
2025-06-12 11:09:31,782 - mainapp.logging_utils - INFO - [2025-06-12 11:09:31] Unable to price invoice https://kabinet.dreamkas.ru/app/#!/documents/card~2F84893903
2025-06-12 11:09:31,783 - mainapp.logging_utils - INFO - [2025-06-12 11:09:31] Unable to price invoice https://kabinet.dreamkas.ru/app/#!/documents/card~2F84893437
2025-06-12 11:09:31,784 - mainapp.logging_utils - INFO - [2025-06-12 11:09:31] Unable to price invoice https://kabinet.dreamkas.ru/app/#!/documents/card~2F84893435
2025-06-12 11:09:31,785 - mainapp.logging_utils - INFO - [2025-06-12 11:09:31] Unable to price invoice https://kabinet.dreamkas.ru/app/#!/documents/card~2F84892295
2025-06-12 11:09:31,785 - mainapp.logging_utils - INFO - [2025-06-12 11:09:31] Unable to price invoice https://kabinet.dreamkas.ru/app/#!/documents/card~2F84875397
2025-06-12 11:09:31,786 - mainapp.logging_utils - INFO - [2025-06-12 11:09:31] Unable to price invoice https://kabinet.dreamkas.ru/app/#!/documents/card~2F84865021
2025-06-12 11:09:31,787 - mainapp.logging_utils - INFO - [2025-06-12 11:09:31] Unable to price invoice https://kabinet.dreamkas.ru/app/#!/documents/card~2F84872664
2025-06-12 11:09:31,788 - mainapp.logging_utils - INFO - [2025-06-12 11:09:31] Unable to price invoice https://kabinet.dreamkas.ru/app/#!/documents/card~2F84871592
2025-06-12 11:09:31,789 - mainapp.logging_utils - INFO - [2025-06-12 11:09:31] Unable to price invoice https://kabinet.dreamkas.ru/app/#!/documents/card~2F84870841
2025-06-12 11:09:31,790 - mainapp.logging_utils - INFO - [2025-06-12 11:09:31] Unable to price invoice https://kabinet.dreamkas.ru/app/#!/documents/card~2F84867416
2025-06-12 11:09:31,791 - mainapp.logging_utils - INFO - [2025-06-12 11:09:31] Unable to price invoice https://kabinet.dreamkas.ru/app/#!/documents/card~2F84869615
2025-06-12 11:09:31,792 - mainapp.logging_utils - INFO - [2025-06-12 11:09:31] Unable to price invoice https://kabinet.dreamkas.ru/app/#!/documents/card~2F84869416
2025-06-12 11:09:31,793 - mainapp.logging_utils - INFO - [2025-06-12 11:09:31] Unable to price invoice https://kabinet.dreamkas.ru/app/#!/documents/card~2F84867064
2025-06-12 11:09:31,794 - mainapp.logging_utils - INFO - [2025-06-12 11:09:31] Unable to price invoice https://kabinet.dreamkas.ru/app/#!/documents/card~2F84866681
2025-06-12 11:09:31,795 - mainapp.logging_utils - INFO - [2025-06-12 11:09:31] Unable to price invoice https://kabinet.dreamkas.ru/app/#!/documents/card~2F84863453
2025-06-12 11:09:31,796 - mainapp.logging_utils - INFO - [2025-06-12 11:09:31] Unable to price invoice https://kabinet.dreamkas.ru/app/#!/documents/card~2F84862843
2025-06-12 11:09:31,798 - mainapp.logging_utils - INFO - [2025-06-12 11:09:31] Unable to price invoice https://kabinet.dreamkas.ru/app/#!/documents/card~2F84862243
2025-06-12 11:09:31,802 - mainapp.logging_utils - INFO - [2025-06-12 11:09:31] Unable to price invoice https://kabinet.dreamkas.ru/app/#!/documents/card~2F84862359
2025-06-12 11:09:31,806 - mainapp.logging_utils - INFO - [2025-06-12 11:09:31] Unable to price invoice https://kabinet.dreamkas.ru/app/#!/documents/card~2F84838701
2025-06-12 11:09:31,809 - mainapp.logging_utils - INFO - [2025-06-12 11:09:31] Unable to price invoice https://kabinet.dreamkas.ru/app/#!/documents/card~2F84838699
2025-06-12 11:09:31,811 - mainapp.logging_utils - INFO - [2025-06-12 11:09:31] Unable to price invoice https://kabinet.dreamkas.ru/app/#!/documents/card~2F84861241
2025-06-12 11:09:31,813 - mainapp.logging_utils - INFO - [2025-06-12 11:09:31] Unable to price invoice https://kabinet.dreamkas.ru/app/#!/documents/card~2F84858256
2025-06-12 11:09:31,814 - mainapp.logging_utils - INFO - [2025-06-12 11:09:31] Unable to price invoice https://kabinet.dreamkas.ru/app/#!/documents/card~2F84856943
2025-06-12 11:09:31,814 - mainapp.logging_utils - INFO - [2025-06-12 11:09:31] Unable to price invoice https://kabinet.dreamkas.ru/app/#!/documents/card~2F84855391
2025-06-12 11:09:31,815 - mainapp.logging_utils - INFO - [2025-06-12 11:09:31] Unable to price invoice https://kabinet.dreamkas.ru/app/#!/documents/card~2F84854990
2025-06-12 11:09:31,816 - mainapp.logging_utils - INFO - [2025-06-12 11:09:31] Unable to price invoice https://kabinet.dreamkas.ru/app/#!/documents/card~2F84854829
2025-06-12 11:09:31,816 - mainapp.logging_utils - INFO - [2025-06-12 11:09:31] Unable to price invoice https://kabinet.dreamkas.ru/app/#!/documents/card~2F84850733
2025-06-12 11:09:31,817 - mainapp.logging_utils - INFO - [2025-06-12 11:09:31] Unable to price invoice https://kabinet.dreamkas.ru/app/#!/documents/card~2F84853140
2025-06-12 11:09:31,818 - mainapp.logging_utils - INFO - [2025-06-12 11:09:31] Unable to price invoice https://kabinet.dreamkas.ru/app/#!/documents/card~2F84841066
2025-06-12 11:09:31,819 - mainapp.logging_utils - INFO - [2025-06-12 11:09:31] Unable to price invoice https://kabinet.dreamkas.ru/app/#!/documents/card~2F84840924
2025-06-12 11:09:31,819 - mainapp.logging_utils - INFO - [2025-06-12 11:09:31] Unable to price invoice https://kabinet.dreamkas.ru/app/#!/documents/card~2F86357544
2025-06-12 11:09:31,820 - mainapp.logging_utils - INFO - [2025-06-12 11:09:31] Unable to price invoice https://kabinet.dreamkas.ru/app/#!/documents/card~2F86361445
2025-06-12 11:09:31,821 - mainapp.logging_utils - INFO - [2025-06-12 11:09:31] Unable to price invoice https://kabinet.dreamkas.ru/app/#!/documents/card~2F86362157
2025-06-12 11:09:31,821 - mainapp.logging_utils - INFO - [2025-06-12 11:09:31] Unable to price invoice https://kabinet.dreamkas.ru/app/#!/documents/card~2F86362156
2025-06-12 11:09:31,822 - mainapp.logging_utils - INFO - [2025-06-12 11:09:31] Unable to price invoice https://kabinet.dreamkas.ru/app/#!/documents/card~2F86362155
2025-06-12 11:09:31,823 - mainapp.logging_utils - INFO - [2025-06-12 11:09:31] Unable to price invoice https://kabinet.dreamkas.ru/app/#!/documents/card~2F86364437
2025-06-12 11:09:31,823 - mainapp.logging_utils - INFO - [2025-06-12 11:09:31] Unable to price invoice https://kabinet.dreamkas.ru/app/#!/documents/card~2F86364276
2025-06-12 11:09:31,824 - mainapp.logging_utils - INFO - [2025-06-12 11:09:31] Unable to price invoice https://kabinet.dreamkas.ru/app/#!/documents/card~2F86364247
2025-06-12 11:09:31,825 - mainapp.logging_utils - INFO - [2025-06-12 11:09:31] Unable to price invoice https://kabinet.dreamkas.ru/app/#!/documents/card~2F86364080
2025-06-12 11:09:31,826 - mainapp.logging_utils - INFO - [2025-06-12 11:09:31] Unable to price invoice https://kabinet.dreamkas.ru/app/#!/documents/card~2F86363907
2025-06-12 11:09:31,826 - mainapp.logging_utils - INFO - [2025-06-12 11:09:31] Unable to price invoice https://kabinet.dreamkas.ru/app/#!/documents/card~2F86363861
2025-06-12 11:09:31,828 - mainapp.logging_utils - INFO - [2025-06-12 11:09:31] Unable to price invoice https://kabinet.dreamkas.ru/app/#!/documents/card~2F86363134
2025-06-12 11:09:31,829 - mainapp.logging_utils - INFO - [2025-06-12 11:09:31] Unable to price invoice https://kabinet.dreamkas.ru/app/#!/documents/card~2F86384204
2025-06-12 11:09:31,830 - mainapp.logging_utils - INFO - [2025-06-12 11:09:31] Unable to price invoice https://kabinet.dreamkas.ru/app/#!/documents/card~2F86384202
2025-06-12 11:09:31,831 - mainapp.logging_utils - INFO - [2025-06-12 11:09:31] Unable to price invoice https://kabinet.dreamkas.ru/app/#!/documents/card~2F86393730
2025-06-12 11:09:31,832 - mainapp.logging_utils - INFO - [2025-06-12 11:09:31] Unable to price invoice https://kabinet.dreamkas.ru/app/#!/documents/card~2F86393639
2025-06-12 11:09:31,833 - mainapp.logging_utils - INFO - [2025-06-12 11:09:31] Unable to price invoice https://kabinet.dreamkas.ru/app/#!/documents/card~2F86391127
2025-06-12 11:09:31,834 - mainapp.logging_utils - INFO - [2025-06-12 11:09:31] Unable to price invoice https://kabinet.dreamkas.ru/app/#!/documents/card~2F86389776
2025-06-12 11:09:31,835 - mainapp.logging_utils - INFO - [2025-06-12 11:09:31] Unable to price invoice https://kabinet.dreamkas.ru/app/#!/documents/card~2F86389632
2025-06-12 11:09:31,835 - mainapp.logging_utils - INFO - [2025-06-12 11:09:31] Unable to price invoice https://kabinet.dreamkas.ru/app/#!/documents/card~2F86387729
2025-06-12 11:09:31,836 - mainapp.logging_utils - INFO - [2025-06-12 11:09:31] Unable to price invoice https://kabinet.dreamkas.ru/app/#!/documents/card~2F86387848
2025-06-12 11:09:31,837 - mainapp.logging_utils - INFO - [2025-06-12 11:09:31] Unable to price invoice https://kabinet.dreamkas.ru/app/#!/documents/card~2F86387454
2025-06-12 11:09:31,838 - mainapp.logging_utils - INFO - [2025-06-12 11:09:31] Unable to price invoice https://kabinet.dreamkas.ru/app/#!/documents/card~2F86387372
2025-06-12 11:09:31,839 - mainapp.logging_utils - INFO - [2025-06-12 11:09:31] Unable to price invoice https://kabinet.dreamkas.ru/app/#!/documents/card~2F86387306
2025-06-12 11:09:31,839 - mainapp.logging_utils - INFO - [2025-06-12 11:09:31] Unable to price invoice https://kabinet.dreamkas.ru/app/#!/documents/card~2F86387183
2025-06-12 11:09:31,840 - mainapp.logging_utils - INFO - [2025-06-12 11:09:31] Unable to price invoice https://kabinet.dreamkas.ru/app/#!/documents/card~2F86386971
2025-06-12 11:09:31,841 - mainapp.logging_utils - INFO - [2025-06-12 11:09:31] Unable to price invoice https://kabinet.dreamkas.ru/app/#!/documents/card~2F86386769
2025-06-12 11:09:31,842 - mainapp.logging_utils - INFO - [2025-06-12 11:09:31] Unable to price invoice https://kabinet.dreamkas.ru/app/#!/documents/card~2F86385753
2025-06-12 11:09:31,842 - mainapp.logging_utils - INFO - [2025-06-12 11:09:31] Unable to price invoice https://kabinet.dreamkas.ru/app/#!/documents/card~2F86385752
2025-06-12 11:09:31,843 - mainapp.logging_utils - INFO - [2025-06-12 11:09:31] Unable to price invoice https://kabinet.dreamkas.ru/app/#!/documents/card~2F86385529
2025-06-12 11:09:31,844 - mainapp.logging_utils - INFO - [2025-06-12 11:09:31] Unable to price invoice https://kabinet.dreamkas.ru/app/#!/documents/card~2F86385099
2025-06-12 11:09:31,846 - mainapp.logging_utils - INFO - [2025-06-12 11:09:31] Unable to price invoice https://kabinet.dreamkas.ru/app/#!/documents/card~2F86385032
2025-06-12 11:09:31,847 - mainapp.logging_utils - INFO - [2025-06-12 11:09:31] Unable to price invoice https://kabinet.dreamkas.ru/app/#!/documents/card~2F86384364
2025-06-12 11:09:31,848 - mainapp.logging_utils - INFO - [2025-06-12 11:09:31] Unable to price invoice https://kabinet.dreamkas.ru/app/#!/documents/card~2F86384201
2025-06-12 11:09:31,848 - mainapp.logging_utils - INFO - [2025-06-12 11:09:31] Unable to price invoice https://kabinet.dreamkas.ru/app/#!/documents/card~2F86384190
2025-06-12 11:09:31,849 - mainapp.logging_utils - INFO - [2025-06-12 11:09:31] Unable to price invoice https://kabinet.dreamkas.ru/app/#!/documents/card~2F86384105
2025-06-12 11:09:31,850 - mainapp.logging_utils - INFO - [2025-06-12 11:09:31] Unable to price invoice https://kabinet.dreamkas.ru/app/#!/documents/card~2F86383822
2025-06-12 11:09:31,851 - mainapp.logging_utils - INFO - [2025-06-12 11:09:31] Unable to price invoice https://kabinet.dreamkas.ru/app/#!/documents/card~2F86383429
2025-06-12 11:09:31,852 - mainapp.logging_utils - INFO - [2025-06-12 11:09:31] Unable to price invoice https://kabinet.dreamkas.ru/app/#!/documents/card~2F86381400
2025-06-12 11:09:31,852 - mainapp.logging_utils - INFO - [2025-06-12 11:09:31] Unable to price invoice https://kabinet.dreamkas.ru/app/#!/documents/card~2F86376270
2025-06-12 11:09:31,853 - mainapp.logging_utils - INFO - [2025-06-12 11:09:31] Unable to price invoice https://kabinet.dreamkas.ru/app/#!/documents/card~2F86402983
2025-06-12 11:09:31,854 - mainapp.logging_utils - INFO - [2025-06-12 11:09:31] Unable to price invoice https://kabinet.dreamkas.ru/app/#!/documents/card~2F86424807
2025-06-12 11:09:31,854 - mainapp.logging_utils - INFO - [2025-06-12 11:09:31] Unable to price invoice https://kabinet.dreamkas.ru/app/#!/documents/card~2F86421959
2025-06-12 11:09:31,855 - mainapp.logging_utils - INFO - [2025-06-12 11:09:31] Unable to price invoice https://kabinet.dreamkas.ru/app/#!/documents/card~2F86421865
2025-06-12 11:09:31,855 - mainapp.logging_utils - INFO - [2025-06-12 11:09:31] Unable to price invoice https://kabinet.dreamkas.ru/app/#!/documents/card~2F86421958
2025-06-12 11:09:31,856 - mainapp.logging_utils - INFO - [2025-06-12 11:09:31] Unable to price invoice https://kabinet.dreamkas.ru/app/#!/documents/card~2F86432319
2025-06-12 11:09:31,857 - mainapp.logging_utils - INFO - [2025-06-12 11:09:31] Unable to price invoice https://kabinet.dreamkas.ru/app/#!/documents/card~2F86447647
2025-06-12 11:09:31,857 - mainapp.logging_utils - INFO - [2025-06-12 11:09:31] Unable to price invoice https://kabinet.dreamkas.ru/app/#!/documents/card~2F86446638
2025-06-12 11:09:31,858 - mainapp.logging_utils - INFO - [2025-06-12 11:09:31] Unable to price invoice https://kabinet.dreamkas.ru/app/#!/documents/card~2F86446262
2025-06-12 11:09:31,859 - mainapp.logging_utils - INFO - [2025-06-12 11:09:31] Unable to price invoice https://kabinet.dreamkas.ru/app/#!/documents/card~2F86443035
2025-06-12 11:09:31,859 - mainapp.logging_utils - INFO - [2025-06-12 11:09:31] Unable to price invoice https://kabinet.dreamkas.ru/app/#!/documents/card~2F86442873
2025-06-12 11:09:31,861 - mainapp.logging_utils - INFO - [2025-06-12 11:09:31] Unable to price invoice https://kabinet.dreamkas.ru/app/#!/documents/card~2F86442692
2025-06-12 11:09:31,862 - mainapp.logging_utils - INFO - [2025-06-12 11:09:31] Unable to price invoice https://kabinet.dreamkas.ru/app/#!/documents/card~2F86442691
2025-06-12 11:09:31,864 - mainapp.logging_utils - INFO - [2025-06-12 11:09:31] Unable to price invoice https://kabinet.dreamkas.ru/app/#!/documents/card~2F86442683
2025-06-12 11:09:31,864 - mainapp.logging_utils - INFO - [2025-06-12 11:09:31] Unable to price invoice https://kabinet.dreamkas.ru/app/#!/documents/card~2F86442689
2025-06-12 11:09:31,865 - mainapp.logging_utils - INFO - [2025-06-12 11:09:31] Unable to price invoice https://kabinet.dreamkas.ru/app/#!/documents/card~2F86442462
2025-06-12 11:09:31,867 - mainapp.logging_utils - INFO - [2025-06-12 11:09:31] Unable to price invoice https://kabinet.dreamkas.ru/app/#!/documents/card~2F86442402
2025-06-12 11:09:31,868 - mainapp.logging_utils - INFO - [2025-06-12 11:09:31] Unable to price invoice https://kabinet.dreamkas.ru/app/#!/documents/card~2F86442163
2025-06-12 11:09:31,869 - mainapp.logging_utils - INFO - [2025-06-12 11:09:31] Unable to price invoice https://kabinet.dreamkas.ru/app/#!/documents/card~2F86442167
2025-06-12 11:09:31,869 - mainapp.logging_utils - INFO - [2025-06-12 11:09:31] Unable to price invoice https://kabinet.dreamkas.ru/app/#!/documents/card~2F86442169
2025-06-12 11:09:31,870 - mainapp.logging_utils - INFO - [2025-06-12 11:09:31] Unable to price invoice https://kabinet.dreamkas.ru/app/#!/documents/card~2F86442174
2025-06-12 11:09:31,871 - mainapp.logging_utils - INFO - [2025-06-12 11:09:31] Unable to price invoice https://kabinet.dreamkas.ru/app/#!/documents/card~2F86441634
2025-06-12 11:09:31,872 - mainapp.logging_utils - INFO - [2025-06-12 11:09:31] Unable to price invoice https://kabinet.dreamkas.ru/app/#!/documents/card~2F86441242
2025-06-12 11:09:31,873 - mainapp.logging_utils - INFO - [2025-06-12 11:09:31] Unable to price invoice https://kabinet.dreamkas.ru/app/#!/documents/card~2F86440533
2025-06-12 11:09:31,873 - mainapp.logging_utils - INFO - [2025-06-12 11:09:31] Unable to price invoice https://kabinet.dreamkas.ru/app/#!/documents/card~2F86440298
2025-06-12 11:09:31,874 - mainapp.logging_utils - INFO - [2025-06-12 11:09:31] Unable to price invoice https://kabinet.dreamkas.ru/app/#!/documents/card~2F86440195
2025-06-12 11:09:31,875 - mainapp.logging_utils - INFO - [2025-06-12 11:09:31] Unable to price invoice https://kabinet.dreamkas.ru/app/#!/documents/card~2F86439814
2025-06-12 11:09:31,875 - mainapp.logging_utils - INFO - [2025-06-12 11:09:31] Unable to price invoice https://kabinet.dreamkas.ru/app/#!/documents/card~2F86439733
2025-06-12 11:09:31,876 - mainapp.logging_utils - INFO - [2025-06-12 11:09:31] Unable to price invoice https://kabinet.dreamkas.ru/app/#!/documents/card~2F86439349
2025-06-12 11:09:31,878 - mainapp.logging_utils - INFO - [2025-06-12 11:09:31] Unable to price invoice https://kabinet.dreamkas.ru/app/#!/documents/card~2F86437808
2025-06-12 11:09:31,880 - mainapp.logging_utils - INFO - [2025-06-12 11:09:31] Unable to price invoice https://kabinet.dreamkas.ru/app/#!/documents/card~2F86437651
2025-06-12 11:09:31,881 - mainapp.logging_utils - INFO - [2025-06-12 11:09:31] Unable to price invoice https://kabinet.dreamkas.ru/app/#!/documents/card~2F86437455
2025-06-12 11:09:31,882 - mainapp.logging_utils - INFO - [2025-06-12 11:09:31] Unable to price invoice https://kabinet.dreamkas.ru/app/#!/documents/card~2F86436676
2025-06-12 11:09:31,883 - mainapp.logging_utils - INFO - [2025-06-12 11:09:31] Unable to price invoice https://kabinet.dreamkas.ru/app/#!/documents/card~2F86433959
2025-06-12 11:09:31,884 - mainapp.logging_utils - INFO - [2025-06-12 11:09:31] Unable to price invoice https://kabinet.dreamkas.ru/app/#!/documents/card~2F86432731
2025-06-12 11:09:31,884 - mainapp.logging_utils - INFO - [2025-06-12 11:09:31] Unable to price invoice https://kabinet.dreamkas.ru/app/#!/documents/card~2F86463332
2025-06-12 11:09:31,885 - mainapp.logging_utils - INFO - [2025-06-12 11:09:31] Unable to price invoice https://kabinet.dreamkas.ru/app/#!/documents/card~2F86466108
2025-06-12 11:09:31,886 - mainapp.logging_utils - INFO - [2025-06-12 11:09:31] Unable to price invoice https://kabinet.dreamkas.ru/app/#!/documents/card~2F86466558
2025-06-12 11:09:31,886 - mainapp.logging_utils - INFO - [2025-06-12 11:09:31] Unable to price invoice https://kabinet.dreamkas.ru/app/#!/documents/card~2F86466931
2025-06-12 11:09:31,887 - mainapp.logging_utils - INFO - [2025-06-12 11:09:31] Unable to price invoice https://kabinet.dreamkas.ru/app/#!/documents/card~2F86468064
2025-06-12 11:09:31,888 - mainapp.logging_utils - INFO - [2025-06-12 11:09:31] Unable to price invoice https://kabinet.dreamkas.ru/app/#!/documents/card~2F86467949
2025-06-12 11:09:31,888 - mainapp.logging_utils - INFO - [2025-06-12 11:09:31] Unable to price invoice https://kabinet.dreamkas.ru/app/#!/documents/card~2F86472731
2025-06-12 11:09:31,889 - mainapp.logging_utils - INFO - [2025-06-12 11:09:31] Unable to price invoice https://kabinet.dreamkas.ru/app/#!/documents/card~2F86473028
2025-06-12 11:09:31,889 - mainapp.logging_utils - INFO - [2025-06-12 11:09:31] Unable to price invoice https://kabinet.dreamkas.ru/app/#!/documents/card~2F86482048
2025-06-12 11:09:31,890 - mainapp.logging_utils - INFO - [2025-06-12 11:09:31] Unable to price invoice https://kabinet.dreamkas.ru/app/#!/documents/card~2F86484206
2025-06-12 11:09:31,891 - mainapp.logging_utils - INFO - [2025-06-12 11:09:31] Unable to price invoice https://kabinet.dreamkas.ru/app/#!/documents/card~2F86485464
2025-06-12 11:09:31,891 - mainapp.logging_utils - INFO - [2025-06-12 11:09:31] Unable to price invoice https://kabinet.dreamkas.ru/app/#!/documents/card~2F86487245
2025-06-12 11:09:31,892 - mainapp.logging_utils - INFO - [2025-06-12 11:09:31] Unable to price invoice https://kabinet.dreamkas.ru/app/#!/documents/card~2F86487580
2025-06-12 11:09:31,892 - mainapp.logging_utils - INFO - [2025-06-12 11:09:31] Unable to price invoice https://kabinet.dreamkas.ru/app/#!/documents/card~2F86488057
2025-06-12 11:09:31,893 - mainapp.logging_utils - INFO - [2025-06-12 11:09:31] Unable to price invoice https://kabinet.dreamkas.ru/app/#!/documents/card~2F86530592
2025-06-12 11:09:31,895 - mainapp.logging_utils - INFO - [2025-06-12 11:09:31] Unable to price invoice https://kabinet.dreamkas.ru/app/#!/documents/card~2F86529461
2025-06-12 11:09:31,896 - mainapp.logging_utils - INFO - [2025-06-12 11:09:31] Unable to price invoice https://kabinet.dreamkas.ru/app/#!/documents/card~2F86529096
2025-06-12 11:09:31,896 - mainapp.logging_utils - INFO - [2025-06-12 11:09:31] Unable to price invoice https://kabinet.dreamkas.ru/app/#!/documents/card~2F86528376
2025-06-12 11:09:31,897 - mainapp.logging_utils - INFO - [2025-06-12 11:09:31] Unable to price invoice https://kabinet.dreamkas.ru/app/#!/documents/card~2F86527703
2025-06-12 11:09:31,898 - mainapp.logging_utils - INFO - [2025-06-12 11:09:31] Unable to price invoice https://kabinet.dreamkas.ru/app/#!/documents/card~2F86527374
2025-06-12 11:09:31,899 - mainapp.logging_utils - INFO - [2025-06-12 11:09:31] Unable to price invoice https://kabinet.dreamkas.ru/app/#!/documents/card~2F86522559
2025-06-12 11:09:31,900 - mainapp.logging_utils - INFO - [2025-06-12 11:09:31] Unable to price invoice https://kabinet.dreamkas.ru/app/#!/documents/card~2F86518280
2025-06-12 11:09:31,900 - mainapp.logging_utils - INFO - [2025-06-12 11:09:31] Unable to price invoice https://kabinet.dreamkas.ru/app/#!/documents/card~2F86515349
2025-06-12 11:09:31,901 - mainapp.logging_utils - INFO - [2025-06-12 11:09:31] Unable to price invoice https://kabinet.dreamkas.ru/app/#!/documents/card~2F86515213
2025-06-12 11:09:31,902 - mainapp.logging_utils - INFO - [2025-06-12 11:09:31] Unable to price invoice https://kabinet.dreamkas.ru/app/#!/documents/card~2F86514194
2025-06-12 11:09:31,902 - mainapp.logging_utils - INFO - [2025-06-12 11:09:31] Unable to price invoice https://kabinet.dreamkas.ru/app/#!/documents/card~2F86513855
2025-06-12 11:09:31,903 - mainapp.logging_utils - INFO - [2025-06-12 11:09:31] Unable to price invoice https://kabinet.dreamkas.ru/app/#!/documents/card~2F86512146
2025-06-12 11:09:31,904 - mainapp.logging_utils - INFO - [2025-06-12 11:09:31] Unable to price invoice https://kabinet.dreamkas.ru/app/#!/documents/card~2F86503289
2025-06-12 11:09:31,904 - mainapp.logging_utils - INFO - [2025-06-12 11:09:31] Unable to price invoice https://kabinet.dreamkas.ru/app/#!/documents/card~2F86636261
2025-06-12 11:09:31,905 - mainapp.logging_utils - INFO - [2025-06-12 11:09:31] Unable to price invoice https://kabinet.dreamkas.ru/app/#!/documents/card~2F86635333
2025-06-12 11:09:31,905 - mainapp.logging_utils - INFO - [2025-06-12 11:09:31] Unable to price invoice https://kabinet.dreamkas.ru/app/#!/documents/card~2F86635268
2025-06-12 11:09:31,906 - mainapp.logging_utils - INFO - [2025-06-12 11:09:31] Unable to price invoice https://kabinet.dreamkas.ru/app/#!/documents/card~2F86634810
2025-06-12 11:09:31,906 - mainapp.logging_utils - INFO - [2025-06-12 11:09:31] Unable to price invoice https://kabinet.dreamkas.ru/app/#!/documents/card~2F86634476
2025-06-12 11:09:31,907 - mainapp.logging_utils - INFO - [2025-06-12 11:09:31] Unable to price invoice https://kabinet.dreamkas.ru/app/#!/documents/card~2F86634341
2025-06-12 11:09:31,908 - mainapp.logging_utils - INFO - [2025-06-12 11:09:31] Unable to price invoice https://kabinet.dreamkas.ru/app/#!/documents/card~2F86633870
2025-06-12 11:09:31,908 - mainapp.logging_utils - INFO - [2025-06-12 11:09:31] Unable to price invoice https://kabinet.dreamkas.ru/app/#!/documents/card~2F86633300
2025-06-12 11:09:31,909 - mainapp.logging_utils - INFO - [2025-06-12 11:09:31] Unable to price invoice https://kabinet.dreamkas.ru/app/#!/documents/card~2F86633304
2025-06-12 11:09:31,910 - mainapp.logging_utils - INFO - [2025-06-12 11:09:31] Unable to price invoice https://kabinet.dreamkas.ru/app/#!/documents/card~2F86633306
2025-06-12 11:09:31,911 - mainapp.logging_utils - INFO - [2025-06-12 11:09:31] Unable to price invoice https://kabinet.dreamkas.ru/app/#!/documents/card~2F86633308
2025-06-12 11:09:31,912 - mainapp.logging_utils - INFO - [2025-06-12 11:09:31] Unable to price invoice https://kabinet.dreamkas.ru/app/#!/documents/card~2F86631983
2025-06-12 11:09:31,913 - mainapp.logging_utils - INFO - [2025-06-12 11:09:31] Unable to price invoice https://kabinet.dreamkas.ru/app/#!/documents/card~2F86620076
2025-06-12 11:09:31,914 - mainapp.logging_utils - INFO - [2025-06-12 11:09:31] Unable to price invoice https://kabinet.dreamkas.ru/app/#!/documents/card~2F86631132
2025-06-12 11:09:31,914 - mainapp.logging_utils - INFO - [2025-06-12 11:09:31] Unable to price invoice https://kabinet.dreamkas.ru/app/#!/documents/card~2F86629519
2025-06-12 11:09:31,915 - mainapp.logging_utils - INFO - [2025-06-12 11:09:31] Unable to price invoice https://kabinet.dreamkas.ru/app/#!/documents/card~2F86626384
2025-06-12 11:09:31,916 - mainapp.logging_utils - INFO - [2025-06-12 11:09:31] Unable to price invoice https://kabinet.dreamkas.ru/app/#!/documents/card~2F86625863
2025-06-12 11:09:31,917 - mainapp.logging_utils - INFO - [2025-06-12 11:09:31] Unable to price invoice https://kabinet.dreamkas.ru/app/#!/documents/card~2F86625104
2025-06-12 11:09:31,917 - mainapp.logging_utils - INFO - [2025-06-12 11:09:31] Unable to price invoice https://kabinet.dreamkas.ru/app/#!/documents/card~2F86623721
2025-06-12 11:09:31,918 - mainapp.logging_utils - INFO - [2025-06-12 11:09:31] Unable to price invoice https://kabinet.dreamkas.ru/app/#!/documents/card~2F86623376
2025-06-12 11:09:31,919 - mainapp.logging_utils - INFO - [2025-06-12 11:09:31] Unable to price invoice https://kabinet.dreamkas.ru/app/#!/documents/card~2F86622862
2025-06-12 11:09:31,920 - mainapp.logging_utils - INFO - [2025-06-12 11:09:31] Unable to price invoice https://kabinet.dreamkas.ru/app/#!/documents/card~2F86622297
2025-06-12 11:09:31,921 - mainapp.logging_utils - INFO - [2025-06-12 11:09:31] Unable to price invoice https://kabinet.dreamkas.ru/app/#!/documents/card~2F86621931
2025-06-12 11:09:31,922 - mainapp.logging_utils - INFO - [2025-06-12 11:09:31] Unable to price invoice https://kabinet.dreamkas.ru/app/#!/documents/card~2F86616863
2025-06-12 11:09:31,922 - mainapp.logging_utils - INFO - [2025-06-12 11:09:31] Unable to price invoice https://kabinet.dreamkas.ru/app/#!/documents/card~2F86616637
2025-06-12 11:09:31,923 - mainapp.logging_utils - INFO - [2025-06-12 11:09:31] Unable to price invoice https://kabinet.dreamkas.ru/app/#!/documents/card~2F86613830
2025-06-12 11:09:31,924 - mainapp.logging_utils - INFO - [2025-06-12 11:09:31] Unable to price invoice https://kabinet.dreamkas.ru/app/#!/documents/card~2F86613398
2025-06-12 11:09:31,924 - mainapp.logging_utils - INFO - [2025-06-12 11:09:31] Unable to price invoice https://kabinet.dreamkas.ru/app/#!/documents/card~2F86612536
2025-06-12 11:09:31,925 - mainapp.logging_utils - INFO - [2025-06-12 11:09:31] Unable to price invoice https://kabinet.dreamkas.ru/app/#!/documents/card~2F86610194
2025-06-12 11:09:31,926 - mainapp.logging_utils - INFO - [2025-06-12 11:09:31] Unable to price invoice https://kabinet.dreamkas.ru/app/#!/documents/card~2F86609486
2025-06-12 11:09:31,926 - mainapp.logging_utils - INFO - [2025-06-12 11:09:31] Unable to price invoice https://kabinet.dreamkas.ru/app/#!/documents/card~2F86608267
2025-06-12 11:09:31,928 - mainapp.logging_utils - INFO - [2025-06-12 11:09:31] Unable to price invoice https://kabinet.dreamkas.ru/app/#!/documents/card~2F86608083
2025-06-12 11:09:31,929 - mainapp.logging_utils - INFO - [2025-06-12 11:09:31] Unable to price invoice https://kabinet.dreamkas.ru/app/#!/documents/card~2F86607279
2025-06-12 11:09:31,930 - mainapp.logging_utils - INFO - [2025-06-12 11:09:31] Unable to price invoice https://kabinet.dreamkas.ru/app/#!/documents/card~2F86607113
2025-06-12 11:09:31,931 - mainapp.logging_utils - INFO - [2025-06-12 11:09:31] Unable to price invoice https://kabinet.dreamkas.ru/app/#!/documents/card~2F86606983
2025-06-12 11:09:31,932 - mainapp.logging_utils - INFO - [2025-06-12 11:09:31] Unable to price invoice https://kabinet.dreamkas.ru/app/#!/documents/card~2F86590105
2025-06-12 11:09:31,933 - mainapp.logging_utils - INFO - [2025-06-12 11:09:31] Unable to price invoice https://kabinet.dreamkas.ru/app/#!/documents/card~2F86587012
2025-06-12 11:09:31,934 - mainapp.logging_utils - INFO - [2025-06-12 11:09:31] Unable to price invoice https://kabinet.dreamkas.ru/app/#!/documents/card~2F86587019
2025-06-12 11:09:31,934 - mainapp.logging_utils - INFO - [2025-06-12 11:09:31] Unable to price invoice https://kabinet.dreamkas.ru/app/#!/documents/card~2F86587020
2025-06-12 11:09:31,935 - mainapp.logging_utils - INFO - [2025-06-12 11:09:31] Unable to price invoice https://kabinet.dreamkas.ru/app/#!/documents/card~2F86587021
2025-06-12 11:09:31,936 - mainapp.logging_utils - INFO - [2025-06-12 11:09:31] Unable to price invoice https://kabinet.dreamkas.ru/app/#!/documents/card~2F86586298
2025-06-12 11:09:31,936 - mainapp.logging_utils - INFO - [2025-06-12 11:09:31] Unable to price invoice https://kabinet.dreamkas.ru/app/#!/documents/card~2F86585795
2025-06-12 11:09:31,937 - mainapp.logging_utils - INFO - [2025-06-12 11:09:31] Unable to price invoice https://kabinet.dreamkas.ru/app/#!/documents/card~2F86585591
2025-06-12 11:09:31,938 - mainapp.logging_utils - INFO - [2025-06-12 11:09:31] Unable to price invoice https://kabinet.dreamkas.ru/app/#!/documents/card~2F86585329
2025-06-12 11:09:31,939 - mainapp.logging_utils - INFO - [2025-06-12 11:09:31] Unable to price invoice https://kabinet.dreamkas.ru/app/#!/documents/card~2F86584998
2025-06-12 11:09:31,939 - mainapp.logging_utils - INFO - [2025-06-12 11:09:31] Unable to price invoice https://kabinet.dreamkas.ru/app/#!/documents/card~2F86584947
2025-06-12 11:09:31,940 - mainapp.logging_utils - INFO - [2025-06-12 11:09:31] Unable to price invoice https://kabinet.dreamkas.ru/app/#!/documents/card~2F86584539
2025-06-12 11:09:31,940 - mainapp.logging_utils - INFO - [2025-06-12 11:09:31] Unable to price invoice https://kabinet.dreamkas.ru/app/#!/documents/card~2F86583982
2025-06-12 11:09:31,941 - mainapp.logging_utils - INFO - [2025-06-12 11:09:31] Unable to price invoice https://kabinet.dreamkas.ru/app/#!/documents/card~2F86579912
2025-06-12 11:09:31,941 - mainapp.logging_utils - INFO - [2025-06-12 11:09:31] Unable to price invoice https://kabinet.dreamkas.ru/app/#!/documents/card~2F86581595
2025-06-12 11:09:31,942 - mainapp.logging_utils - INFO - [2025-06-12 11:09:31] Unable to price invoice https://kabinet.dreamkas.ru/app/#!/documents/card~2F86579919
2025-06-12 11:09:31,943 - mainapp.logging_utils - INFO - [2025-06-12 11:09:31] Unable to price invoice https://kabinet.dreamkas.ru/app/#!/documents/card~2F86574619
2025-06-12 11:09:31,945 - mainapp.logging_utils - INFO - [2025-06-12 11:09:31] Unable to price invoice https://kabinet.dreamkas.ru/app/#!/documents/card~2F86573919
2025-06-12 11:09:31,946 - mainapp.logging_utils - INFO - [2025-06-12 11:09:31] Unable to price invoice https://kabinet.dreamkas.ru/app/#!/documents/card~2F86572661
2025-06-12 11:09:31,946 - mainapp.logging_utils - INFO - [2025-06-12 11:09:31] Unable to price invoice https://kabinet.dreamkas.ru/app/#!/documents/card~2F86571839
2025-06-12 11:09:31,947 - mainapp.logging_utils - INFO - [2025-06-12 11:09:31] Unable to price invoice https://kabinet.dreamkas.ru/app/#!/documents/card~2F86570104
2025-06-12 11:09:31,948 - mainapp.logging_utils - INFO - [2025-06-12 11:09:31] Unable to price invoice https://kabinet.dreamkas.ru/app/#!/documents/card~2F86569879
2025-06-12 11:09:31,949 - mainapp.logging_utils - INFO - [2025-06-12 11:09:31] Unable to price invoice https://kabinet.dreamkas.ru/app/#!/documents/card~2F86569759
2025-06-12 11:09:31,950 - mainapp.logging_utils - INFO - [2025-06-12 11:09:31] Unable to price invoice https://kabinet.dreamkas.ru/app/#!/documents/card~2F86569335
2025-06-12 11:09:31,951 - mainapp.logging_utils - INFO - [2025-06-12 11:09:31] Unable to price invoice https://kabinet.dreamkas.ru/app/#!/documents/card~2F86568769
2025-06-12 11:09:31,952 - mainapp.logging_utils - INFO - [2025-06-12 11:09:31] Unable to price invoice https://kabinet.dreamkas.ru/app/#!/documents/card~2F86568614
2025-06-12 11:09:31,953 - mainapp.logging_utils - INFO - [2025-06-12 11:09:31] Unable to price invoice https://kabinet.dreamkas.ru/app/#!/documents/card~2F86568297
2025-06-12 11:09:31,953 - mainapp.logging_utils - INFO - [2025-06-12 11:09:31] Unable to price invoice https://kabinet.dreamkas.ru/app/#!/documents/card~2F86565512
2025-06-12 11:09:31,954 - mainapp.logging_utils - INFO - [2025-06-12 11:09:31] Unable to price invoice https://kabinet.dreamkas.ru/app/#!/documents/card~2F86563699
2025-06-12 11:09:31,955 - mainapp.logging_utils - INFO - [2025-06-12 11:09:31] Unable to price invoice https://kabinet.dreamkas.ru/app/#!/documents/card~2F86561643
2025-06-12 11:09:31,956 - mainapp.logging_utils - INFO - [2025-06-12 11:09:31] Unable to price invoice https://kabinet.dreamkas.ru/app/#!/documents/card~2F86561653
2025-06-12 11:09:31,956 - mainapp.logging_utils - INFO - [2025-06-12 11:09:31] Unable to price invoice https://kabinet.dreamkas.ru/app/#!/documents/card~2F86542834
2025-06-12 11:09:31,957 - mainapp.logging_utils - INFO - [2025-06-12 11:09:31] Unable to price invoice https://kabinet.dreamkas.ru/app/#!/documents/card~2F86542836
2025-06-12 11:09:31,958 - mainapp.logging_utils - INFO - [2025-06-12 11:09:31] Unable to price invoice https://kabinet.dreamkas.ru/app/#!/documents/card~2F86542840
2025-06-12 11:09:31,959 - mainapp.logging_utils - INFO - [2025-06-12 11:09:31] Unable to price invoice https://kabinet.dreamkas.ru/app/#!/documents/card~2F86542838
2025-06-12 11:09:31,959 - mainapp.logging_utils - INFO - [2025-06-12 11:09:31] Unable to price invoice https://kabinet.dreamkas.ru/app/#!/documents/card~2F86542748
2025-06-12 11:09:31,961 - mainapp.logging_utils - INFO - [2025-06-12 11:09:31] Unable to price invoice https://kabinet.dreamkas.ru/app/#!/documents/card~2F86542531
2025-06-12 11:09:31,962 - mainapp.logging_utils - INFO - [2025-06-12 11:09:31] Unable to price invoice https://kabinet.dreamkas.ru/app/#!/documents/card~2F86542413
2025-06-12 11:09:31,963 - mainapp.logging_utils - INFO - [2025-06-12 11:09:31] Unable to price invoice https://kabinet.dreamkas.ru/app/#!/documents/card~2F86542348
2025-06-12 11:09:31,964 - mainapp.logging_utils - INFO - [2025-06-12 11:09:31] Unable to price invoice https://kabinet.dreamkas.ru/app/#!/documents/card~2F86542241
2025-06-12 11:09:31,964 - mainapp.logging_utils - INFO - [2025-06-12 11:09:31] Unable to price invoice https://kabinet.dreamkas.ru/app/#!/documents/card~2F86542080
2025-06-12 11:09:31,965 - mainapp.logging_utils - INFO - [2025-06-12 11:09:31] Unable to price invoice https://kabinet.dreamkas.ru/app/#!/documents/card~2F86542057
2025-06-12 11:09:31,966 - mainapp.logging_utils - INFO - [2025-06-12 11:09:31] Unable to price invoice https://kabinet.dreamkas.ru/app/#!/documents/card~2F86541567
2025-06-12 11:09:31,967 - mainapp.logging_utils - INFO - [2025-06-12 11:09:31] Unable to price invoice https://kabinet.dreamkas.ru/app/#!/documents/card~2F86541213
2025-06-12 11:09:31,968 - mainapp.logging_utils - INFO - [2025-06-12 11:09:31] Unable to price invoice https://kabinet.dreamkas.ru/app/#!/documents/card~2F86541228
2025-06-12 11:09:31,968 - mainapp.logging_utils - INFO - [2025-06-12 11:09:31] Unable to price invoice https://kabinet.dreamkas.ru/app/#!/documents/card~2F86541226
2025-06-12 11:09:31,969 - mainapp.logging_utils - INFO - [2025-06-12 11:09:31] Unable to price invoice https://kabinet.dreamkas.ru/app/#!/documents/card~2F86541224
2025-06-12 11:09:31,970 - mainapp.logging_utils - INFO - [2025-06-12 11:09:31] Unable to price invoice https://kabinet.dreamkas.ru/app/#!/documents/card~2F86541188
2025-06-12 11:09:31,970 - mainapp.logging_utils - INFO - [2025-06-12 11:09:31] Unable to price invoice https://kabinet.dreamkas.ru/app/#!/documents/card~2F86541051
2025-06-12 11:09:31,971 - mainapp.logging_utils - INFO - [2025-06-12 11:09:31] Unable to price invoice https://kabinet.dreamkas.ru/app/#!/documents/card~2F86540997
2025-06-12 11:09:31,972 - mainapp.logging_utils - INFO - [2025-06-12 11:09:31] Unable to price invoice https://kabinet.dreamkas.ru/app/#!/documents/card~2F86540803
2025-06-12 11:09:31,972 - mainapp.logging_utils - INFO - [2025-06-12 11:09:31] Unable to price invoice https://kabinet.dreamkas.ru/app/#!/documents/card~2F86539407
2025-06-12 11:09:31,973 - mainapp.logging_utils - INFO - [2025-06-12 11:09:31] Unable to price invoice https://kabinet.dreamkas.ru/app/#!/documents/card~2F86539100
2025-06-12 11:09:31,974 - mainapp.logging_utils - INFO - [2025-06-12 11:09:31] Unable to price invoice https://kabinet.dreamkas.ru/app/#!/documents/card~2F86539094
2025-06-12 11:09:31,974 - mainapp.logging_utils - INFO - [2025-06-12 11:09:31] Unable to price invoice https://kabinet.dreamkas.ru/app/#!/documents/card~2F86539091
2025-06-12 11:09:31,975 - mainapp.logging_utils - INFO - [2025-06-12 11:09:31] Unable to price invoice https://kabinet.dreamkas.ru/app/#!/documents/card~2F86535723
2025-06-12 11:09:31,975 - mainapp.logging_utils - INFO - [2025-06-12 11:09:31] Unable to price invoice https://kabinet.dreamkas.ru/app/#!/documents/card~2F86535720
2025-06-12 11:09:31,976 - mainapp.logging_utils - INFO - [2025-06-12 11:09:31] Unable to price invoice https://kabinet.dreamkas.ru/app/#!/documents/card~2F86535539
2025-06-12 11:09:31,978 - mainapp.logging_utils - INFO - [2025-06-12 11:09:31] Unable to price invoice https://kabinet.dreamkas.ru/app/#!/documents/card~2F86535460
2025-06-12 11:09:31,980 - mainapp.logging_utils - INFO - [2025-06-12 11:09:31] Unable to price invoice https://kabinet.dreamkas.ru/app/#!/documents/card~2F86534098
2025-06-12 11:09:31,980 - mainapp.logging_utils - INFO - [2025-06-12 11:09:31] Unable to price invoice https://kabinet.dreamkas.ru/app/#!/documents/card~2F86534101
2025-06-12 11:09:31,982 - mainapp.logging_utils - INFO - [2025-06-12 11:09:31] Unable to price invoice https://kabinet.dreamkas.ru/app/#!/documents/card~2F86534105
2025-06-12 11:09:31,982 - mainapp.logging_utils - INFO - [2025-06-12 11:09:31] Unable to price invoice https://kabinet.dreamkas.ru/app/#!/documents/card~2F86531242
2025-06-12 11:09:31,983 - mainapp.logging_utils - INFO - [2025-06-12 11:09:31] Unable to price invoice https://kabinet.dreamkas.ru/app/#!/documents/card~2F86731383
2025-06-12 11:09:31,984 - mainapp.logging_utils - INFO - [2025-06-12 11:09:31] Unable to price invoice https://kabinet.dreamkas.ru/app/#!/documents/card~2F86713451
2025-06-12 11:09:31,985 - mainapp.logging_utils - INFO - [2025-06-12 11:09:31] Unable to price invoice https://kabinet.dreamkas.ru/app/#!/documents/card~2F86665585
2025-06-12 11:09:31,986 - mainapp.logging_utils - INFO - [2025-06-12 11:09:31] Unable to price invoice https://kabinet.dreamkas.ru/app/#!/documents/card~2F86665523
2025-06-12 11:09:31,987 - mainapp.logging_utils - INFO - [2025-06-12 11:09:31] Unable to price invoice https://kabinet.dreamkas.ru/app/#!/documents/card~2F86661743
2025-06-12 11:09:31,987 - mainapp.logging_utils - INFO - [2025-06-12 11:09:31] Unable to price invoice https://kabinet.dreamkas.ru/app/#!/documents/card~2F86663865
2025-06-12 11:09:31,988 - mainapp.logging_utils - INFO - [2025-06-12 11:09:31] Unable to price invoice https://kabinet.dreamkas.ru/app/#!/documents/card~2F86663288
2025-06-12 11:09:31,989 - mainapp.logging_utils - INFO - [2025-06-12 11:09:31] Unable to price invoice https://kabinet.dreamkas.ru/app/#!/documents/card~2F86662071
2025-06-12 11:09:31,990 - mainapp.logging_utils - INFO - [2025-06-12 11:09:31] Unable to price invoice https://kabinet.dreamkas.ru/app/#!/documents/card~2F86656205
2025-06-12 11:17:03,288 - mainapp.logging_utils - INFO - [2025-06-12 11:17:03] Unable to price invoice https://kabinet.dreamkas.ru/app/#!/documents/card~2F86847360
2025-06-12 11:17:03,289 - mainapp.logging_utils - INFO - [2025-06-12 11:17:03] Unable to price invoice https://kabinet.dreamkas.ru/app/#!/documents/card~2F86261857
2025-06-12 11:17:03,290 - mainapp.logging_utils - INFO - [2025-06-12 11:17:03] Unable to price invoice https://kabinet.dreamkas.ru/app/#!/documents/card~2F86261855
2025-06-12 11:17:03,291 - mainapp.logging_utils - INFO - [2025-06-12 11:17:03] Unable to price invoice https://kabinet.dreamkas.ru/app/#!/documents/card~2F86261458
2025-06-12 11:17:03,291 - mainapp.logging_utils - INFO - [2025-06-12 11:17:03] Unable to price invoice https://kabinet.dreamkas.ru/app/#!/documents/card~2F86261455
2025-06-12 11:17:03,292 - mainapp.logging_utils - INFO - [2025-06-12 11:17:03] Unable to price invoice https://kabinet.dreamkas.ru/app/#!/documents/card~2F86257869
2025-06-12 11:17:03,293 - mainapp.logging_utils - INFO - [2025-06-12 11:17:03] Unable to price invoice https://kabinet.dreamkas.ru/app/#!/documents/card~2F86213998
2025-06-12 11:17:03,294 - mainapp.logging_utils - INFO - [2025-06-12 11:17:03] Unable to price invoice https://kabinet.dreamkas.ru/app/#!/documents/card~2F86167473
2025-06-12 11:17:03,295 - mainapp.logging_utils - INFO - [2025-06-12 11:17:03] Unable to price invoice https://kabinet.dreamkas.ru/app/#!/documents/card~2F86167469
2025-06-12 11:17:03,296 - mainapp.logging_utils - INFO - [2025-06-12 11:17:03] Unable to price invoice https://kabinet.dreamkas.ru/app/#!/documents/card~2F86167468
2025-06-12 11:17:03,296 - mainapp.logging_utils - INFO - [2025-06-12 11:17:03] Unable to price invoice https://kabinet.dreamkas.ru/app/#!/documents/card~2F86158309
2025-06-12 11:17:03,298 - mainapp.logging_utils - INFO - [2025-06-12 11:17:03] Unable to price invoice https://kabinet.dreamkas.ru/app/#!/documents/card~2F86157074
2025-06-12 11:17:03,299 - mainapp.logging_utils - INFO - [2025-06-12 11:17:03] Unable to price invoice https://kabinet.dreamkas.ru/app/#!/documents/card~2F86093621
2025-06-12 11:17:03,300 - mainapp.logging_utils - INFO - [2025-06-12 11:17:03] Unable to price invoice https://kabinet.dreamkas.ru/app/#!/documents/card~2F86089479
2025-06-12 11:17:03,301 - mainapp.logging_utils - INFO - [2025-06-12 11:17:03] Unable to price invoice https://kabinet.dreamkas.ru/app/#!/documents/card~2F86080737
2025-06-12 11:17:03,302 - mainapp.logging_utils - INFO - [2025-06-12 11:17:03] Unable to price invoice https://kabinet.dreamkas.ru/app/#!/documents/card~2F86080487
2025-06-12 11:17:03,303 - mainapp.logging_utils - INFO - [2025-06-12 11:17:03] Unable to price invoice https://kabinet.dreamkas.ru/app/#!/documents/card~2F86039467
2025-06-12 11:17:03,304 - mainapp.logging_utils - INFO - [2025-06-12 11:17:03] Unable to price invoice https://kabinet.dreamkas.ru/app/#!/documents/card~2F86032756
2025-06-12 11:17:03,305 - mainapp.logging_utils - INFO - [2025-06-12 11:17:03] Unable to price invoice https://kabinet.dreamkas.ru/app/#!/documents/card~2F86009691
2025-06-12 11:17:03,306 - mainapp.logging_utils - INFO - [2025-06-12 11:17:03] Unable to price invoice https://kabinet.dreamkas.ru/app/#!/documents/card~2F86009591
2025-06-12 11:17:03,307 - mainapp.logging_utils - INFO - [2025-06-12 11:17:03] Unable to price invoice https://kabinet.dreamkas.ru/app/#!/documents/card~2F86005550
2025-06-12 11:17:03,308 - mainapp.logging_utils - INFO - [2025-06-12 11:17:03] Unable to price invoice https://kabinet.dreamkas.ru/app/#!/documents/card~2F85989025
2025-06-12 11:17:03,309 - mainapp.logging_utils - INFO - [2025-06-12 11:17:03] Unable to price invoice https://kabinet.dreamkas.ru/app/#!/documents/card~2F85987942
2025-06-12 11:17:03,310 - mainapp.logging_utils - INFO - [2025-06-12 11:17:03] Unable to price invoice https://kabinet.dreamkas.ru/app/#!/documents/card~2F85952050
2025-06-12 11:17:03,311 - mainapp.logging_utils - INFO - [2025-06-12 11:17:03] Unable to price invoice https://kabinet.dreamkas.ru/app/#!/documents/card~2F85944555
2025-06-12 11:17:03,311 - mainapp.logging_utils - INFO - [2025-06-12 11:17:03] Unable to price invoice https://kabinet.dreamkas.ru/app/#!/documents/card~2F85931436
2025-06-12 11:17:03,312 - mainapp.logging_utils - INFO - [2025-06-12 11:17:03] Unable to price invoice https://kabinet.dreamkas.ru/app/#!/documents/card~2F85897507
2025-06-12 11:17:03,313 - mainapp.logging_utils - INFO - [2025-06-12 11:17:03] Unable to price invoice https://kabinet.dreamkas.ru/app/#!/documents/card~2F85892322
2025-06-12 11:17:03,313 - mainapp.logging_utils - INFO - [2025-06-12 11:17:03] Unable to price invoice https://kabinet.dreamkas.ru/app/#!/documents/card~2F85871534
2025-06-12 11:17:03,315 - mainapp.logging_utils - INFO - [2025-06-12 11:17:03] Unable to price invoice https://kabinet.dreamkas.ru/app/#!/documents/card~2F85833775
2025-06-12 11:17:03,316 - mainapp.logging_utils - INFO - [2025-06-12 11:17:03] Unable to price invoice https://kabinet.dreamkas.ru/app/#!/documents/card~2F85832951
2025-06-12 11:17:03,317 - mainapp.logging_utils - INFO - [2025-06-12 11:17:03] Unable to price invoice https://kabinet.dreamkas.ru/app/#!/documents/card~2F85831599
2025-06-12 11:17:03,318 - mainapp.logging_utils - INFO - [2025-06-12 11:17:03] Unable to price invoice https://kabinet.dreamkas.ru/app/#!/documents/card~2F85756249
2025-06-12 11:17:03,319 - mainapp.logging_utils - INFO - [2025-06-12 11:17:03] Unable to price invoice https://kabinet.dreamkas.ru/app/#!/documents/card~2F85752808
2025-06-12 11:17:03,320 - mainapp.logging_utils - INFO - [2025-06-12 11:17:03] Unable to price invoice https://kabinet.dreamkas.ru/app/#!/documents/card~2F85722479
2025-06-12 11:17:03,321 - mainapp.logging_utils - INFO - [2025-06-12 11:17:03] Unable to price invoice https://kabinet.dreamkas.ru/app/#!/documents/card~2F85721630
2025-06-12 11:17:03,321 - mainapp.logging_utils - INFO - [2025-06-12 11:17:03] Unable to price invoice https://kabinet.dreamkas.ru/app/#!/documents/card~2F85708377
2025-06-12 11:17:03,322 - mainapp.logging_utils - INFO - [2025-06-12 11:17:03] Unable to price invoice https://kabinet.dreamkas.ru/app/#!/documents/card~2F85698883
2025-06-12 11:17:03,323 - mainapp.logging_utils - INFO - [2025-06-12 11:17:03] Unable to price invoice https://kabinet.dreamkas.ru/app/#!/documents/card~2F85698892
2025-06-12 11:17:03,324 - mainapp.logging_utils - INFO - [2025-06-12 11:17:03] Unable to price invoice https://kabinet.dreamkas.ru/app/#!/documents/card~2F85676639
2025-06-12 11:17:03,325 - mainapp.logging_utils - INFO - [2025-06-12 11:17:03] Unable to price invoice https://kabinet.dreamkas.ru/app/#!/documents/card~2F85665322
2025-06-12 11:17:03,326 - mainapp.logging_utils - INFO - [2025-06-12 11:17:03] Unable to price invoice https://kabinet.dreamkas.ru/app/#!/documents/card~2F85663144
2025-06-12 11:17:03,327 - mainapp.logging_utils - INFO - [2025-06-12 11:17:03] Unable to price invoice https://kabinet.dreamkas.ru/app/#!/documents/card~2F85663481
2025-06-12 11:17:03,328 - mainapp.logging_utils - INFO - [2025-06-12 11:17:03] Unable to price invoice https://kabinet.dreamkas.ru/app/#!/documents/card~2F85661367
2025-06-12 11:17:03,328 - mainapp.logging_utils - INFO - [2025-06-12 11:17:03] Unable to price invoice https://kabinet.dreamkas.ru/app/#!/documents/card~2F85661034
2025-06-12 11:17:03,329 - mainapp.logging_utils - INFO - [2025-06-12 11:17:03] Unable to price invoice https://kabinet.dreamkas.ru/app/#!/documents/card~2F85656292
2025-06-12 11:17:03,330 - mainapp.logging_utils - INFO - [2025-06-12 11:17:03] Unable to price invoice https://kabinet.dreamkas.ru/app/#!/documents/card~2F85654445
2025-06-12 11:17:03,331 - mainapp.logging_utils - INFO - [2025-06-12 11:17:03] Unable to price invoice https://kabinet.dreamkas.ru/app/#!/documents/card~2F85627044
2025-06-12 11:17:03,333 - mainapp.logging_utils - INFO - [2025-06-12 11:17:03] Unable to price invoice https://kabinet.dreamkas.ru/app/#!/documents/card~2F85625847
2025-06-12 11:17:03,334 - mainapp.logging_utils - INFO - [2025-06-12 11:17:03] Unable to price invoice https://kabinet.dreamkas.ru/app/#!/documents/card~2F85598478
2025-06-12 11:17:03,335 - mainapp.logging_utils - INFO - [2025-06-12 11:17:03] Unable to price invoice https://kabinet.dreamkas.ru/app/#!/documents/card~2F85569645
2025-06-12 11:17:03,335 - mainapp.logging_utils - INFO - [2025-06-12 11:17:03] Unable to price invoice https://kabinet.dreamkas.ru/app/#!/documents/card~2F85565766
2025-06-12 11:17:03,336 - mainapp.logging_utils - INFO - [2025-06-12 11:17:03] Unable to price invoice https://kabinet.dreamkas.ru/app/#!/documents/card~2F85530426
2025-06-12 11:17:03,337 - mainapp.logging_utils - INFO - [2025-06-12 11:17:03] Unable to price invoice https://kabinet.dreamkas.ru/app/#!/documents/card~2F85528316
2025-06-12 11:17:03,338 - mainapp.logging_utils - INFO - [2025-06-12 11:17:03] Unable to price invoice https://kabinet.dreamkas.ru/app/#!/documents/card~2F85527762
2025-06-12 11:17:03,338 - mainapp.logging_utils - INFO - [2025-06-12 11:17:03] Unable to price invoice https://kabinet.dreamkas.ru/app/#!/documents/card~2F85527015
2025-06-12 11:17:03,339 - mainapp.logging_utils - INFO - [2025-06-12 11:17:03] Unable to price invoice https://kabinet.dreamkas.ru/app/#!/documents/card~2F85526953
2025-06-12 11:17:03,340 - mainapp.logging_utils - INFO - [2025-06-12 11:17:03] Unable to price invoice https://kabinet.dreamkas.ru/app/#!/documents/card~2F85449229
2025-06-12 11:17:03,340 - mainapp.logging_utils - INFO - [2025-06-12 11:17:03] Unable to price invoice https://kabinet.dreamkas.ru/app/#!/documents/card~2F85380791
2025-06-12 11:17:03,341 - mainapp.logging_utils - INFO - [2025-06-12 11:17:03] Unable to price invoice https://kabinet.dreamkas.ru/app/#!/documents/card~2F85365535
2025-06-12 11:17:03,342 - mainapp.logging_utils - INFO - [2025-06-12 11:17:03] Unable to price invoice https://kabinet.dreamkas.ru/app/#!/documents/card~2F85365511
2025-06-12 11:17:03,342 - mainapp.logging_utils - INFO - [2025-06-12 11:17:03] Unable to price invoice https://kabinet.dreamkas.ru/app/#!/documents/card~2F85365510
2025-06-12 11:17:03,343 - mainapp.logging_utils - INFO - [2025-06-12 11:17:03] Unable to price invoice https://kabinet.dreamkas.ru/app/#!/documents/card~2F85365508
2025-06-12 11:17:03,343 - mainapp.logging_utils - INFO - [2025-06-12 11:17:03] Unable to price invoice https://kabinet.dreamkas.ru/app/#!/documents/card~2F85329359
2025-06-12 11:17:03,344 - mainapp.logging_utils - INFO - [2025-06-12 11:17:03] Unable to price invoice https://kabinet.dreamkas.ru/app/#!/documents/card~2F85304695
2025-06-12 11:17:03,344 - mainapp.logging_utils - INFO - [2025-06-12 11:17:03] Unable to price invoice https://kabinet.dreamkas.ru/app/#!/documents/card~2F85290915
2025-06-12 11:17:03,345 - mainapp.logging_utils - INFO - [2025-06-12 11:17:03] Unable to price invoice https://kabinet.dreamkas.ru/app/#!/documents/card~2F85276443
2025-06-12 11:17:03,346 - mainapp.logging_utils - INFO - [2025-06-12 11:17:03] Unable to price invoice https://kabinet.dreamkas.ru/app/#!/documents/card~2F85270714
2025-06-12 11:17:03,346 - mainapp.logging_utils - INFO - [2025-06-12 11:17:03] Unable to price invoice https://kabinet.dreamkas.ru/app/#!/documents/card~2F85270717
2025-06-12 11:17:03,349 - mainapp.logging_utils - INFO - [2025-06-12 11:17:03] Unable to price invoice https://kabinet.dreamkas.ru/app/#!/documents/card~2F85270718
2025-06-12 11:17:03,350 - mainapp.logging_utils - INFO - [2025-06-12 11:17:03] Unable to price invoice https://kabinet.dreamkas.ru/app/#!/documents/card~2F85270719
2025-06-12 11:17:03,351 - mainapp.logging_utils - INFO - [2025-06-12 11:17:03] Unable to price invoice https://kabinet.dreamkas.ru/app/#!/documents/card~2F85270371
2025-06-12 11:17:03,352 - mainapp.logging_utils - INFO - [2025-06-12 11:17:03] Unable to price invoice https://kabinet.dreamkas.ru/app/#!/documents/card~2F85270372
2025-06-12 11:17:03,353 - mainapp.logging_utils - INFO - [2025-06-12 11:17:03] Unable to price invoice https://kabinet.dreamkas.ru/app/#!/documents/card~2F85269024
2025-06-12 11:17:03,354 - mainapp.logging_utils - INFO - [2025-06-12 11:17:03] Unable to price invoice https://kabinet.dreamkas.ru/app/#!/documents/card~2F85268920
2025-06-12 11:17:03,355 - mainapp.logging_utils - INFO - [2025-06-12 11:17:03] Unable to price invoice https://kabinet.dreamkas.ru/app/#!/documents/card~2F85267568
2025-06-12 11:17:03,355 - mainapp.logging_utils - INFO - [2025-06-12 11:17:03] Unable to price invoice https://kabinet.dreamkas.ru/app/#!/documents/card~2F85217699
2025-06-12 11:17:03,356 - mainapp.logging_utils - INFO - [2025-06-12 11:17:03] Unable to price invoice https://kabinet.dreamkas.ru/app/#!/documents/card~2F85217701
2025-06-12 11:17:03,357 - mainapp.logging_utils - INFO - [2025-06-12 11:17:03] Unable to price invoice https://kabinet.dreamkas.ru/app/#!/documents/card~2F85215094
2025-06-12 11:17:03,357 - mainapp.logging_utils - INFO - [2025-06-12 11:17:03] Unable to price invoice https://kabinet.dreamkas.ru/app/#!/documents/card~2F85213079
2025-06-12 11:17:03,358 - mainapp.logging_utils - INFO - [2025-06-12 11:17:03] Unable to price invoice https://kabinet.dreamkas.ru/app/#!/documents/card~2F85187816
2025-06-12 11:17:03,359 - mainapp.logging_utils - INFO - [2025-06-12 11:17:03] Unable to price invoice https://kabinet.dreamkas.ru/app/#!/documents/card~2F85181123
2025-06-12 11:17:03,359 - mainapp.logging_utils - INFO - [2025-06-12 11:17:03] Unable to price invoice https://kabinet.dreamkas.ru/app/#!/documents/card~2F85176009
2025-06-12 11:17:03,360 - mainapp.logging_utils - INFO - [2025-06-12 11:17:03] Unable to price invoice https://kabinet.dreamkas.ru/app/#!/documents/card~2F85171924
2025-06-12 11:17:03,360 - mainapp.logging_utils - INFO - [2025-06-12 11:17:03] Unable to price invoice https://kabinet.dreamkas.ru/app/#!/documents/card~2F85144989
2025-06-12 11:17:03,361 - mainapp.logging_utils - INFO - [2025-06-12 11:17:03] Unable to price invoice https://kabinet.dreamkas.ru/app/#!/documents/card~2F85144410
2025-06-12 11:17:03,362 - mainapp.logging_utils - INFO - [2025-06-12 11:17:03] Unable to price invoice https://kabinet.dreamkas.ru/app/#!/documents/card~2F85136597
2025-06-12 11:17:03,362 - mainapp.logging_utils - INFO - [2025-06-12 11:17:03] Unable to price invoice https://kabinet.dreamkas.ru/app/#!/documents/card~2F85108654
2025-06-12 11:17:03,363 - mainapp.logging_utils - INFO - [2025-06-12 11:17:03] Unable to price invoice https://kabinet.dreamkas.ru/app/#!/documents/card~2F85107877
2025-06-12 11:17:03,364 - mainapp.logging_utils - INFO - [2025-06-12 11:17:03] Unable to price invoice https://kabinet.dreamkas.ru/app/#!/documents/card~2F85107875
2025-06-12 11:17:03,365 - mainapp.logging_utils - INFO - [2025-06-12 11:17:03] Unable to price invoice https://kabinet.dreamkas.ru/app/#!/documents/card~2F85107175
2025-06-12 11:17:03,366 - mainapp.logging_utils - INFO - [2025-06-12 11:17:03] Unable to price invoice https://kabinet.dreamkas.ru/app/#!/documents/card~2F85106762
2025-06-12 11:17:03,367 - mainapp.logging_utils - INFO - [2025-06-12 11:17:03] Unable to price invoice https://kabinet.dreamkas.ru/app/#!/documents/card~2F85106619
2025-06-12 11:17:03,368 - mainapp.logging_utils - INFO - [2025-06-12 11:17:03] Unable to price invoice https://kabinet.dreamkas.ru/app/#!/documents/card~2F85106372
2025-06-12 11:17:03,369 - mainapp.logging_utils - INFO - [2025-06-12 11:17:03] Unable to price invoice https://kabinet.dreamkas.ru/app/#!/documents/card~2F85105439
2025-06-12 11:17:03,370 - mainapp.logging_utils - INFO - [2025-06-12 11:17:03] Unable to price invoice https://kabinet.dreamkas.ru/app/#!/documents/card~2F85104371
2025-06-12 11:17:03,371 - mainapp.logging_utils - INFO - [2025-06-12 11:17:03] Unable to price invoice https://kabinet.dreamkas.ru/app/#!/documents/card~2F85104225
2025-06-12 11:17:03,371 - mainapp.logging_utils - INFO - [2025-06-12 11:17:03] Unable to price invoice https://kabinet.dreamkas.ru/app/#!/documents/card~2F85103992
2025-06-12 11:17:03,372 - mainapp.logging_utils - INFO - [2025-06-12 11:17:03] Unable to price invoice https://kabinet.dreamkas.ru/app/#!/documents/card~2F85103783
2025-06-12 11:17:03,373 - mainapp.logging_utils - INFO - [2025-06-12 11:17:03] Unable to price invoice https://kabinet.dreamkas.ru/app/#!/documents/card~2F85102424
2025-06-12 11:17:03,374 - mainapp.logging_utils - INFO - [2025-06-12 11:17:03] Unable to price invoice https://kabinet.dreamkas.ru/app/#!/documents/card~2F85102416
2025-06-12 11:17:03,374 - mainapp.logging_utils - INFO - [2025-06-12 11:17:03] Unable to price invoice https://kabinet.dreamkas.ru/app/#!/documents/card~2F85102418
2025-06-12 11:17:03,375 - mainapp.logging_utils - INFO - [2025-06-12 11:17:03] Unable to price invoice https://kabinet.dreamkas.ru/app/#!/documents/card~2F85101632
2025-06-12 11:17:03,376 - mainapp.logging_utils - INFO - [2025-06-12 11:17:03] Unable to price invoice https://kabinet.dreamkas.ru/app/#!/documents/card~2F85101472
2025-06-12 11:17:03,377 - mainapp.logging_utils - INFO - [2025-06-12 11:17:03] Unable to price invoice https://kabinet.dreamkas.ru/app/#!/documents/card~2F85101332
2025-06-12 11:17:03,378 - mainapp.logging_utils - INFO - [2025-06-12 11:17:03] Unable to price invoice https://kabinet.dreamkas.ru/app/#!/documents/card~2F85101191
2025-06-12 11:17:03,379 - mainapp.logging_utils - INFO - [2025-06-12 11:17:03] Unable to price invoice https://kabinet.dreamkas.ru/app/#!/documents/card~2F85100988
2025-06-12 11:17:03,379 - mainapp.logging_utils - INFO - [2025-06-12 11:17:03] Unable to price invoice https://kabinet.dreamkas.ru/app/#!/documents/card~2F85100628
2025-06-12 11:17:03,380 - mainapp.logging_utils - INFO - [2025-06-12 11:17:03] Unable to price invoice https://kabinet.dreamkas.ru/app/#!/documents/card~2F85095624
2025-06-12 11:17:03,382 - mainapp.logging_utils - INFO - [2025-06-12 11:17:03] Unable to price invoice https://kabinet.dreamkas.ru/app/#!/documents/card~2F85093402
2025-06-12 11:17:03,383 - mainapp.logging_utils - INFO - [2025-06-12 11:17:03] Unable to price invoice https://kabinet.dreamkas.ru/app/#!/documents/card~2F85091990
2025-06-12 11:17:03,384 - mainapp.logging_utils - INFO - [2025-06-12 11:17:03] Unable to price invoice https://kabinet.dreamkas.ru/app/#!/documents/card~2F85091643
2025-06-12 11:17:03,385 - mainapp.logging_utils - INFO - [2025-06-12 11:17:03] Unable to price invoice https://kabinet.dreamkas.ru/app/#!/documents/card~2F85089894
2025-06-12 11:17:03,386 - mainapp.logging_utils - INFO - [2025-06-12 11:17:03] Unable to price invoice https://kabinet.dreamkas.ru/app/#!/documents/card~2F85090096
2025-06-12 11:17:03,387 - mainapp.logging_utils - INFO - [2025-06-12 11:17:03] Unable to price invoice https://kabinet.dreamkas.ru/app/#!/documents/card~2F85089235
2025-06-12 11:17:03,388 - mainapp.logging_utils - INFO - [2025-06-12 11:17:03] Unable to price invoice https://kabinet.dreamkas.ru/app/#!/documents/card~2F85087612
2025-06-12 11:17:03,389 - mainapp.logging_utils - INFO - [2025-06-12 11:17:03] Unable to price invoice https://kabinet.dreamkas.ru/app/#!/documents/card~2F85084230
2025-06-12 11:17:03,389 - mainapp.logging_utils - INFO - [2025-06-12 11:17:03] Unable to price invoice https://kabinet.dreamkas.ru/app/#!/documents/card~2F85083707
2025-06-12 11:17:03,390 - mainapp.logging_utils - INFO - [2025-06-12 11:17:03] Unable to price invoice https://kabinet.dreamkas.ru/app/#!/documents/card~2F85083186
2025-06-12 11:17:03,391 - mainapp.logging_utils - INFO - [2025-06-12 11:17:03] Unable to price invoice https://kabinet.dreamkas.ru/app/#!/documents/card~2F85080485
2025-06-12 11:17:03,391 - mainapp.logging_utils - INFO - [2025-06-12 11:17:03] Unable to price invoice https://kabinet.dreamkas.ru/app/#!/documents/card~2F85063395
2025-06-12 11:17:03,392 - mainapp.logging_utils - INFO - [2025-06-12 11:17:03] Unable to price invoice https://kabinet.dreamkas.ru/app/#!/documents/card~2F85062967
2025-06-12 11:17:03,393 - mainapp.logging_utils - INFO - [2025-06-12 11:17:03] Unable to price invoice https://kabinet.dreamkas.ru/app/#!/documents/card~2F85054410
2025-06-12 11:17:03,393 - mainapp.logging_utils - INFO - [2025-06-12 11:17:03] Unable to price invoice https://kabinet.dreamkas.ru/app/#!/documents/card~2F85054325
2025-06-12 11:17:03,394 - mainapp.logging_utils - INFO - [2025-06-12 11:17:03] Unable to price invoice https://kabinet.dreamkas.ru/app/#!/documents/card~2F85054155
2025-06-12 11:17:03,395 - mainapp.logging_utils - INFO - [2025-06-12 11:17:03] Unable to price invoice https://kabinet.dreamkas.ru/app/#!/documents/card~2F85054050
2025-06-12 11:17:03,395 - mainapp.logging_utils - INFO - [2025-06-12 11:17:03] Unable to price invoice https://kabinet.dreamkas.ru/app/#!/documents/card~2F85037494
2025-06-12 11:17:03,396 - mainapp.logging_utils - INFO - [2025-06-12 11:17:03] Unable to price invoice https://kabinet.dreamkas.ru/app/#!/documents/card~2F85052949
2025-06-12 11:17:03,396 - mainapp.logging_utils - INFO - [2025-06-12 11:17:03] Unable to price invoice https://kabinet.dreamkas.ru/app/#!/documents/card~2F85052806
2025-06-12 11:17:03,398 - mainapp.logging_utils - INFO - [2025-06-12 11:17:03] Unable to price invoice https://kabinet.dreamkas.ru/app/#!/documents/card~2F85046678
2025-06-12 11:17:03,400 - mainapp.logging_utils - INFO - [2025-06-12 11:17:03] Unable to price invoice https://kabinet.dreamkas.ru/app/#!/documents/card~2F85044849
2025-06-12 11:17:03,401 - mainapp.logging_utils - INFO - [2025-06-12 11:17:03] Unable to price invoice https://kabinet.dreamkas.ru/app/#!/documents/card~2F85043168
2025-06-12 11:17:03,402 - mainapp.logging_utils - INFO - [2025-06-12 11:17:03] Unable to price invoice https://kabinet.dreamkas.ru/app/#!/documents/card~2F85037480
2025-06-12 11:17:03,402 - mainapp.logging_utils - INFO - [2025-06-12 11:17:03] Unable to price invoice https://kabinet.dreamkas.ru/app/#!/documents/card~2F85038069
2025-06-12 11:17:03,403 - mainapp.logging_utils - INFO - [2025-06-12 11:17:03] Unable to price invoice https://kabinet.dreamkas.ru/app/#!/documents/card~2F85037478
2025-06-12 11:17:03,404 - mainapp.logging_utils - INFO - [2025-06-12 11:17:03] Unable to price invoice https://kabinet.dreamkas.ru/app/#!/documents/card~2F85037194
2025-06-12 11:17:03,404 - mainapp.logging_utils - INFO - [2025-06-12 11:17:03] Unable to price invoice https://kabinet.dreamkas.ru/app/#!/documents/card~2F85036828
2025-06-12 11:17:03,405 - mainapp.logging_utils - INFO - [2025-06-12 11:17:03] Unable to price invoice https://kabinet.dreamkas.ru/app/#!/documents/card~2F85037007
2025-06-12 11:17:03,406 - mainapp.logging_utils - INFO - [2025-06-12 11:17:03] Unable to price invoice https://kabinet.dreamkas.ru/app/#!/documents/card~2F85036840
2025-06-12 11:17:03,407 - mainapp.logging_utils - INFO - [2025-06-12 11:17:03] Unable to price invoice https://kabinet.dreamkas.ru/app/#!/documents/card~2F85035636
2025-06-12 11:17:03,407 - mainapp.logging_utils - INFO - [2025-06-12 11:17:03] Unable to price invoice https://kabinet.dreamkas.ru/app/#!/documents/card~2F85035203
2025-06-12 11:17:03,408 - mainapp.logging_utils - INFO - [2025-06-12 11:17:03] Unable to price invoice https://kabinet.dreamkas.ru/app/#!/documents/card~2F85034879
2025-06-12 11:17:03,409 - mainapp.logging_utils - INFO - [2025-06-12 11:17:03] Unable to price invoice https://kabinet.dreamkas.ru/app/#!/documents/card~2F85034437
2025-06-12 11:17:03,410 - mainapp.logging_utils - INFO - [2025-06-12 11:17:03] Unable to price invoice https://kabinet.dreamkas.ru/app/#!/documents/card~2F85034280
2025-06-12 11:17:03,410 - mainapp.logging_utils - INFO - [2025-06-12 11:17:03] Unable to price invoice https://kabinet.dreamkas.ru/app/#!/documents/card~2F85034172
2025-06-12 11:17:03,411 - mainapp.logging_utils - INFO - [2025-06-12 11:17:03] Unable to price invoice https://kabinet.dreamkas.ru/app/#!/documents/card~2F85034096
2025-06-12 11:17:03,412 - mainapp.logging_utils - INFO - [2025-06-12 11:17:03] Unable to price invoice https://kabinet.dreamkas.ru/app/#!/documents/card~2F85032704
2025-06-12 11:17:03,412 - mainapp.logging_utils - INFO - [2025-06-12 11:17:03] Unable to price invoice https://kabinet.dreamkas.ru/app/#!/documents/card~2F85031105
2025-06-12 11:17:03,413 - mainapp.logging_utils - INFO - [2025-06-12 11:17:03] Unable to price invoice https://kabinet.dreamkas.ru/app/#!/documents/card~2F85031110
2025-06-12 11:17:03,414 - mainapp.logging_utils - INFO - [2025-06-12 11:17:03] Unable to price invoice https://kabinet.dreamkas.ru/app/#!/documents/card~2F85015895
2025-06-12 11:17:03,416 - mainapp.logging_utils - INFO - [2025-06-12 11:17:03] Unable to price invoice https://kabinet.dreamkas.ru/app/#!/documents/card~2F85015896
2025-06-12 11:17:03,417 - mainapp.logging_utils - INFO - [2025-06-12 11:17:03] Unable to price invoice https://kabinet.dreamkas.ru/app/#!/documents/card~2F85015897
2025-06-12 11:17:03,417 - mainapp.logging_utils - INFO - [2025-06-12 11:17:03] Unable to price invoice https://kabinet.dreamkas.ru/app/#!/documents/card~2F85015899
2025-06-12 11:17:03,418 - mainapp.logging_utils - INFO - [2025-06-12 11:17:03] Unable to price invoice https://kabinet.dreamkas.ru/app/#!/documents/card~2F85015193
2025-06-12 11:17:03,419 - mainapp.logging_utils - INFO - [2025-06-12 11:17:03] Unable to price invoice https://kabinet.dreamkas.ru/app/#!/documents/card~2F85014886
2025-06-12 11:17:03,420 - mainapp.logging_utils - INFO - [2025-06-12 11:17:03] Unable to price invoice https://kabinet.dreamkas.ru/app/#!/documents/card~2F85014888
2025-06-12 11:17:03,421 - mainapp.logging_utils - INFO - [2025-06-12 11:17:03] Unable to price invoice https://kabinet.dreamkas.ru/app/#!/documents/card~2F85014890
2025-06-12 11:17:03,422 - mainapp.logging_utils - INFO - [2025-06-12 11:17:03] Unable to price invoice https://kabinet.dreamkas.ru/app/#!/documents/card~2F85014892
2025-06-12 11:17:03,422 - mainapp.logging_utils - INFO - [2025-06-12 11:17:03] Unable to price invoice https://kabinet.dreamkas.ru/app/#!/documents/card~2F85014683
2025-06-12 11:17:03,423 - mainapp.logging_utils - INFO - [2025-06-12 11:17:03] Unable to price invoice https://kabinet.dreamkas.ru/app/#!/documents/card~2F85014454
2025-06-12 11:17:03,424 - mainapp.logging_utils - INFO - [2025-06-12 11:17:03] Unable to price invoice https://kabinet.dreamkas.ru/app/#!/documents/card~2F85013339
2025-06-12 11:17:03,424 - mainapp.logging_utils - INFO - [2025-06-12 11:17:03] Unable to price invoice https://kabinet.dreamkas.ru/app/#!/documents/card~2F85012298
2025-06-12 11:17:03,425 - mainapp.logging_utils - INFO - [2025-06-12 11:17:03] Unable to price invoice https://kabinet.dreamkas.ru/app/#!/documents/card~2F85011901
2025-06-12 11:17:03,425 - mainapp.logging_utils - INFO - [2025-06-12 11:17:03] Unable to price invoice https://kabinet.dreamkas.ru/app/#!/documents/card~2F85008804
2025-06-12 11:17:03,426 - mainapp.logging_utils - INFO - [2025-06-12 11:17:03] Unable to price invoice https://kabinet.dreamkas.ru/app/#!/documents/card~2F85008200
2025-06-12 11:17:03,427 - mainapp.logging_utils - INFO - [2025-06-12 11:17:03] Unable to price invoice https://kabinet.dreamkas.ru/app/#!/documents/card~2F85007408
2025-06-12 11:17:03,427 - mainapp.logging_utils - INFO - [2025-06-12 11:17:03] Unable to price invoice https://kabinet.dreamkas.ru/app/#!/documents/card~2F85006152
2025-06-12 11:17:03,428 - mainapp.logging_utils - INFO - [2025-06-12 11:17:03] Unable to price invoice https://kabinet.dreamkas.ru/app/#!/documents/card~2F85006146
2025-06-12 11:17:03,429 - mainapp.logging_utils - INFO - [2025-06-12 11:17:03] Unable to price invoice https://kabinet.dreamkas.ru/app/#!/documents/card~2F85005861
2025-06-12 11:17:03,429 - mainapp.logging_utils - INFO - [2025-06-12 11:17:03] Unable to price invoice https://kabinet.dreamkas.ru/app/#!/documents/card~2F85005862
2025-06-12 11:17:03,430 - mainapp.logging_utils - INFO - [2025-06-12 11:17:03] Unable to price invoice https://kabinet.dreamkas.ru/app/#!/documents/card~2F85004853
2025-06-12 11:17:03,431 - mainapp.logging_utils - INFO - [2025-06-12 11:17:03] Unable to price invoice https://kabinet.dreamkas.ru/app/#!/documents/card~2F85004426
2025-06-12 11:17:03,433 - mainapp.logging_utils - INFO - [2025-06-12 11:17:03] Unable to price invoice https://kabinet.dreamkas.ru/app/#!/documents/card~2F85003565
2025-06-12 11:17:03,434 - mainapp.logging_utils - INFO - [2025-06-12 11:17:03] Unable to price invoice https://kabinet.dreamkas.ru/app/#!/documents/card~2F85001199
2025-06-12 11:17:03,435 - mainapp.logging_utils - INFO - [2025-06-12 11:17:03] Unable to price invoice https://kabinet.dreamkas.ru/app/#!/documents/card~2F85000306
2025-06-12 11:17:03,436 - mainapp.logging_utils - INFO - [2025-06-12 11:17:03] Unable to price invoice https://kabinet.dreamkas.ru/app/#!/documents/card~2F84999499
2025-06-12 11:17:03,437 - mainapp.logging_utils - INFO - [2025-06-12 11:17:03] Unable to price invoice https://kabinet.dreamkas.ru/app/#!/documents/card~2F84996068
2025-06-12 11:17:03,438 - mainapp.logging_utils - INFO - [2025-06-12 11:17:03] Unable to price invoice https://kabinet.dreamkas.ru/app/#!/documents/card~2F84977329
2025-06-12 11:17:03,439 - mainapp.logging_utils - INFO - [2025-06-12 11:17:03] Unable to price invoice https://kabinet.dreamkas.ru/app/#!/documents/card~2F84975981
2025-06-12 11:17:03,440 - mainapp.logging_utils - INFO - [2025-06-12 11:17:03] Unable to price invoice https://kabinet.dreamkas.ru/app/#!/documents/card~2F84973083
2025-06-12 11:17:03,440 - mainapp.logging_utils - INFO - [2025-06-12 11:17:03] Unable to price invoice https://kabinet.dreamkas.ru/app/#!/documents/card~2F84973082
2025-06-12 11:17:03,441 - mainapp.logging_utils - INFO - [2025-06-12 11:17:03] Unable to price invoice https://kabinet.dreamkas.ru/app/#!/documents/card~2F84958820
2025-06-12 11:17:03,442 - mainapp.logging_utils - INFO - [2025-06-12 11:17:03] Unable to price invoice https://kabinet.dreamkas.ru/app/#!/documents/card~2F84958099
2025-06-12 11:17:03,443 - mainapp.logging_utils - INFO - [2025-06-12 11:17:03] Unable to price invoice https://kabinet.dreamkas.ru/app/#!/documents/card~2F84958101
2025-06-12 11:17:03,444 - mainapp.logging_utils - INFO - [2025-06-12 11:17:03] Unable to price invoice https://kabinet.dreamkas.ru/app/#!/documents/card~2F84957642
2025-06-12 11:17:03,444 - mainapp.logging_utils - INFO - [2025-06-12 11:17:03] Unable to price invoice https://kabinet.dreamkas.ru/app/#!/documents/card~2F84957427
2025-06-12 11:17:03,445 - mainapp.logging_utils - INFO - [2025-06-12 11:17:03] Unable to price invoice https://kabinet.dreamkas.ru/app/#!/documents/card~2F84957476
2025-06-12 11:17:03,446 - mainapp.logging_utils - INFO - [2025-06-12 11:17:03] Unable to price invoice https://kabinet.dreamkas.ru/app/#!/documents/card~2F84957402
2025-06-12 11:17:03,446 - mainapp.logging_utils - INFO - [2025-06-12 11:17:03] Unable to price invoice https://kabinet.dreamkas.ru/app/#!/documents/card~2F84957321
2025-06-12 11:17:03,447 - mainapp.logging_utils - INFO - [2025-06-12 11:17:03] Unable to price invoice https://kabinet.dreamkas.ru/app/#!/documents/card~2F84957336
2025-06-12 11:17:03,449 - mainapp.logging_utils - INFO - [2025-06-12 11:17:03] Unable to price invoice https://kabinet.dreamkas.ru/app/#!/documents/card~2F84956904
2025-06-12 11:17:03,450 - mainapp.logging_utils - INFO - [2025-06-12 11:17:03] Unable to price invoice https://kabinet.dreamkas.ru/app/#!/documents/card~2F84956811
2025-06-12 11:17:03,451 - mainapp.logging_utils - INFO - [2025-06-12 11:17:03] Unable to price invoice https://kabinet.dreamkas.ru/app/#!/documents/card~2F84956810
2025-06-12 11:17:03,452 - mainapp.logging_utils - INFO - [2025-06-12 11:17:03] Unable to price invoice https://kabinet.dreamkas.ru/app/#!/documents/card~2F84956615
2025-06-12 11:17:03,453 - mainapp.logging_utils - INFO - [2025-06-12 11:17:03] Unable to price invoice https://kabinet.dreamkas.ru/app/#!/documents/card~2F84955839
2025-06-12 11:17:03,453 - mainapp.logging_utils - INFO - [2025-06-12 11:17:03] Unable to price invoice https://kabinet.dreamkas.ru/app/#!/documents/card~2F84955662
2025-06-12 11:17:03,454 - mainapp.logging_utils - INFO - [2025-06-12 11:17:03] Unable to price invoice https://kabinet.dreamkas.ru/app/#!/documents/card~2F84955564
2025-06-12 11:17:03,455 - mainapp.logging_utils - INFO - [2025-06-12 11:17:03] Unable to price invoice https://kabinet.dreamkas.ru/app/#!/documents/card~2F84954329
2025-06-12 11:17:03,456 - mainapp.logging_utils - INFO - [2025-06-12 11:17:03] Unable to price invoice https://kabinet.dreamkas.ru/app/#!/documents/card~2F84954011
2025-06-12 11:17:03,456 - mainapp.logging_utils - INFO - [2025-06-12 11:17:03] Unable to price invoice https://kabinet.dreamkas.ru/app/#!/documents/card~2F84953840
2025-06-12 11:17:03,457 - mainapp.logging_utils - INFO - [2025-06-12 11:17:03] Unable to price invoice https://kabinet.dreamkas.ru/app/#!/documents/card~2F84953661
2025-06-12 11:17:03,458 - mainapp.logging_utils - INFO - [2025-06-12 11:17:03] Unable to price invoice https://kabinet.dreamkas.ru/app/#!/documents/card~2F84953640
2025-06-12 11:17:03,459 - mainapp.logging_utils - INFO - [2025-06-12 11:17:03] Unable to price invoice https://kabinet.dreamkas.ru/app/#!/documents/card~2F84953551
2025-06-12 11:17:03,459 - mainapp.logging_utils - INFO - [2025-06-12 11:17:03] Unable to price invoice https://kabinet.dreamkas.ru/app/#!/documents/card~2F84953348
2025-06-12 11:17:03,460 - mainapp.logging_utils - INFO - [2025-06-12 11:17:03] Unable to price invoice https://kabinet.dreamkas.ru/app/#!/documents/card~2F84953062
2025-06-12 11:17:03,461 - mainapp.logging_utils - INFO - [2025-06-12 11:17:03] Unable to price invoice https://kabinet.dreamkas.ru/app/#!/documents/card~2F84952899
2025-06-12 11:17:03,461 - mainapp.logging_utils - INFO - [2025-06-12 11:17:03] Unable to price invoice https://kabinet.dreamkas.ru/app/#!/documents/card~2F84952569
2025-06-12 11:17:03,462 - mainapp.logging_utils - INFO - [2025-06-12 11:17:03] Unable to price invoice https://kabinet.dreamkas.ru/app/#!/documents/card~2F84952202
2025-06-12 11:17:03,463 - mainapp.logging_utils - INFO - [2025-06-12 11:17:03] Unable to price invoice https://kabinet.dreamkas.ru/app/#!/documents/card~2F84952132
2025-06-12 11:17:03,463 - mainapp.logging_utils - INFO - [2025-06-12 11:17:03] Unable to price invoice https://kabinet.dreamkas.ru/app/#!/documents/card~2F84951543
2025-06-12 11:17:03,464 - mainapp.logging_utils - INFO - [2025-06-12 11:17:03] Unable to price invoice https://kabinet.dreamkas.ru/app/#!/documents/card~2F84951099
2025-06-12 11:17:03,466 - mainapp.logging_utils - INFO - [2025-06-12 11:17:03] Unable to price invoice https://kabinet.dreamkas.ru/app/#!/documents/card~2F84948313
2025-06-12 11:17:03,467 - mainapp.logging_utils - INFO - [2025-06-12 11:17:03] Unable to price invoice https://kabinet.dreamkas.ru/app/#!/documents/card~2F84948308
2025-06-12 11:17:03,468 - mainapp.logging_utils - INFO - [2025-06-12 11:17:03] Unable to price invoice https://kabinet.dreamkas.ru/app/#!/documents/card~2F84950194
2025-06-12 11:17:03,469 - mainapp.logging_utils - INFO - [2025-06-12 11:17:03] Unable to price invoice https://kabinet.dreamkas.ru/app/#!/documents/card~2F84950105
2025-06-12 11:17:03,470 - mainapp.logging_utils - INFO - [2025-06-12 11:17:03] Unable to price invoice https://kabinet.dreamkas.ru/app/#!/documents/card~2F84949867
2025-06-12 11:17:03,471 - mainapp.logging_utils - INFO - [2025-06-12 11:17:03] Unable to price invoice https://kabinet.dreamkas.ru/app/#!/documents/card~2F84949306
2025-06-12 11:17:03,471 - mainapp.logging_utils - INFO - [2025-06-12 11:17:03] Unable to price invoice https://kabinet.dreamkas.ru/app/#!/documents/card~2F84947671
2025-06-12 11:17:03,472 - mainapp.logging_utils - INFO - [2025-06-12 11:17:03] Unable to price invoice https://kabinet.dreamkas.ru/app/#!/documents/card~2F84948506
2025-06-12 11:17:03,473 - mainapp.logging_utils - INFO - [2025-06-12 11:17:03] Unable to price invoice https://kabinet.dreamkas.ru/app/#!/documents/card~2F84947873
2025-06-12 11:17:03,473 - mainapp.logging_utils - INFO - [2025-06-12 11:17:03] Unable to price invoice https://kabinet.dreamkas.ru/app/#!/documents/card~2F84947780
2025-06-12 11:17:03,474 - mainapp.logging_utils - INFO - [2025-06-12 11:17:03] Unable to price invoice https://kabinet.dreamkas.ru/app/#!/documents/card~2F84947534
2025-06-12 11:17:03,474 - mainapp.logging_utils - INFO - [2025-06-12 11:17:03] Unable to price invoice https://kabinet.dreamkas.ru/app/#!/documents/card~2F84946675
2025-06-12 11:17:03,475 - mainapp.logging_utils - INFO - [2025-06-12 11:17:03] Unable to price invoice https://kabinet.dreamkas.ru/app/#!/documents/card~2F84943562
2025-06-12 11:17:03,476 - mainapp.logging_utils - INFO - [2025-06-12 11:17:03] Unable to price invoice https://kabinet.dreamkas.ru/app/#!/documents/card~2F84943131
2025-06-12 11:17:03,477 - mainapp.logging_utils - INFO - [2025-06-12 11:17:03] Unable to price invoice https://kabinet.dreamkas.ru/app/#!/documents/card~2F84943124
2025-06-12 11:17:03,478 - mainapp.logging_utils - INFO - [2025-06-12 11:17:03] Unable to price invoice https://kabinet.dreamkas.ru/app/#!/documents/card~2F84927431
2025-06-12 11:17:03,478 - mainapp.logging_utils - INFO - [2025-06-12 11:17:03] Unable to price invoice https://kabinet.dreamkas.ru/app/#!/documents/card~2F84926392
2025-06-12 11:17:03,479 - mainapp.logging_utils - INFO - [2025-06-12 11:17:03] Unable to price invoice https://kabinet.dreamkas.ru/app/#!/documents/card~2F84926018
2025-06-12 11:17:03,480 - mainapp.logging_utils - INFO - [2025-06-12 11:17:03] Unable to price invoice https://kabinet.dreamkas.ru/app/#!/documents/card~2F84925690
2025-06-12 11:17:03,481 - mainapp.logging_utils - INFO - [2025-06-12 11:17:03] Unable to price invoice https://kabinet.dreamkas.ru/app/#!/documents/card~2F84925567
2025-06-12 11:17:03,483 - mainapp.logging_utils - INFO - [2025-06-12 11:17:03] Unable to price invoice https://kabinet.dreamkas.ru/app/#!/documents/card~2F84925342
2025-06-12 11:17:03,484 - mainapp.logging_utils - INFO - [2025-06-12 11:17:03] Unable to price invoice https://kabinet.dreamkas.ru/app/#!/documents/card~2F84925031
2025-06-12 11:17:03,485 - mainapp.logging_utils - INFO - [2025-06-12 11:17:03] Unable to price invoice https://kabinet.dreamkas.ru/app/#!/documents/card~2F84924145
2025-06-12 11:17:03,486 - mainapp.logging_utils - INFO - [2025-06-12 11:17:03] Unable to price invoice https://kabinet.dreamkas.ru/app/#!/documents/card~2F84924150
2025-06-12 11:17:03,487 - mainapp.logging_utils - INFO - [2025-06-12 11:17:03] Unable to price invoice https://kabinet.dreamkas.ru/app/#!/documents/card~2F84924152
2025-06-12 11:17:03,487 - mainapp.logging_utils - INFO - [2025-06-12 11:17:03] Unable to price invoice https://kabinet.dreamkas.ru/app/#!/documents/card~2F84922905
2025-06-12 11:17:03,488 - mainapp.logging_utils - INFO - [2025-06-12 11:17:03] Unable to price invoice https://kabinet.dreamkas.ru/app/#!/documents/card~2F84920450
2025-06-12 11:17:03,489 - mainapp.logging_utils - INFO - [2025-06-12 11:17:03] Unable to price invoice https://kabinet.dreamkas.ru/app/#!/documents/card~2F84919815
2025-06-12 11:17:03,490 - mainapp.logging_utils - INFO - [2025-06-12 11:17:03] Unable to price invoice https://kabinet.dreamkas.ru/app/#!/documents/card~2F84918051
2025-06-12 11:17:03,491 - mainapp.logging_utils - INFO - [2025-06-12 11:17:03] Unable to price invoice https://kabinet.dreamkas.ru/app/#!/documents/card~2F84918892
2025-06-12 11:17:03,491 - mainapp.logging_utils - INFO - [2025-06-12 11:17:03] Unable to price invoice https://kabinet.dreamkas.ru/app/#!/documents/card~2F84918205
2025-06-12 11:17:03,492 - mainapp.logging_utils - INFO - [2025-06-12 11:17:03] Unable to price invoice https://kabinet.dreamkas.ru/app/#!/documents/card~2F84917588
2025-06-12 11:17:03,493 - mainapp.logging_utils - INFO - [2025-06-12 11:17:03] Unable to price invoice https://kabinet.dreamkas.ru/app/#!/documents/card~2F84916059
2025-06-12 11:17:03,493 - mainapp.logging_utils - INFO - [2025-06-12 11:17:03] Unable to price invoice https://kabinet.dreamkas.ru/app/#!/documents/card~2F84915712
2025-06-12 11:17:03,494 - mainapp.logging_utils - INFO - [2025-06-12 11:17:03] Unable to price invoice https://kabinet.dreamkas.ru/app/#!/documents/card~2F84915493
2025-06-12 11:17:03,495 - mainapp.logging_utils - INFO - [2025-06-12 11:17:03] Unable to price invoice https://kabinet.dreamkas.ru/app/#!/documents/card~2F84912965
2025-06-12 11:17:03,495 - mainapp.logging_utils - INFO - [2025-06-12 11:17:03] Unable to price invoice https://kabinet.dreamkas.ru/app/#!/documents/card~2F84912822
2025-06-12 11:17:03,496 - mainapp.logging_utils - INFO - [2025-06-12 11:17:03] Unable to price invoice https://kabinet.dreamkas.ru/app/#!/documents/card~2F84912140
2025-06-12 11:17:03,497 - mainapp.logging_utils - INFO - [2025-06-12 11:17:03] Unable to price invoice https://kabinet.dreamkas.ru/app/#!/documents/card~2F84911633
2025-06-12 11:17:03,498 - mainapp.logging_utils - INFO - [2025-06-12 11:17:03] Unable to price invoice https://kabinet.dreamkas.ru/app/#!/documents/card~2F84911530
2025-06-12 11:17:03,500 - mainapp.logging_utils - INFO - [2025-06-12 11:17:03] Unable to price invoice https://kabinet.dreamkas.ru/app/#!/documents/card~2F84908753
2025-06-12 11:17:03,501 - mainapp.logging_utils - INFO - [2025-06-12 11:17:03] Unable to price invoice https://kabinet.dreamkas.ru/app/#!/documents/card~2F84899544
2025-06-12 11:17:03,502 - mainapp.logging_utils - INFO - [2025-06-12 11:17:03] Unable to price invoice https://kabinet.dreamkas.ru/app/#!/documents/card~2F84898604
2025-06-12 11:17:03,502 - mainapp.logging_utils - INFO - [2025-06-12 11:17:03] Unable to price invoice https://kabinet.dreamkas.ru/app/#!/documents/card~2F84893903
2025-06-12 11:17:03,503 - mainapp.logging_utils - INFO - [2025-06-12 11:17:03] Unable to price invoice https://kabinet.dreamkas.ru/app/#!/documents/card~2F84893437
2025-06-12 11:17:03,504 - mainapp.logging_utils - INFO - [2025-06-12 11:17:03] Unable to price invoice https://kabinet.dreamkas.ru/app/#!/documents/card~2F84893435
2025-06-12 11:17:03,505 - mainapp.logging_utils - INFO - [2025-06-12 11:17:03] Unable to price invoice https://kabinet.dreamkas.ru/app/#!/documents/card~2F84892295
2025-06-12 11:17:03,506 - mainapp.logging_utils - INFO - [2025-06-12 11:17:03] Unable to price invoice https://kabinet.dreamkas.ru/app/#!/documents/card~2F84875397
2025-06-12 11:17:03,506 - mainapp.logging_utils - INFO - [2025-06-12 11:17:03] Unable to price invoice https://kabinet.dreamkas.ru/app/#!/documents/card~2F84865021
2025-06-12 11:17:03,507 - mainapp.logging_utils - INFO - [2025-06-12 11:17:03] Unable to price invoice https://kabinet.dreamkas.ru/app/#!/documents/card~2F84872664
2025-06-12 11:17:03,508 - mainapp.logging_utils - INFO - [2025-06-12 11:17:03] Unable to price invoice https://kabinet.dreamkas.ru/app/#!/documents/card~2F84871592
2025-06-12 11:17:03,508 - mainapp.logging_utils - INFO - [2025-06-12 11:17:03] Unable to price invoice https://kabinet.dreamkas.ru/app/#!/documents/card~2F84870841
2025-06-12 11:17:03,509 - mainapp.logging_utils - INFO - [2025-06-12 11:17:03] Unable to price invoice https://kabinet.dreamkas.ru/app/#!/documents/card~2F84867416
2025-06-12 11:17:03,510 - mainapp.logging_utils - INFO - [2025-06-12 11:17:03] Unable to price invoice https://kabinet.dreamkas.ru/app/#!/documents/card~2F84869615
2025-06-12 11:17:03,510 - mainapp.logging_utils - INFO - [2025-06-12 11:17:03] Unable to price invoice https://kabinet.dreamkas.ru/app/#!/documents/card~2F84869416
2025-06-12 11:17:03,511 - mainapp.logging_utils - INFO - [2025-06-12 11:17:03] Unable to price invoice https://kabinet.dreamkas.ru/app/#!/documents/card~2F84867064
2025-06-12 11:17:03,512 - mainapp.logging_utils - INFO - [2025-06-12 11:17:03] Unable to price invoice https://kabinet.dreamkas.ru/app/#!/documents/card~2F84866681
2025-06-12 11:17:03,512 - mainapp.logging_utils - INFO - [2025-06-12 11:17:03] Unable to price invoice https://kabinet.dreamkas.ru/app/#!/documents/card~2F84863453
2025-06-12 11:17:03,513 - mainapp.logging_utils - INFO - [2025-06-12 11:17:03] Unable to price invoice https://kabinet.dreamkas.ru/app/#!/documents/card~2F84862843
2025-06-12 11:17:03,513 - mainapp.logging_utils - INFO - [2025-06-12 11:17:03] Unable to price invoice https://kabinet.dreamkas.ru/app/#!/documents/card~2F84862243
2025-06-12 11:17:03,515 - mainapp.logging_utils - INFO - [2025-06-12 11:17:03] Unable to price invoice https://kabinet.dreamkas.ru/app/#!/documents/card~2F84862359
2025-06-12 11:17:03,516 - mainapp.logging_utils - INFO - [2025-06-12 11:17:03] Unable to price invoice https://kabinet.dreamkas.ru/app/#!/documents/card~2F84838701
2025-06-12 11:17:03,517 - mainapp.logging_utils - INFO - [2025-06-12 11:17:03] Unable to price invoice https://kabinet.dreamkas.ru/app/#!/documents/card~2F84838699
2025-06-12 11:17:03,518 - mainapp.logging_utils - INFO - [2025-06-12 11:17:03] Unable to price invoice https://kabinet.dreamkas.ru/app/#!/documents/card~2F84861241
2025-06-12 11:17:03,518 - mainapp.logging_utils - INFO - [2025-06-12 11:17:03] Unable to price invoice https://kabinet.dreamkas.ru/app/#!/documents/card~2F84858256
2025-06-12 11:17:03,519 - mainapp.logging_utils - INFO - [2025-06-12 11:17:03] Unable to price invoice https://kabinet.dreamkas.ru/app/#!/documents/card~2F84856943
2025-06-12 11:17:03,520 - mainapp.logging_utils - INFO - [2025-06-12 11:17:03] Unable to price invoice https://kabinet.dreamkas.ru/app/#!/documents/card~2F84855391
2025-06-12 11:17:03,521 - mainapp.logging_utils - INFO - [2025-06-12 11:17:03] Unable to price invoice https://kabinet.dreamkas.ru/app/#!/documents/card~2F84854990
2025-06-12 11:17:03,522 - mainapp.logging_utils - INFO - [2025-06-12 11:17:03] Unable to price invoice https://kabinet.dreamkas.ru/app/#!/documents/card~2F84854829
2025-06-12 11:17:03,523 - mainapp.logging_utils - INFO - [2025-06-12 11:17:03] Unable to price invoice https://kabinet.dreamkas.ru/app/#!/documents/card~2F84850733
2025-06-12 11:17:03,524 - mainapp.logging_utils - INFO - [2025-06-12 11:17:03] Unable to price invoice https://kabinet.dreamkas.ru/app/#!/documents/card~2F84853140
2025-06-12 11:17:03,524 - mainapp.logging_utils - INFO - [2025-06-12 11:17:03] Unable to price invoice https://kabinet.dreamkas.ru/app/#!/documents/card~2F84841066
2025-06-12 11:17:03,525 - mainapp.logging_utils - INFO - [2025-06-12 11:17:03] Unable to price invoice https://kabinet.dreamkas.ru/app/#!/documents/card~2F84840924
2025-06-12 11:17:03,526 - mainapp.logging_utils - INFO - [2025-06-12 11:17:03] Unable to price invoice https://kabinet.dreamkas.ru/app/#!/documents/card~2F86357544
2025-06-12 11:17:03,527 - mainapp.logging_utils - INFO - [2025-06-12 11:17:03] Unable to price invoice https://kabinet.dreamkas.ru/app/#!/documents/card~2F86361445
2025-06-12 11:17:03,527 - mainapp.logging_utils - INFO - [2025-06-12 11:17:03] Unable to price invoice https://kabinet.dreamkas.ru/app/#!/documents/card~2F86362157
2025-06-12 11:17:03,528 - mainapp.logging_utils - INFO - [2025-06-12 11:17:03] Unable to price invoice https://kabinet.dreamkas.ru/app/#!/documents/card~2F86362156
2025-06-12 11:17:03,529 - mainapp.logging_utils - INFO - [2025-06-12 11:17:03] Unable to price invoice https://kabinet.dreamkas.ru/app/#!/documents/card~2F86362155
2025-06-12 11:17:03,530 - mainapp.logging_utils - INFO - [2025-06-12 11:17:03] Unable to price invoice https://kabinet.dreamkas.ru/app/#!/documents/card~2F86364437
2025-06-12 11:17:03,531 - mainapp.logging_utils - INFO - [2025-06-12 11:17:03] Unable to price invoice https://kabinet.dreamkas.ru/app/#!/documents/card~2F86364276
2025-06-12 11:17:03,532 - mainapp.logging_utils - INFO - [2025-06-12 11:17:03] Unable to price invoice https://kabinet.dreamkas.ru/app/#!/documents/card~2F86364247
2025-06-12 11:17:03,533 - mainapp.logging_utils - INFO - [2025-06-12 11:17:03] Unable to price invoice https://kabinet.dreamkas.ru/app/#!/documents/card~2F86364080
2025-06-12 11:17:03,534 - mainapp.logging_utils - INFO - [2025-06-12 11:17:03] Unable to price invoice https://kabinet.dreamkas.ru/app/#!/documents/card~2F86363907
2025-06-12 11:17:03,535 - mainapp.logging_utils - INFO - [2025-06-12 11:17:03] Unable to price invoice https://kabinet.dreamkas.ru/app/#!/documents/card~2F86363861
2025-06-12 11:17:03,536 - mainapp.logging_utils - INFO - [2025-06-12 11:17:03] Unable to price invoice https://kabinet.dreamkas.ru/app/#!/documents/card~2F86363134
2025-06-12 11:17:03,536 - mainapp.logging_utils - INFO - [2025-06-12 11:17:03] Unable to price invoice https://kabinet.dreamkas.ru/app/#!/documents/card~2F86384204
2025-06-12 11:17:03,537 - mainapp.logging_utils - INFO - [2025-06-12 11:17:03] Unable to price invoice https://kabinet.dreamkas.ru/app/#!/documents/card~2F86384202
2025-06-12 11:17:03,538 - mainapp.logging_utils - INFO - [2025-06-12 11:17:03] Unable to price invoice https://kabinet.dreamkas.ru/app/#!/documents/card~2F86393730
2025-06-12 11:17:03,539 - mainapp.logging_utils - INFO - [2025-06-12 11:17:03] Unable to price invoice https://kabinet.dreamkas.ru/app/#!/documents/card~2F86393639
2025-06-12 11:17:03,539 - mainapp.logging_utils - INFO - [2025-06-12 11:17:03] Unable to price invoice https://kabinet.dreamkas.ru/app/#!/documents/card~2F86391127
2025-06-12 11:17:03,540 - mainapp.logging_utils - INFO - [2025-06-12 11:17:03] Unable to price invoice https://kabinet.dreamkas.ru/app/#!/documents/card~2F86389776
2025-06-12 11:17:03,540 - mainapp.logging_utils - INFO - [2025-06-12 11:17:03] Unable to price invoice https://kabinet.dreamkas.ru/app/#!/documents/card~2F86389632
2025-06-12 11:17:03,541 - mainapp.logging_utils - INFO - [2025-06-12 11:17:03] Unable to price invoice https://kabinet.dreamkas.ru/app/#!/documents/card~2F86387729
2025-06-12 11:17:03,542 - mainapp.logging_utils - INFO - [2025-06-12 11:17:03] Unable to price invoice https://kabinet.dreamkas.ru/app/#!/documents/card~2F86387848
2025-06-12 11:17:03,542 - mainapp.logging_utils - INFO - [2025-06-12 11:17:03] Unable to price invoice https://kabinet.dreamkas.ru/app/#!/documents/card~2F86387454
2025-06-12 11:17:03,543 - mainapp.logging_utils - INFO - [2025-06-12 11:17:03] Unable to price invoice https://kabinet.dreamkas.ru/app/#!/documents/card~2F86387372
2025-06-12 11:17:03,543 - mainapp.logging_utils - INFO - [2025-06-12 11:17:03] Unable to price invoice https://kabinet.dreamkas.ru/app/#!/documents/card~2F86387306
2025-06-12 11:17:03,544 - mainapp.logging_utils - INFO - [2025-06-12 11:17:03] Unable to price invoice https://kabinet.dreamkas.ru/app/#!/documents/card~2F86387183
2025-06-12 11:17:03,544 - mainapp.logging_utils - INFO - [2025-06-12 11:17:03] Unable to price invoice https://kabinet.dreamkas.ru/app/#!/documents/card~2F86386971
2025-06-12 11:17:03,545 - mainapp.logging_utils - INFO - [2025-06-12 11:17:03] Unable to price invoice https://kabinet.dreamkas.ru/app/#!/documents/card~2F86386769
2025-06-12 11:17:03,546 - mainapp.logging_utils - INFO - [2025-06-12 11:17:03] Unable to price invoice https://kabinet.dreamkas.ru/app/#!/documents/card~2F86385753
2025-06-12 11:17:03,546 - mainapp.logging_utils - INFO - [2025-06-12 11:17:03] Unable to price invoice https://kabinet.dreamkas.ru/app/#!/documents/card~2F86385752
2025-06-12 11:17:03,547 - mainapp.logging_utils - INFO - [2025-06-12 11:17:03] Unable to price invoice https://kabinet.dreamkas.ru/app/#!/documents/card~2F86385529
2025-06-12 11:17:03,549 - mainapp.logging_utils - INFO - [2025-06-12 11:17:03] Unable to price invoice https://kabinet.dreamkas.ru/app/#!/documents/card~2F86385099
2025-06-12 11:17:03,550 - mainapp.logging_utils - INFO - [2025-06-12 11:17:03] Unable to price invoice https://kabinet.dreamkas.ru/app/#!/documents/card~2F86385032
2025-06-12 11:17:03,551 - mainapp.logging_utils - INFO - [2025-06-12 11:17:03] Unable to price invoice https://kabinet.dreamkas.ru/app/#!/documents/card~2F86384364
2025-06-12 11:17:03,552 - mainapp.logging_utils - INFO - [2025-06-12 11:17:03] Unable to price invoice https://kabinet.dreamkas.ru/app/#!/documents/card~2F86384201
2025-06-12 11:17:03,553 - mainapp.logging_utils - INFO - [2025-06-12 11:17:03] Unable to price invoice https://kabinet.dreamkas.ru/app/#!/documents/card~2F86384190
2025-06-12 11:17:03,553 - mainapp.logging_utils - INFO - [2025-06-12 11:17:03] Unable to price invoice https://kabinet.dreamkas.ru/app/#!/documents/card~2F86384105
2025-06-12 11:17:03,554 - mainapp.logging_utils - INFO - [2025-06-12 11:17:03] Unable to price invoice https://kabinet.dreamkas.ru/app/#!/documents/card~2F86383822
2025-06-12 11:17:03,555 - mainapp.logging_utils - INFO - [2025-06-12 11:17:03] Unable to price invoice https://kabinet.dreamkas.ru/app/#!/documents/card~2F86383429
2025-06-12 11:17:03,555 - mainapp.logging_utils - INFO - [2025-06-12 11:17:03] Unable to price invoice https://kabinet.dreamkas.ru/app/#!/documents/card~2F86381400
2025-06-12 11:17:03,556 - mainapp.logging_utils - INFO - [2025-06-12 11:17:03] Unable to price invoice https://kabinet.dreamkas.ru/app/#!/documents/card~2F86376270
2025-06-12 11:17:03,556 - mainapp.logging_utils - INFO - [2025-06-12 11:17:03] Unable to price invoice https://kabinet.dreamkas.ru/app/#!/documents/card~2F86402983
2025-06-12 11:17:03,557 - mainapp.logging_utils - INFO - [2025-06-12 11:17:03] Unable to price invoice https://kabinet.dreamkas.ru/app/#!/documents/card~2F86424807
2025-06-12 11:17:03,558 - mainapp.logging_utils - INFO - [2025-06-12 11:17:03] Unable to price invoice https://kabinet.dreamkas.ru/app/#!/documents/card~2F86421959
2025-06-12 11:17:03,558 - mainapp.logging_utils - INFO - [2025-06-12 11:17:03] Unable to price invoice https://kabinet.dreamkas.ru/app/#!/documents/card~2F86421865
2025-06-12 11:17:03,559 - mainapp.logging_utils - INFO - [2025-06-12 11:17:03] Unable to price invoice https://kabinet.dreamkas.ru/app/#!/documents/card~2F86421958
2025-06-12 11:17:03,560 - mainapp.logging_utils - INFO - [2025-06-12 11:17:03] Unable to price invoice https://kabinet.dreamkas.ru/app/#!/documents/card~2F86432319
2025-06-12 11:17:03,560 - mainapp.logging_utils - INFO - [2025-06-12 11:17:03] Unable to price invoice https://kabinet.dreamkas.ru/app/#!/documents/card~2F86447647
2025-06-12 11:17:03,561 - mainapp.logging_utils - INFO - [2025-06-12 11:17:03] Unable to price invoice https://kabinet.dreamkas.ru/app/#!/documents/card~2F86446638
2025-06-12 11:17:03,562 - mainapp.logging_utils - INFO - [2025-06-12 11:17:03] Unable to price invoice https://kabinet.dreamkas.ru/app/#!/documents/card~2F86446262
2025-06-12 11:17:03,562 - mainapp.logging_utils - INFO - [2025-06-12 11:17:03] Unable to price invoice https://kabinet.dreamkas.ru/app/#!/documents/card~2F86443035
2025-06-12 11:17:03,563 - mainapp.logging_utils - INFO - [2025-06-12 11:17:03] Unable to price invoice https://kabinet.dreamkas.ru/app/#!/documents/card~2F86442873
2025-06-12 11:17:03,563 - mainapp.logging_utils - INFO - [2025-06-12 11:17:03] Unable to price invoice https://kabinet.dreamkas.ru/app/#!/documents/card~2F86442692
2025-06-12 11:17:03,565 - mainapp.logging_utils - INFO - [2025-06-12 11:17:03] Unable to price invoice https://kabinet.dreamkas.ru/app/#!/documents/card~2F86442691
2025-06-12 11:17:03,566 - mainapp.logging_utils - INFO - [2025-06-12 11:17:03] Unable to price invoice https://kabinet.dreamkas.ru/app/#!/documents/card~2F86442683
2025-06-12 11:17:03,568 - mainapp.logging_utils - INFO - [2025-06-12 11:17:03] Unable to price invoice https://kabinet.dreamkas.ru/app/#!/documents/card~2F86442689
2025-06-12 11:17:03,569 - mainapp.logging_utils - INFO - [2025-06-12 11:17:03] Unable to price invoice https://kabinet.dreamkas.ru/app/#!/documents/card~2F86442462
2025-06-12 11:17:03,570 - mainapp.logging_utils - INFO - [2025-06-12 11:17:03] Unable to price invoice https://kabinet.dreamkas.ru/app/#!/documents/card~2F86442402
2025-06-12 11:17:03,571 - mainapp.logging_utils - INFO - [2025-06-12 11:17:03] Unable to price invoice https://kabinet.dreamkas.ru/app/#!/documents/card~2F86442163
2025-06-12 11:17:03,571 - mainapp.logging_utils - INFO - [2025-06-12 11:17:03] Unable to price invoice https://kabinet.dreamkas.ru/app/#!/documents/card~2F86442167
2025-06-12 11:17:03,572 - mainapp.logging_utils - INFO - [2025-06-12 11:17:03] Unable to price invoice https://kabinet.dreamkas.ru/app/#!/documents/card~2F86442169
2025-06-12 11:17:03,573 - mainapp.logging_utils - INFO - [2025-06-12 11:17:03] Unable to price invoice https://kabinet.dreamkas.ru/app/#!/documents/card~2F86442174
2025-06-12 11:17:03,574 - mainapp.logging_utils - INFO - [2025-06-12 11:17:03] Unable to price invoice https://kabinet.dreamkas.ru/app/#!/documents/card~2F86441634
2025-06-12 11:17:03,574 - mainapp.logging_utils - INFO - [2025-06-12 11:17:03] Unable to price invoice https://kabinet.dreamkas.ru/app/#!/documents/card~2F86441242
2025-06-12 11:17:03,575 - mainapp.logging_utils - INFO - [2025-06-12 11:17:03] Unable to price invoice https://kabinet.dreamkas.ru/app/#!/documents/card~2F86440533
2025-06-12 11:17:03,576 - mainapp.logging_utils - INFO - [2025-06-12 11:17:03] Unable to price invoice https://kabinet.dreamkas.ru/app/#!/documents/card~2F86440298
2025-06-12 11:17:03,576 - mainapp.logging_utils - INFO - [2025-06-12 11:17:03] Unable to price invoice https://kabinet.dreamkas.ru/app/#!/documents/card~2F86440195
2025-06-12 11:17:03,577 - mainapp.logging_utils - INFO - [2025-06-12 11:17:03] Unable to price invoice https://kabinet.dreamkas.ru/app/#!/documents/card~2F86439814
2025-06-12 11:17:03,578 - mainapp.logging_utils - INFO - [2025-06-12 11:17:03] Unable to price invoice https://kabinet.dreamkas.ru/app/#!/documents/card~2F86439733
2025-06-12 11:17:03,578 - mainapp.logging_utils - INFO - [2025-06-12 11:17:03] Unable to price invoice https://kabinet.dreamkas.ru/app/#!/documents/card~2F86439349
2025-06-12 11:17:03,579 - mainapp.logging_utils - INFO - [2025-06-12 11:17:03] Unable to price invoice https://kabinet.dreamkas.ru/app/#!/documents/card~2F86437808
2025-06-12 11:17:03,580 - mainapp.logging_utils - INFO - [2025-06-12 11:17:03] Unable to price invoice https://kabinet.dreamkas.ru/app/#!/documents/card~2F86437651
2025-06-12 11:17:03,580 - mainapp.logging_utils - INFO - [2025-06-12 11:17:03] Unable to price invoice https://kabinet.dreamkas.ru/app/#!/documents/card~2F86437455
2025-06-12 11:17:03,582 - mainapp.logging_utils - INFO - [2025-06-12 11:17:03] Unable to price invoice https://kabinet.dreamkas.ru/app/#!/documents/card~2F86436676
2025-06-12 11:17:03,583 - mainapp.logging_utils - INFO - [2025-06-12 11:17:03] Unable to price invoice https://kabinet.dreamkas.ru/app/#!/documents/card~2F86433959
2025-06-12 11:17:03,584 - mainapp.logging_utils - INFO - [2025-06-12 11:17:03] Unable to price invoice https://kabinet.dreamkas.ru/app/#!/documents/card~2F86432731
2025-06-12 11:17:03,584 - mainapp.logging_utils - INFO - [2025-06-12 11:17:03] Unable to price invoice https://kabinet.dreamkas.ru/app/#!/documents/card~2F86463332
2025-06-12 11:17:03,585 - mainapp.logging_utils - INFO - [2025-06-12 11:17:03] Unable to price invoice https://kabinet.dreamkas.ru/app/#!/documents/card~2F86466108
2025-06-12 11:17:03,586 - mainapp.logging_utils - INFO - [2025-06-12 11:17:03] Unable to price invoice https://kabinet.dreamkas.ru/app/#!/documents/card~2F86466558
2025-06-12 11:17:03,587 - mainapp.logging_utils - INFO - [2025-06-12 11:17:03] Unable to price invoice https://kabinet.dreamkas.ru/app/#!/documents/card~2F86466931
2025-06-12 11:17:03,588 - mainapp.logging_utils - INFO - [2025-06-12 11:17:03] Unable to price invoice https://kabinet.dreamkas.ru/app/#!/documents/card~2F86468064
2025-06-12 11:17:03,588 - mainapp.logging_utils - INFO - [2025-06-12 11:17:03] Unable to price invoice https://kabinet.dreamkas.ru/app/#!/documents/card~2F86467949
2025-06-12 11:17:03,589 - mainapp.logging_utils - INFO - [2025-06-12 11:17:03] Unable to price invoice https://kabinet.dreamkas.ru/app/#!/documents/card~2F86472731
2025-06-12 11:17:03,590 - mainapp.logging_utils - INFO - [2025-06-12 11:17:03] Unable to price invoice https://kabinet.dreamkas.ru/app/#!/documents/card~2F86473028
2025-06-12 11:17:03,590 - mainapp.logging_utils - INFO - [2025-06-12 11:17:03] Unable to price invoice https://kabinet.dreamkas.ru/app/#!/documents/card~2F86482048
2025-06-12 11:17:03,592 - mainapp.logging_utils - INFO - [2025-06-12 11:17:03] Unable to price invoice https://kabinet.dreamkas.ru/app/#!/documents/card~2F86484206
2025-06-12 11:17:03,594 - mainapp.logging_utils - INFO - [2025-06-12 11:17:03] Unable to price invoice https://kabinet.dreamkas.ru/app/#!/documents/card~2F86485464
2025-06-12 11:17:03,596 - mainapp.logging_utils - INFO - [2025-06-12 11:17:03] Unable to price invoice https://kabinet.dreamkas.ru/app/#!/documents/card~2F86487245
2025-06-12 11:17:03,600 - mainapp.logging_utils - INFO - [2025-06-12 11:17:03] Unable to price invoice https://kabinet.dreamkas.ru/app/#!/documents/card~2F86487580
2025-06-12 11:17:03,602 - mainapp.logging_utils - INFO - [2025-06-12 11:17:03] Unable to price invoice https://kabinet.dreamkas.ru/app/#!/documents/card~2F86488057
2025-06-12 11:17:03,606 - mainapp.logging_utils - INFO - [2025-06-12 11:17:03] Unable to price invoice https://kabinet.dreamkas.ru/app/#!/documents/card~2F86530592
2025-06-12 11:17:03,608 - mainapp.logging_utils - INFO - [2025-06-12 11:17:03] Unable to price invoice https://kabinet.dreamkas.ru/app/#!/documents/card~2F86529461
2025-06-12 11:17:03,617 - mainapp.logging_utils - INFO - [2025-06-12 11:17:03] Unable to price invoice https://kabinet.dreamkas.ru/app/#!/documents/card~2F86529096
2025-06-12 11:17:03,619 - mainapp.logging_utils - INFO - [2025-06-12 11:17:03] Unable to price invoice https://kabinet.dreamkas.ru/app/#!/documents/card~2F86528376
2025-06-12 11:17:03,620 - mainapp.logging_utils - INFO - [2025-06-12 11:17:03] Unable to price invoice https://kabinet.dreamkas.ru/app/#!/documents/card~2F86527703
2025-06-12 11:17:03,620 - mainapp.logging_utils - INFO - [2025-06-12 11:17:03] Unable to price invoice https://kabinet.dreamkas.ru/app/#!/documents/card~2F86527374
2025-06-12 11:17:03,621 - mainapp.logging_utils - INFO - [2025-06-12 11:17:03] Unable to price invoice https://kabinet.dreamkas.ru/app/#!/documents/card~2F86522559
2025-06-12 11:17:03,622 - mainapp.logging_utils - INFO - [2025-06-12 11:17:03] Unable to price invoice https://kabinet.dreamkas.ru/app/#!/documents/card~2F86518280
2025-06-12 11:17:03,637 - mainapp.logging_utils - INFO - [2025-06-12 11:17:03] Unable to price invoice https://kabinet.dreamkas.ru/app/#!/documents/card~2F86515349
2025-06-12 11:17:03,641 - mainapp.logging_utils - INFO - [2025-06-12 11:17:03] Unable to price invoice https://kabinet.dreamkas.ru/app/#!/documents/card~2F86515213
2025-06-12 11:17:03,642 - mainapp.logging_utils - INFO - [2025-06-12 11:17:03] Unable to price invoice https://kabinet.dreamkas.ru/app/#!/documents/card~2F86514194
2025-06-12 11:17:03,643 - mainapp.logging_utils - INFO - [2025-06-12 11:17:03] Unable to price invoice https://kabinet.dreamkas.ru/app/#!/documents/card~2F86513855
2025-06-12 11:17:03,644 - mainapp.logging_utils - INFO - [2025-06-12 11:17:03] Unable to price invoice https://kabinet.dreamkas.ru/app/#!/documents/card~2F86512146
2025-06-12 11:17:03,645 - mainapp.logging_utils - INFO - [2025-06-12 11:17:03] Unable to price invoice https://kabinet.dreamkas.ru/app/#!/documents/card~2F86503289
2025-06-12 11:17:03,645 - mainapp.logging_utils - INFO - [2025-06-12 11:17:03] Unable to price invoice https://kabinet.dreamkas.ru/app/#!/documents/card~2F86636261
2025-06-12 11:17:03,646 - mainapp.logging_utils - INFO - [2025-06-12 11:17:03] Unable to price invoice https://kabinet.dreamkas.ru/app/#!/documents/card~2F86635333
2025-06-12 11:17:03,648 - mainapp.logging_utils - INFO - [2025-06-12 11:17:03] Unable to price invoice https://kabinet.dreamkas.ru/app/#!/documents/card~2F86635268
2025-06-12 11:17:03,650 - mainapp.logging_utils - INFO - [2025-06-12 11:17:03] Unable to price invoice https://kabinet.dreamkas.ru/app/#!/documents/card~2F86634810
2025-06-12 11:17:03,651 - mainapp.logging_utils - INFO - [2025-06-12 11:17:03] Unable to price invoice https://kabinet.dreamkas.ru/app/#!/documents/card~2F86634476
2025-06-12 11:17:03,652 - mainapp.logging_utils - INFO - [2025-06-12 11:17:03] Unable to price invoice https://kabinet.dreamkas.ru/app/#!/documents/card~2F86634341
2025-06-12 11:17:03,653 - mainapp.logging_utils - INFO - [2025-06-12 11:17:03] Unable to price invoice https://kabinet.dreamkas.ru/app/#!/documents/card~2F86633870
2025-06-12 11:17:03,654 - mainapp.logging_utils - INFO - [2025-06-12 11:17:03] Unable to price invoice https://kabinet.dreamkas.ru/app/#!/documents/card~2F86633300
2025-06-12 11:17:03,654 - mainapp.logging_utils - INFO - [2025-06-12 11:17:03] Unable to price invoice https://kabinet.dreamkas.ru/app/#!/documents/card~2F86633304
2025-06-12 11:17:03,655 - mainapp.logging_utils - INFO - [2025-06-12 11:17:03] Unable to price invoice https://kabinet.dreamkas.ru/app/#!/documents/card~2F86633306
2025-06-12 11:17:03,657 - mainapp.logging_utils - INFO - [2025-06-12 11:17:03] Unable to price invoice https://kabinet.dreamkas.ru/app/#!/documents/card~2F86633308
2025-06-12 11:17:03,657 - mainapp.logging_utils - INFO - [2025-06-12 11:17:03] Unable to price invoice https://kabinet.dreamkas.ru/app/#!/documents/card~2F86631983
2025-06-12 11:17:03,658 - mainapp.logging_utils - INFO - [2025-06-12 11:17:03] Unable to price invoice https://kabinet.dreamkas.ru/app/#!/documents/card~2F86620076
2025-06-12 11:17:03,659 - mainapp.logging_utils - INFO - [2025-06-12 11:17:03] Unable to price invoice https://kabinet.dreamkas.ru/app/#!/documents/card~2F86631132
2025-06-12 11:17:03,679 - mainapp.logging_utils - INFO - [2025-06-12 11:17:03] Unable to price invoice https://kabinet.dreamkas.ru/app/#!/documents/card~2F86629519
2025-06-12 11:17:03,683 - mainapp.logging_utils - INFO - [2025-06-12 11:17:03] Unable to price invoice https://kabinet.dreamkas.ru/app/#!/documents/card~2F86626384
2025-06-12 11:17:03,685 - mainapp.logging_utils - INFO - [2025-06-12 11:17:03] Unable to price invoice https://kabinet.dreamkas.ru/app/#!/documents/card~2F86625863
2025-06-12 11:17:03,686 - mainapp.logging_utils - INFO - [2025-06-12 11:17:03] Unable to price invoice https://kabinet.dreamkas.ru/app/#!/documents/card~2F86625104
2025-06-12 11:17:03,687 - mainapp.logging_utils - INFO - [2025-06-12 11:17:03] Unable to price invoice https://kabinet.dreamkas.ru/app/#!/documents/card~2F86623721
2025-06-12 11:17:03,688 - mainapp.logging_utils - INFO - [2025-06-12 11:17:03] Unable to price invoice https://kabinet.dreamkas.ru/app/#!/documents/card~2F86623376
2025-06-12 11:17:03,690 - mainapp.logging_utils - INFO - [2025-06-12 11:17:03] Unable to price invoice https://kabinet.dreamkas.ru/app/#!/documents/card~2F86622862
2025-06-12 11:17:03,691 - mainapp.logging_utils - INFO - [2025-06-12 11:17:03] Unable to price invoice https://kabinet.dreamkas.ru/app/#!/documents/card~2F86622297
2025-06-12 11:17:03,692 - mainapp.logging_utils - INFO - [2025-06-12 11:17:03] Unable to price invoice https://kabinet.dreamkas.ru/app/#!/documents/card~2F86621931
2025-06-12 11:17:03,693 - mainapp.logging_utils - INFO - [2025-06-12 11:17:03] Unable to price invoice https://kabinet.dreamkas.ru/app/#!/documents/card~2F86616863
2025-06-12 11:17:03,694 - mainapp.logging_utils - INFO - [2025-06-12 11:17:03] Unable to price invoice https://kabinet.dreamkas.ru/app/#!/documents/card~2F86616637
2025-06-12 11:17:03,695 - mainapp.logging_utils - INFO - [2025-06-12 11:17:03] Unable to price invoice https://kabinet.dreamkas.ru/app/#!/documents/card~2F86613830
2025-06-12 11:17:03,696 - mainapp.logging_utils - INFO - [2025-06-12 11:17:03] Unable to price invoice https://kabinet.dreamkas.ru/app/#!/documents/card~2F86613398
2025-06-12 11:17:03,696 - mainapp.logging_utils - INFO - [2025-06-12 11:17:03] Unable to price invoice https://kabinet.dreamkas.ru/app/#!/documents/card~2F86612536
2025-06-12 11:17:03,698 - mainapp.logging_utils - INFO - [2025-06-12 11:17:03] Unable to price invoice https://kabinet.dreamkas.ru/app/#!/documents/card~2F86610194
2025-06-12 11:17:03,709 - mainapp.logging_utils - INFO - [2025-06-12 11:17:03] Unable to price invoice https://kabinet.dreamkas.ru/app/#!/documents/card~2F86609486
2025-06-12 11:17:03,710 - mainapp.logging_utils - INFO - [2025-06-12 11:17:03] Unable to price invoice https://kabinet.dreamkas.ru/app/#!/documents/card~2F86608267
2025-06-12 11:17:03,711 - mainapp.logging_utils - INFO - [2025-06-12 11:17:03] Unable to price invoice https://kabinet.dreamkas.ru/app/#!/documents/card~2F86608083
2025-06-12 11:17:03,712 - mainapp.logging_utils - INFO - [2025-06-12 11:17:03] Unable to price invoice https://kabinet.dreamkas.ru/app/#!/documents/card~2F86607279
2025-06-12 11:17:03,713 - mainapp.logging_utils - INFO - [2025-06-12 11:17:03] Unable to price invoice https://kabinet.dreamkas.ru/app/#!/documents/card~2F86607113
2025-06-12 11:17:03,717 - mainapp.logging_utils - INFO - [2025-06-12 11:17:03] Unable to price invoice https://kabinet.dreamkas.ru/app/#!/documents/card~2F86606983
2025-06-12 11:17:03,718 - mainapp.logging_utils - INFO - [2025-06-12 11:17:03] Unable to price invoice https://kabinet.dreamkas.ru/app/#!/documents/card~2F86590105
2025-06-12 11:17:03,719 - mainapp.logging_utils - INFO - [2025-06-12 11:17:03] Unable to price invoice https://kabinet.dreamkas.ru/app/#!/documents/card~2F86587012
2025-06-12 11:17:03,720 - mainapp.logging_utils - INFO - [2025-06-12 11:17:03] Unable to price invoice https://kabinet.dreamkas.ru/app/#!/documents/card~2F86587019
2025-06-12 11:17:03,721 - mainapp.logging_utils - INFO - [2025-06-12 11:17:03] Unable to price invoice https://kabinet.dreamkas.ru/app/#!/documents/card~2F86587020
2025-06-12 11:17:03,722 - mainapp.logging_utils - INFO - [2025-06-12 11:17:03] Unable to price invoice https://kabinet.dreamkas.ru/app/#!/documents/card~2F86587021
2025-06-12 11:17:03,723 - mainapp.logging_utils - INFO - [2025-06-12 11:17:03] Unable to price invoice https://kabinet.dreamkas.ru/app/#!/documents/card~2F86586298
2025-06-12 11:17:03,724 - mainapp.logging_utils - INFO - [2025-06-12 11:17:03] Unable to price invoice https://kabinet.dreamkas.ru/app/#!/documents/card~2F86585795
2025-06-12 11:17:03,725 - mainapp.logging_utils - INFO - [2025-06-12 11:17:03] Unable to price invoice https://kabinet.dreamkas.ru/app/#!/documents/card~2F86585591
2025-06-12 11:17:03,726 - mainapp.logging_utils - INFO - [2025-06-12 11:17:03] Unable to price invoice https://kabinet.dreamkas.ru/app/#!/documents/card~2F86585329
2025-06-12 11:17:03,727 - mainapp.logging_utils - INFO - [2025-06-12 11:17:03] Unable to price invoice https://kabinet.dreamkas.ru/app/#!/documents/card~2F86584998
2025-06-12 11:17:03,727 - mainapp.logging_utils - INFO - [2025-06-12 11:17:03] Unable to price invoice https://kabinet.dreamkas.ru/app/#!/documents/card~2F86584947
2025-06-12 11:17:03,728 - mainapp.logging_utils - INFO - [2025-06-12 11:17:03] Unable to price invoice https://kabinet.dreamkas.ru/app/#!/documents/card~2F86584539
2025-06-12 11:17:03,729 - mainapp.logging_utils - INFO - [2025-06-12 11:17:03] Unable to price invoice https://kabinet.dreamkas.ru/app/#!/documents/card~2F86583982
2025-06-12 11:17:03,730 - mainapp.logging_utils - INFO - [2025-06-12 11:17:03] Unable to price invoice https://kabinet.dreamkas.ru/app/#!/documents/card~2F86579912
2025-06-12 11:17:03,731 - mainapp.logging_utils - INFO - [2025-06-12 11:17:03] Unable to price invoice https://kabinet.dreamkas.ru/app/#!/documents/card~2F86581595
2025-06-12 11:17:03,732 - mainapp.logging_utils - INFO - [2025-06-12 11:17:03] Unable to price invoice https://kabinet.dreamkas.ru/app/#!/documents/card~2F86579919
2025-06-12 11:17:03,733 - mainapp.logging_utils - INFO - [2025-06-12 11:17:03] Unable to price invoice https://kabinet.dreamkas.ru/app/#!/documents/card~2F86574619
2025-06-12 11:17:03,734 - mainapp.logging_utils - INFO - [2025-06-12 11:17:03] Unable to price invoice https://kabinet.dreamkas.ru/app/#!/documents/card~2F86573919
2025-06-12 11:17:03,735 - mainapp.logging_utils - INFO - [2025-06-12 11:17:03] Unable to price invoice https://kabinet.dreamkas.ru/app/#!/documents/card~2F86572661
2025-06-12 11:17:03,736 - mainapp.logging_utils - INFO - [2025-06-12 11:17:03] Unable to price invoice https://kabinet.dreamkas.ru/app/#!/documents/card~2F86571839
2025-06-12 11:17:03,737 - mainapp.logging_utils - INFO - [2025-06-12 11:17:03] Unable to price invoice https://kabinet.dreamkas.ru/app/#!/documents/card~2F86570104
2025-06-12 11:17:03,738 - mainapp.logging_utils - INFO - [2025-06-12 11:17:03] Unable to price invoice https://kabinet.dreamkas.ru/app/#!/documents/card~2F86569879
2025-06-12 11:17:03,739 - mainapp.logging_utils - INFO - [2025-06-12 11:17:03] Unable to price invoice https://kabinet.dreamkas.ru/app/#!/documents/card~2F86569759
2025-06-12 11:17:03,740 - mainapp.logging_utils - INFO - [2025-06-12 11:17:03] Unable to price invoice https://kabinet.dreamkas.ru/app/#!/documents/card~2F86569335
2025-06-12 11:17:03,741 - mainapp.logging_utils - INFO - [2025-06-12 11:17:03] Unable to price invoice https://kabinet.dreamkas.ru/app/#!/documents/card~2F86568769
2025-06-12 11:17:03,741 - mainapp.logging_utils - INFO - [2025-06-12 11:17:03] Unable to price invoice https://kabinet.dreamkas.ru/app/#!/documents/card~2F86568614
2025-06-12 11:17:03,742 - mainapp.logging_utils - INFO - [2025-06-12 11:17:03] Unable to price invoice https://kabinet.dreamkas.ru/app/#!/documents/card~2F86568297
2025-06-12 11:17:03,743 - mainapp.logging_utils - INFO - [2025-06-12 11:17:03] Unable to price invoice https://kabinet.dreamkas.ru/app/#!/documents/card~2F86565512
2025-06-12 11:17:03,743 - mainapp.logging_utils - INFO - [2025-06-12 11:17:03] Unable to price invoice https://kabinet.dreamkas.ru/app/#!/documents/card~2F86563699
2025-06-12 11:17:03,744 - mainapp.logging_utils - INFO - [2025-06-12 11:17:03] Unable to price invoice https://kabinet.dreamkas.ru/app/#!/documents/card~2F86561643
2025-06-12 11:17:03,745 - mainapp.logging_utils - INFO - [2025-06-12 11:17:03] Unable to price invoice https://kabinet.dreamkas.ru/app/#!/documents/card~2F86561653
2025-06-12 11:17:03,746 - mainapp.logging_utils - INFO - [2025-06-12 11:17:03] Unable to price invoice https://kabinet.dreamkas.ru/app/#!/documents/card~2F86542834
2025-06-12 11:17:03,746 - mainapp.logging_utils - INFO - [2025-06-12 11:17:03] Unable to price invoice https://kabinet.dreamkas.ru/app/#!/documents/card~2F86542836
2025-06-12 11:17:03,749 - mainapp.logging_utils - INFO - [2025-06-12 11:17:03] Unable to price invoice https://kabinet.dreamkas.ru/app/#!/documents/card~2F86542840
2025-06-12 11:17:03,750 - mainapp.logging_utils - INFO - [2025-06-12 11:17:03] Unable to price invoice https://kabinet.dreamkas.ru/app/#!/documents/card~2F86542838
2025-06-12 11:17:03,751 - mainapp.logging_utils - INFO - [2025-06-12 11:17:03] Unable to price invoice https://kabinet.dreamkas.ru/app/#!/documents/card~2F86542748
2025-06-12 11:17:03,752 - mainapp.logging_utils - INFO - [2025-06-12 11:17:03] Unable to price invoice https://kabinet.dreamkas.ru/app/#!/documents/card~2F86542531
2025-06-12 11:17:03,753 - mainapp.logging_utils - INFO - [2025-06-12 11:17:03] Unable to price invoice https://kabinet.dreamkas.ru/app/#!/documents/card~2F86542413
2025-06-12 11:17:03,754 - mainapp.logging_utils - INFO - [2025-06-12 11:17:03] Unable to price invoice https://kabinet.dreamkas.ru/app/#!/documents/card~2F86542348
2025-06-12 11:17:03,754 - mainapp.logging_utils - INFO - [2025-06-12 11:17:03] Unable to price invoice https://kabinet.dreamkas.ru/app/#!/documents/card~2F86542241
2025-06-12 11:17:03,755 - mainapp.logging_utils - INFO - [2025-06-12 11:17:03] Unable to price invoice https://kabinet.dreamkas.ru/app/#!/documents/card~2F86542080
2025-06-12 11:17:03,756 - mainapp.logging_utils - INFO - [2025-06-12 11:17:03] Unable to price invoice https://kabinet.dreamkas.ru/app/#!/documents/card~2F86542057
2025-06-12 11:17:03,757 - mainapp.logging_utils - INFO - [2025-06-12 11:17:03] Unable to price invoice https://kabinet.dreamkas.ru/app/#!/documents/card~2F86541567
2025-06-12 11:17:03,757 - mainapp.logging_utils - INFO - [2025-06-12 11:17:03] Unable to price invoice https://kabinet.dreamkas.ru/app/#!/documents/card~2F86541213
2025-06-12 11:17:03,758 - mainapp.logging_utils - INFO - [2025-06-12 11:17:03] Unable to price invoice https://kabinet.dreamkas.ru/app/#!/documents/card~2F86541228
2025-06-12 11:17:03,759 - mainapp.logging_utils - INFO - [2025-06-12 11:17:03] Unable to price invoice https://kabinet.dreamkas.ru/app/#!/documents/card~2F86541226
2025-06-12 11:17:03,760 - mainapp.logging_utils - INFO - [2025-06-12 11:17:03] Unable to price invoice https://kabinet.dreamkas.ru/app/#!/documents/card~2F86541224
2025-06-12 11:17:03,761 - mainapp.logging_utils - INFO - [2025-06-12 11:17:03] Unable to price invoice https://kabinet.dreamkas.ru/app/#!/documents/card~2F86541188
2025-06-12 11:17:03,761 - mainapp.logging_utils - INFO - [2025-06-12 11:17:03] Unable to price invoice https://kabinet.dreamkas.ru/app/#!/documents/card~2F86541051
2025-06-12 11:17:03,762 - mainapp.logging_utils - INFO - [2025-06-12 11:17:03] Unable to price invoice https://kabinet.dreamkas.ru/app/#!/documents/card~2F86540997
2025-06-12 11:17:03,763 - mainapp.logging_utils - INFO - [2025-06-12 11:17:03] Unable to price invoice https://kabinet.dreamkas.ru/app/#!/documents/card~2F86540803
2025-06-12 11:17:03,764 - mainapp.logging_utils - INFO - [2025-06-12 11:17:03] Unable to price invoice https://kabinet.dreamkas.ru/app/#!/documents/card~2F86539407
2025-06-12 11:17:03,765 - mainapp.logging_utils - INFO - [2025-06-12 11:17:03] Unable to price invoice https://kabinet.dreamkas.ru/app/#!/documents/card~2F86539100
2025-06-12 11:17:03,767 - mainapp.logging_utils - INFO - [2025-06-12 11:17:03] Unable to price invoice https://kabinet.dreamkas.ru/app/#!/documents/card~2F86539094
2025-06-12 11:17:03,768 - mainapp.logging_utils - INFO - [2025-06-12 11:17:03] Unable to price invoice https://kabinet.dreamkas.ru/app/#!/documents/card~2F86539091
2025-06-12 11:17:03,769 - mainapp.logging_utils - INFO - [2025-06-12 11:17:03] Unable to price invoice https://kabinet.dreamkas.ru/app/#!/documents/card~2F86535723
2025-06-12 11:17:03,770 - mainapp.logging_utils - INFO - [2025-06-12 11:17:03] Unable to price invoice https://kabinet.dreamkas.ru/app/#!/documents/card~2F86535720
2025-06-12 11:17:03,771 - mainapp.logging_utils - INFO - [2025-06-12 11:17:03] Unable to price invoice https://kabinet.dreamkas.ru/app/#!/documents/card~2F86535539
2025-06-12 11:17:03,772 - mainapp.logging_utils - INFO - [2025-06-12 11:17:03] Unable to price invoice https://kabinet.dreamkas.ru/app/#!/documents/card~2F86535460
2025-06-12 11:17:03,773 - mainapp.logging_utils - INFO - [2025-06-12 11:17:03] Unable to price invoice https://kabinet.dreamkas.ru/app/#!/documents/card~2F86534098
2025-06-12 11:17:03,774 - mainapp.logging_utils - INFO - [2025-06-12 11:17:03] Unable to price invoice https://kabinet.dreamkas.ru/app/#!/documents/card~2F86534101
2025-06-12 11:17:03,775 - mainapp.logging_utils - INFO - [2025-06-12 11:17:03] Unable to price invoice https://kabinet.dreamkas.ru/app/#!/documents/card~2F86534105
2025-06-12 11:17:03,775 - mainapp.logging_utils - INFO - [2025-06-12 11:17:03] Unable to price invoice https://kabinet.dreamkas.ru/app/#!/documents/card~2F86531242
2025-06-12 11:17:03,776 - mainapp.logging_utils - INFO - [2025-06-12 11:17:03] Unable to price invoice https://kabinet.dreamkas.ru/app/#!/documents/card~2F86731383
2025-06-12 11:17:03,777 - mainapp.logging_utils - INFO - [2025-06-12 11:17:03] Unable to price invoice https://kabinet.dreamkas.ru/app/#!/documents/card~2F86713451
2025-06-12 11:17:03,778 - mainapp.logging_utils - INFO - [2025-06-12 11:17:03] Unable to price invoice https://kabinet.dreamkas.ru/app/#!/documents/card~2F86665585
2025-06-12 11:17:03,779 - mainapp.logging_utils - INFO - [2025-06-12 11:17:03] Unable to price invoice https://kabinet.dreamkas.ru/app/#!/documents/card~2F86665523
2025-06-12 11:17:03,780 - mainapp.logging_utils - INFO - [2025-06-12 11:17:03] Unable to price invoice https://kabinet.dreamkas.ru/app/#!/documents/card~2F86661743
2025-06-12 11:17:03,781 - mainapp.logging_utils - INFO - [2025-06-12 11:17:03] Unable to price invoice https://kabinet.dreamkas.ru/app/#!/documents/card~2F86663865
2025-06-12 11:17:03,783 - mainapp.logging_utils - INFO - [2025-06-12 11:17:03] Unable to price invoice https://kabinet.dreamkas.ru/app/#!/documents/card~2F86663288
2025-06-12 11:17:03,783 - mainapp.logging_utils - INFO - [2025-06-12 11:17:03] Unable to price invoice https://kabinet.dreamkas.ru/app/#!/documents/card~2F86662071
2025-06-12 11:17:03,784 - mainapp.logging_utils - INFO - [2025-06-12 11:17:03] Unable to price invoice https://kabinet.dreamkas.ru/app/#!/documents/card~2F86656205
2025-06-12 11:23:42,791 - mainapp.logging_utils - INFO - [2025-06-12 11:23:42] Unable to price invoice https://kabinet.dreamkas.ru/app/#!/documents/card~2F86261857
2025-06-12 11:23:42,792 - mainapp.logging_utils - INFO - [2025-06-12 11:23:42] Unable to price invoice https://kabinet.dreamkas.ru/app/#!/documents/card~2F86261855
2025-06-12 11:23:42,793 - mainapp.logging_utils - INFO - [2025-06-12 11:23:42] Unable to price invoice https://kabinet.dreamkas.ru/app/#!/documents/card~2F86261458
2025-06-12 11:23:42,793 - mainapp.logging_utils - INFO - [2025-06-12 11:23:42] Unable to price invoice https://kabinet.dreamkas.ru/app/#!/documents/card~2F86261455
2025-06-12 11:23:42,794 - mainapp.logging_utils - INFO - [2025-06-12 11:23:42] Unable to price invoice https://kabinet.dreamkas.ru/app/#!/documents/card~2F86257869
2025-06-12 11:23:42,794 - mainapp.logging_utils - INFO - [2025-06-12 11:23:42] Unable to price invoice https://kabinet.dreamkas.ru/app/#!/documents/card~2F86213998
2025-06-12 11:23:42,795 - mainapp.logging_utils - INFO - [2025-06-12 11:23:42] Unable to price invoice https://kabinet.dreamkas.ru/app/#!/documents/card~2F86167473
2025-06-12 11:23:42,795 - mainapp.logging_utils - INFO - [2025-06-12 11:23:42] Unable to price invoice https://kabinet.dreamkas.ru/app/#!/documents/card~2F86167469
2025-06-12 11:23:42,796 - mainapp.logging_utils - INFO - [2025-06-12 11:23:42] Unable to price invoice https://kabinet.dreamkas.ru/app/#!/documents/card~2F86167468
2025-06-12 11:23:42,796 - mainapp.logging_utils - INFO - [2025-06-12 11:23:42] Unable to price invoice https://kabinet.dreamkas.ru/app/#!/documents/card~2F86158309
2025-06-12 11:23:42,797 - mainapp.logging_utils - INFO - [2025-06-12 11:23:42] Unable to price invoice https://kabinet.dreamkas.ru/app/#!/documents/card~2F86157074
2025-06-12 11:23:42,797 - mainapp.logging_utils - INFO - [2025-06-12 11:23:42] Unable to price invoice https://kabinet.dreamkas.ru/app/#!/documents/card~2F86093621
2025-06-12 11:23:42,798 - mainapp.logging_utils - INFO - [2025-06-12 11:23:42] Unable to price invoice https://kabinet.dreamkas.ru/app/#!/documents/card~2F86089479
2025-06-12 11:23:42,798 - mainapp.logging_utils - INFO - [2025-06-12 11:23:42] Unable to price invoice https://kabinet.dreamkas.ru/app/#!/documents/card~2F86080737
2025-06-12 11:23:42,799 - mainapp.logging_utils - INFO - [2025-06-12 11:23:42] Unable to price invoice https://kabinet.dreamkas.ru/app/#!/documents/card~2F86080487
2025-06-12 11:23:42,799 - mainapp.logging_utils - INFO - [2025-06-12 11:23:42] Unable to price invoice https://kabinet.dreamkas.ru/app/#!/documents/card~2F86039467
2025-06-12 11:23:42,799 - mainapp.logging_utils - INFO - [2025-06-12 11:23:42] Unable to price invoice https://kabinet.dreamkas.ru/app/#!/documents/card~2F86032756
2025-06-12 11:23:42,800 - mainapp.logging_utils - INFO - [2025-06-12 11:23:42] Unable to price invoice https://kabinet.dreamkas.ru/app/#!/documents/card~2F86009691
2025-06-12 11:23:42,800 - mainapp.logging_utils - INFO - [2025-06-12 11:23:42] Unable to price invoice https://kabinet.dreamkas.ru/app/#!/documents/card~2F86009591
2025-06-12 11:23:42,801 - mainapp.logging_utils - INFO - [2025-06-12 11:23:42] Unable to price invoice https://kabinet.dreamkas.ru/app/#!/documents/card~2F86005550
2025-06-12 11:23:42,801 - mainapp.logging_utils - INFO - [2025-06-12 11:23:42] Unable to price invoice https://kabinet.dreamkas.ru/app/#!/documents/card~2F85989025
2025-06-12 11:23:42,802 - mainapp.logging_utils - INFO - [2025-06-12 11:23:42] Unable to price invoice https://kabinet.dreamkas.ru/app/#!/documents/card~2F85987942
2025-06-12 11:23:42,803 - mainapp.logging_utils - INFO - [2025-06-12 11:23:42] Unable to price invoice https://kabinet.dreamkas.ru/app/#!/documents/card~2F85952050
2025-06-12 11:23:42,803 - mainapp.logging_utils - INFO - [2025-06-12 11:23:42] Unable to price invoice https://kabinet.dreamkas.ru/app/#!/documents/card~2F85944555
2025-06-12 11:23:42,804 - mainapp.logging_utils - INFO - [2025-06-12 11:23:42] Unable to price invoice https://kabinet.dreamkas.ru/app/#!/documents/card~2F85931436
2025-06-12 11:23:42,805 - mainapp.logging_utils - INFO - [2025-06-12 11:23:42] Unable to price invoice https://kabinet.dreamkas.ru/app/#!/documents/card~2F85897507
2025-06-12 11:23:42,805 - mainapp.logging_utils - INFO - [2025-06-12 11:23:42] Unable to price invoice https://kabinet.dreamkas.ru/app/#!/documents/card~2F85892322
2025-06-12 11:23:42,806 - mainapp.logging_utils - INFO - [2025-06-12 11:23:42] Unable to price invoice https://kabinet.dreamkas.ru/app/#!/documents/card~2F85871534
2025-06-12 11:23:42,806 - mainapp.logging_utils - INFO - [2025-06-12 11:23:42] Unable to price invoice https://kabinet.dreamkas.ru/app/#!/documents/card~2F85833775
2025-06-12 11:23:42,807 - mainapp.logging_utils - INFO - [2025-06-12 11:23:42] Unable to price invoice https://kabinet.dreamkas.ru/app/#!/documents/card~2F85832951
2025-06-12 11:23:42,807 - mainapp.logging_utils - INFO - [2025-06-12 11:23:42] Unable to price invoice https://kabinet.dreamkas.ru/app/#!/documents/card~2F85831599
2025-06-12 11:23:42,808 - mainapp.logging_utils - INFO - [2025-06-12 11:23:42] Unable to price invoice https://kabinet.dreamkas.ru/app/#!/documents/card~2F85756249
2025-06-12 11:23:42,809 - mainapp.logging_utils - INFO - [2025-06-12 11:23:42] Unable to price invoice https://kabinet.dreamkas.ru/app/#!/documents/card~2F85752808
2025-06-12 11:23:42,809 - mainapp.logging_utils - INFO - [2025-06-12 11:23:42] Unable to price invoice https://kabinet.dreamkas.ru/app/#!/documents/card~2F85722479
2025-06-12 11:23:42,810 - mainapp.logging_utils - INFO - [2025-06-12 11:23:42] Unable to price invoice https://kabinet.dreamkas.ru/app/#!/documents/card~2F85721630
2025-06-12 11:23:42,810 - mainapp.logging_utils - INFO - [2025-06-12 11:23:42] Unable to price invoice https://kabinet.dreamkas.ru/app/#!/documents/card~2F85708377
2025-06-12 11:23:42,810 - mainapp.logging_utils - INFO - [2025-06-12 11:23:42] Unable to price invoice https://kabinet.dreamkas.ru/app/#!/documents/card~2F85698883
2025-06-12 11:23:42,811 - mainapp.logging_utils - INFO - [2025-06-12 11:23:42] Unable to price invoice https://kabinet.dreamkas.ru/app/#!/documents/card~2F85698892
2025-06-12 11:23:42,811 - mainapp.logging_utils - INFO - [2025-06-12 11:23:42] Unable to price invoice https://kabinet.dreamkas.ru/app/#!/documents/card~2F85676639
2025-06-12 11:23:42,812 - mainapp.logging_utils - INFO - [2025-06-12 11:23:42] Unable to price invoice https://kabinet.dreamkas.ru/app/#!/documents/card~2F85665322
2025-06-12 11:23:42,812 - mainapp.logging_utils - INFO - [2025-06-12 11:23:42] Unable to price invoice https://kabinet.dreamkas.ru/app/#!/documents/card~2F85663144
2025-06-12 11:23:42,813 - mainapp.logging_utils - INFO - [2025-06-12 11:23:42] Unable to price invoice https://kabinet.dreamkas.ru/app/#!/documents/card~2F85663481
2025-06-12 11:23:42,813 - mainapp.logging_utils - INFO - [2025-06-12 11:23:42] Unable to price invoice https://kabinet.dreamkas.ru/app/#!/documents/card~2F85661367
2025-06-12 11:23:42,814 - mainapp.logging_utils - INFO - [2025-06-12 11:23:42] Unable to price invoice https://kabinet.dreamkas.ru/app/#!/documents/card~2F85661034
2025-06-12 11:23:42,814 - mainapp.logging_utils - INFO - [2025-06-12 11:23:42] Unable to price invoice https://kabinet.dreamkas.ru/app/#!/documents/card~2F85656292
2025-06-12 11:23:42,815 - mainapp.logging_utils - INFO - [2025-06-12 11:23:42] Unable to price invoice https://kabinet.dreamkas.ru/app/#!/documents/card~2F85654445
2025-06-12 11:23:42,815 - mainapp.logging_utils - INFO - [2025-06-12 11:23:42] Unable to price invoice https://kabinet.dreamkas.ru/app/#!/documents/card~2F85627044
2025-06-12 11:23:42,816 - mainapp.logging_utils - INFO - [2025-06-12 11:23:42] Unable to price invoice https://kabinet.dreamkas.ru/app/#!/documents/card~2F85625847
2025-06-12 11:23:42,817 - mainapp.logging_utils - INFO - [2025-06-12 11:23:42] Unable to price invoice https://kabinet.dreamkas.ru/app/#!/documents/card~2F85598478
2025-06-12 11:23:42,817 - mainapp.logging_utils - INFO - [2025-06-12 11:23:42] Unable to price invoice https://kabinet.dreamkas.ru/app/#!/documents/card~2F85569645
