2025-06-17 19:48:35,645 - mainapp.logging_utils - INFO - Log file created: 2025-06-17_19-48-35.log
2025-06-17 19:48:35,645 - mainapp.apps - INFO - Django up
2025-06-17 19:48:35,698 - django.utils.autoreload - INFO - Watching for file changes with StatReloader
2025-06-17 23:05:42,962 - mainapp.logging_utils - INFO - [2025-06-17 23:05:42] Updating_invoices, params: True, True, True, 100, 200, 20, None, None, True, True, None, True, True
2025-06-17 23:06:09,803 - mainapp.logging_utils - INFO - [2025-06-17 23:06:09] get_documents: link: https://kabinet.dreamkas.ru/api/v1/documents?limit=100&filter[type]=5,13&filter[preset]=PAPER,DOCUMENTS&offset=None&filter[toAcceptedAt]=&filter[fromAcceptedAt]=
2025-06-17 23:06:09,803 - mainapp.logging_utils - INFO - [2025-06-17 23:06:09] Get request sent
2025-06-17 23:06:10,417 - mainapp.logging_utils - INFO - [2025-06-17 23:06:10] update_invoices: documents external fetched
2025-06-17 23:06:10,421 - mainapp.logging_utils - INFO - [2025-06-17 23:06:10] update_invoices: draft cleanup done
2025-06-17 23:06:10,516 - mainapp.logging_utils - INFO - [2025-06-17 23:06:10] update_invoices: invoices to create and update defined
2025-06-17 23:06:11,706 - mainapp.logging_utils - INFO - [2025-06-17 23:06:11] update_invoices: invoices to create and update prepared
2025-06-17 23:06:12,018 - mainapp.logging_utils - INFO - [2025-06-17 23:06:12] update_invoices: invoices created and updated
2025-06-17 23:06:12,018 - mainapp.logging_utils - INFO - [2025-06-17 23:06:12] update_invoices: getting positions
2025-06-17 23:06:12,019 - mainapp.logging_utils - INFO - [2025-06-17 23:06:12] Updating_invoices. Progress: 0 / 100
2025-06-17 23:06:15,310 - mainapp.logging_utils - INFO - [2025-06-17 23:06:15] Updating_invoices. Progress: 10 / 100
2025-06-17 23:06:18,615 - mainapp.logging_utils - INFO - [2025-06-17 23:06:18] Updating_invoices. Progress: 20 / 100
2025-06-17 23:06:22,037 - mainapp.logging_utils - INFO - [2025-06-17 23:06:22] Updating_invoices. Progress: 30 / 100
2025-06-17 23:06:24,918 - mainapp.logging_utils - INFO - [2025-06-17 23:06:24] Updating_invoices. Progress: 40 / 100
2025-06-17 23:06:27,968 - mainapp.logging_utils - INFO - [2025-06-17 23:06:27] Updating_invoices. Progress: 50 / 100
2025-06-17 23:06:37,372 - mainapp.logging_utils - INFO - [2025-06-17 23:06:37] Updating_invoices. Progress: 60 / 100
2025-06-17 23:06:41,252 - mainapp.logging_utils - INFO - [2025-06-17 23:06:41] Updating_invoices. Progress: 70 / 100
2025-06-17 23:06:43,877 - mainapp.logging_utils - INFO - [2025-06-17 23:06:43] Updating_invoices. Progress: 80 / 100
2025-06-17 23:06:49,356 - mainapp.logging_utils - INFO - [2025-06-17 23:06:49] Updating_invoices. Progress: 90 / 100
2025-06-17 23:06:56,334 - mainapp.logging_utils - INFO - [2025-06-17 23:06:56] update_invoices: positions to create and update defined
2025-06-17 23:06:58,205 - mainapp.logging_utils - INFO - [2025-06-17 23:06:58] get_documents: link: https://kabinet.dreamkas.ru/api/v1/documents?limit=200&filter[type]=11&filter[preset]=PAPER,DOCUMENTS&offset=None&filter[toAcceptedAt]=&filter[fromAcceptedAt]=
2025-06-17 23:06:58,206 - mainapp.logging_utils - INFO - [2025-06-17 23:06:58] Get request sent
2025-06-17 23:08:25,496 - mainapp.logging_utils - INFO - [2025-06-17 23:08:25] get_documents: link: https://kabinet.dreamkas.ru/api/v1/documents?limit=20&filter[type]=7&filter[preset]=PAPER,DOCUMENTS&offset=None&filter[toAcceptedAt]=&filter[fromAcceptedAt]=
2025-06-17 23:08:25,497 - mainapp.logging_utils - INFO - [2025-06-17 23:08:25] Get request sent
2025-06-17 23:10:38,070 - mainapp.logging_utils - INFO - [2025-06-17 23:10:38] Unable to price invoice: https://kabinet.dreamkas.ru/app/#!/documents/card~2F87012006
2025-06-17 23:10:38,070 - mainapp.logging_utils - INFO - [2025-06-17 23:10:38] Unable to price invoice: https://kabinet.dreamkas.ru/app/#!/documents/card~2F87029820
2025-06-17 23:10:38,070 - mainapp.logging_utils - INFO - [2025-06-17 23:10:38] Unable to price invoice: https://kabinet.dreamkas.ru/app/#!/documents/card~2F85449229
2025-06-17 23:10:38,070 - mainapp.logging_utils - INFO - [2025-06-17 23:10:38] Unable to price invoice: https://kabinet.dreamkas.ru/app/#!/documents/card~2F86361445
2025-06-17 23:11:39,330 - mainapp.logging_utils - INFO - [2025-06-17 23:11:39] Updating_invoices, params: True, True, True, 10, 10, 5, None, None, True, True, None, True, True
2025-06-17 23:12:05,201 - mainapp.logging_utils - INFO - [2025-06-17 23:12:05] get_documents: link: https://kabinet.dreamkas.ru/api/v1/documents?limit=10&filter[type]=5,13&filter[preset]=PAPER,DOCUMENTS&offset=None&filter[toAcceptedAt]=&filter[fromAcceptedAt]=
2025-06-17 23:12:05,201 - mainapp.logging_utils - INFO - [2025-06-17 23:12:05] Get request sent
2025-06-17 23:12:05,658 - mainapp.logging_utils - INFO - [2025-06-17 23:12:05] update_invoices: documents external fetched
2025-06-17 23:12:05,659 - mainapp.logging_utils - INFO - [2025-06-17 23:12:05] update_invoices: draft cleanup done
2025-06-17 23:12:05,752 - mainapp.logging_utils - INFO - [2025-06-17 23:12:05] update_invoices: invoices to create and update defined
2025-06-17 23:12:05,873 - mainapp.logging_utils - INFO - [2025-06-17 23:12:05] update_invoices: invoices to create and update prepared
2025-06-17 23:12:05,911 - mainapp.logging_utils - INFO - [2025-06-17 23:12:05] update_invoices: invoices created and updated
2025-06-17 23:12:05,911 - mainapp.logging_utils - INFO - [2025-06-17 23:12:05] update_invoices: getting positions
2025-06-17 23:12:05,911 - mainapp.logging_utils - INFO - [2025-06-17 23:12:05] Updating_invoices. Progress: 0 / 10
2025-06-17 23:12:06,120 - mainapp.logging_utils - INFO - [2025-06-17 23:12:06] Updating_invoices. Progress: 1 / 10
2025-06-17 23:12:06,243 - mainapp.logging_utils - INFO - [2025-06-17 23:12:06] Updating_invoices. Progress: 2 / 10
2025-06-17 23:12:06,645 - mainapp.logging_utils - INFO - [2025-06-17 23:12:06] Updating_invoices. Progress: 3 / 10
2025-06-17 23:12:07,478 - mainapp.logging_utils - INFO - [2025-06-17 23:12:07] Updating_invoices. Progress: 4 / 10
2025-06-17 23:12:07,601 - mainapp.logging_utils - INFO - [2025-06-17 23:12:07] Updating_invoices. Progress: 5 / 10
2025-06-17 23:12:07,783 - mainapp.logging_utils - INFO - [2025-06-17 23:12:07] Updating_invoices. Progress: 6 / 10
2025-06-17 23:12:08,128 - mainapp.logging_utils - INFO - [2025-06-17 23:12:08] Updating_invoices. Progress: 7 / 10
2025-06-17 23:12:08,459 - mainapp.logging_utils - INFO - [2025-06-17 23:12:08] Updating_invoices. Progress: 8 / 10
2025-06-17 23:12:09,010 - mainapp.logging_utils - INFO - [2025-06-17 23:12:09] Updating_invoices. Progress: 9 / 10
2025-06-17 23:12:09,168 - mainapp.logging_utils - INFO - [2025-06-17 23:12:09] update_invoices: positions to create and update defined
2025-06-17 23:12:09,295 - mainapp.logging_utils - INFO - [2025-06-17 23:12:09] get_documents: link: https://kabinet.dreamkas.ru/api/v1/documents?limit=10&filter[type]=11&filter[preset]=PAPER,DOCUMENTS&offset=None&filter[toAcceptedAt]=&filter[fromAcceptedAt]=
2025-06-17 23:12:09,295 - mainapp.logging_utils - INFO - [2025-06-17 23:12:09] Get request sent
2025-06-17 23:12:19,263 - mainapp.logging_utils - INFO - [2025-06-17 23:12:19] get_documents: link: https://kabinet.dreamkas.ru/api/v1/documents?limit=5&filter[type]=7&filter[preset]=PAPER,DOCUMENTS&offset=None&filter[toAcceptedAt]=&filter[fromAcceptedAt]=
2025-06-17 23:12:19,264 - mainapp.logging_utils - INFO - [2025-06-17 23:12:19] Get request sent
2025-06-17 23:12:34,560 - mainapp.logging_utils - INFO - [2025-06-17 23:12:34] Unable to price invoice: https://kabinet.dreamkas.ru/app/#!/documents/card~2F87012006
2025-06-17 23:12:34,560 - mainapp.logging_utils - INFO - [2025-06-17 23:12:34] Unable to price invoice: https://kabinet.dreamkas.ru/app/#!/documents/card~2F87029820
2025-06-17 23:12:34,561 - mainapp.logging_utils - INFO - [2025-06-17 23:12:34] Unable to price invoice: https://kabinet.dreamkas.ru/app/#!/documents/card~2F85449229
2025-06-17 23:12:34,561 - mainapp.logging_utils - INFO - [2025-06-17 23:12:34] Unable to price invoice: https://kabinet.dreamkas.ru/app/#!/documents/card~2F86361445
2025-06-17 23:12:35,757 - mainapp.logging_utils - INFO - [2025-06-17 23:12:35] Updating_invoices, params: False, True, False, 10, 10, 100, 2025-06-17, None, True, True, None, True, True
2025-06-17 23:13:01,390 - mainapp.logging_utils - INFO - [2025-06-17 23:13:01] get_documents: link: https://kabinet.dreamkas.ru/api/v1/documents?limit=10&filter[type]=11&filter[preset]=PAPER,DOCUMENTS&offset=None&filter[toAcceptedAt]=&filter[fromAcceptedAt]=2025-06-17
2025-06-17 23:13:01,390 - mainapp.logging_utils - INFO - [2025-06-17 23:13:01] Get request sent
2025-06-17 23:13:07,768 - mainapp.logging_utils - INFO - [2025-06-17 23:13:07] Unable to price invoice: https://kabinet.dreamkas.ru/app/#!/documents/card~2F87012006
2025-06-17 23:13:07,769 - mainapp.logging_utils - INFO - [2025-06-17 23:13:07] Unable to price invoice: https://kabinet.dreamkas.ru/app/#!/documents/card~2F87029820
2025-06-17 23:13:07,769 - mainapp.logging_utils - INFO - [2025-06-17 23:13:07] Unable to price invoice: https://kabinet.dreamkas.ru/app/#!/documents/card~2F85449229
2025-06-17 23:13:07,769 - mainapp.logging_utils - INFO - [2025-06-17 23:13:07] Unable to price invoice: https://kabinet.dreamkas.ru/app/#!/documents/card~2F86361445
2025-06-17 23:14:10,238 - mainapp.logging_utils - INFO - [2025-06-17 23:14:10] Updating_invoices, params: True, True, True, 10, 10, 5, None, None, True, True, None, True, True
2025-06-17 23:14:35,523 - mainapp.logging_utils - INFO - [2025-06-17 23:14:35] get_documents: link: https://kabinet.dreamkas.ru/api/v1/documents?limit=10&filter[type]=5,13&filter[preset]=PAPER,DOCUMENTS&offset=None&filter[toAcceptedAt]=&filter[fromAcceptedAt]=
2025-06-17 23:14:35,524 - mainapp.logging_utils - INFO - [2025-06-17 23:14:35] Get request sent
2025-06-17 23:14:36,027 - mainapp.logging_utils - INFO - [2025-06-17 23:14:36] update_invoices: documents external fetched
2025-06-17 23:14:36,028 - mainapp.logging_utils - INFO - [2025-06-17 23:14:36] update_invoices: draft cleanup done
2025-06-17 23:14:36,122 - mainapp.logging_utils - INFO - [2025-06-17 23:14:36] update_invoices: invoices to create and update defined
2025-06-17 23:14:36,243 - mainapp.logging_utils - INFO - [2025-06-17 23:14:36] update_invoices: invoices to create and update prepared
2025-06-17 23:14:36,281 - mainapp.logging_utils - INFO - [2025-06-17 23:14:36] update_invoices: invoices created and updated
2025-06-17 23:14:36,281 - mainapp.logging_utils - INFO - [2025-06-17 23:14:36] update_invoices: getting positions
2025-06-17 23:14:36,281 - mainapp.logging_utils - INFO - [2025-06-17 23:14:36] Updating_invoices. Progress: 0 / 10
2025-06-17 23:14:36,479 - mainapp.logging_utils - INFO - [2025-06-17 23:14:36] Updating_invoices. Progress: 1 / 10
2025-06-17 23:14:36,592 - mainapp.logging_utils - INFO - [2025-06-17 23:14:36] Updating_invoices. Progress: 2 / 10
2025-06-17 23:14:36,975 - mainapp.logging_utils - INFO - [2025-06-17 23:14:36] Updating_invoices. Progress: 3 / 10
2025-06-17 23:14:37,794 - mainapp.logging_utils - INFO - [2025-06-17 23:14:37] Updating_invoices. Progress: 4 / 10
2025-06-17 23:14:37,903 - mainapp.logging_utils - INFO - [2025-06-17 23:14:37] Updating_invoices. Progress: 5 / 10
2025-06-17 23:14:38,076 - mainapp.logging_utils - INFO - [2025-06-17 23:14:38] Updating_invoices. Progress: 6 / 10
2025-06-17 23:14:38,422 - mainapp.logging_utils - INFO - [2025-06-17 23:14:38] Updating_invoices. Progress: 7 / 10
2025-06-17 23:14:38,739 - mainapp.logging_utils - INFO - [2025-06-17 23:14:38] Updating_invoices. Progress: 8 / 10
2025-06-17 23:14:39,266 - mainapp.logging_utils - INFO - [2025-06-17 23:14:39] Updating_invoices. Progress: 9 / 10
2025-06-17 23:14:39,405 - mainapp.logging_utils - INFO - [2025-06-17 23:14:39] update_invoices: positions to create and update defined
2025-06-17 23:14:39,532 - mainapp.logging_utils - INFO - [2025-06-17 23:14:39] get_documents: link: https://kabinet.dreamkas.ru/api/v1/documents?limit=10&filter[type]=11&filter[preset]=PAPER,DOCUMENTS&offset=None&filter[toAcceptedAt]=&filter[fromAcceptedAt]=
2025-06-17 23:14:39,533 - mainapp.logging_utils - INFO - [2025-06-17 23:14:39] Get request sent
2025-06-17 23:14:44,408 - mainapp.logging_utils - INFO - [2025-06-17 23:14:44] get_documents: link: https://kabinet.dreamkas.ru/api/v1/documents?limit=5&filter[type]=7&filter[preset]=PAPER,DOCUMENTS&offset=None&filter[toAcceptedAt]=&filter[fromAcceptedAt]=
2025-06-17 23:14:44,408 - mainapp.logging_utils - INFO - [2025-06-17 23:14:44] Get request sent
2025-06-17 23:14:59,735 - mainapp.logging_utils - INFO - [2025-06-17 23:14:59] Unable to price invoice: https://kabinet.dreamkas.ru/app/#!/documents/card~2F87012006
2025-06-17 23:14:59,735 - mainapp.logging_utils - INFO - [2025-06-17 23:14:59] Unable to price invoice: https://kabinet.dreamkas.ru/app/#!/documents/card~2F87029820
2025-06-17 23:14:59,736 - mainapp.logging_utils - INFO - [2025-06-17 23:14:59] Unable to price invoice: https://kabinet.dreamkas.ru/app/#!/documents/card~2F85449229
2025-06-17 23:14:59,736 - mainapp.logging_utils - INFO - [2025-06-17 23:14:59] Unable to price invoice: https://kabinet.dreamkas.ru/app/#!/documents/card~2F86361445
2025-06-17 23:15:00,085 - mainapp.logging_utils - INFO - [2025-06-17 23:15:00] Updating_invoices, params: False, True, False, 10, 10, 100, 2025-06-17, None, True, True, None, True, True
2025-06-17 23:15:25,498 - mainapp.logging_utils - INFO - [2025-06-17 23:15:25] get_documents: link: https://kabinet.dreamkas.ru/api/v1/documents?limit=10&filter[type]=11&filter[preset]=PAPER,DOCUMENTS&offset=None&filter[toAcceptedAt]=&filter[fromAcceptedAt]=2025-06-17
2025-06-17 23:15:25,498 - mainapp.logging_utils - INFO - [2025-06-17 23:15:25] Get request sent
2025-06-17 23:15:31,711 - mainapp.logging_utils - INFO - [2025-06-17 23:15:31] Unable to price invoice: https://kabinet.dreamkas.ru/app/#!/documents/card~2F87012006
2025-06-17 23:15:31,711 - mainapp.logging_utils - INFO - [2025-06-17 23:15:31] Unable to price invoice: https://kabinet.dreamkas.ru/app/#!/documents/card~2F87029820
2025-06-17 23:15:31,711 - mainapp.logging_utils - INFO - [2025-06-17 23:15:31] Unable to price invoice: https://kabinet.dreamkas.ru/app/#!/documents/card~2F85449229
2025-06-17 23:15:31,711 - mainapp.logging_utils - INFO - [2025-06-17 23:15:31] Unable to price invoice: https://kabinet.dreamkas.ru/app/#!/documents/card~2F86361445
2025-06-17 23:16:32,169 - mainapp.logging_utils - INFO - [2025-06-17 23:16:32] Updating_invoices, params: True, True, True, 10, 10, 5, None, None, True, True, None, True, True
2025-06-17 23:16:57,413 - mainapp.logging_utils - INFO - [2025-06-17 23:16:57] get_documents: link: https://kabinet.dreamkas.ru/api/v1/documents?limit=10&filter[type]=5,13&filter[preset]=PAPER,DOCUMENTS&offset=None&filter[toAcceptedAt]=&filter[fromAcceptedAt]=
2025-06-17 23:16:57,413 - mainapp.logging_utils - INFO - [2025-06-17 23:16:57] Get request sent
2025-06-17 23:16:57,844 - mainapp.logging_utils - INFO - [2025-06-17 23:16:57] update_invoices: documents external fetched
2025-06-17 23:16:57,845 - mainapp.logging_utils - INFO - [2025-06-17 23:16:57] update_invoices: draft cleanup done
2025-06-17 23:16:57,938 - mainapp.logging_utils - INFO - [2025-06-17 23:16:57] update_invoices: invoices to create and update defined
2025-06-17 23:16:58,060 - mainapp.logging_utils - INFO - [2025-06-17 23:16:58] update_invoices: invoices to create and update prepared
2025-06-17 23:16:58,096 - mainapp.logging_utils - INFO - [2025-06-17 23:16:58] update_invoices: invoices created and updated
2025-06-17 23:16:58,096 - mainapp.logging_utils - INFO - [2025-06-17 23:16:58] update_invoices: getting positions
2025-06-17 23:16:58,097 - mainapp.logging_utils - INFO - [2025-06-17 23:16:58] Updating_invoices. Progress: 0 / 10
2025-06-17 23:16:58,297 - mainapp.logging_utils - INFO - [2025-06-17 23:16:58] Updating_invoices. Progress: 1 / 10
2025-06-17 23:16:58,414 - mainapp.logging_utils - INFO - [2025-06-17 23:16:58] Updating_invoices. Progress: 2 / 10
2025-06-17 23:16:58,807 - mainapp.logging_utils - INFO - [2025-06-17 23:16:58] Updating_invoices. Progress: 3 / 10
2025-06-17 23:16:59,862 - mainapp.logging_utils - INFO - [2025-06-17 23:16:59] Updating_invoices. Progress: 4 / 10
2025-06-17 23:16:59,983 - mainapp.logging_utils - INFO - [2025-06-17 23:16:59] Updating_invoices. Progress: 5 / 10
2025-06-17 23:17:00,154 - mainapp.logging_utils - INFO - [2025-06-17 23:17:00] Updating_invoices. Progress: 6 / 10
2025-06-17 23:17:00,501 - mainapp.logging_utils - INFO - [2025-06-17 23:17:00] Updating_invoices. Progress: 7 / 10
2025-06-17 23:17:00,843 - mainapp.logging_utils - INFO - [2025-06-17 23:17:00] Updating_invoices. Progress: 8 / 10
2025-06-17 23:17:01,374 - mainapp.logging_utils - INFO - [2025-06-17 23:17:01] Updating_invoices. Progress: 9 / 10
2025-06-17 23:17:01,519 - mainapp.logging_utils - INFO - [2025-06-17 23:17:01] update_invoices: positions to create and update defined
2025-06-17 23:17:01,645 - mainapp.logging_utils - INFO - [2025-06-17 23:17:01] get_documents: link: https://kabinet.dreamkas.ru/api/v1/documents?limit=10&filter[type]=11&filter[preset]=PAPER,DOCUMENTS&offset=None&filter[toAcceptedAt]=&filter[fromAcceptedAt]=
2025-06-17 23:17:01,645 - mainapp.logging_utils - INFO - [2025-06-17 23:17:01] Get request sent
2025-06-17 23:17:06,575 - mainapp.logging_utils - INFO - [2025-06-17 23:17:06] get_documents: link: https://kabinet.dreamkas.ru/api/v1/documents?limit=5&filter[type]=7&filter[preset]=PAPER,DOCUMENTS&offset=None&filter[toAcceptedAt]=&filter[fromAcceptedAt]=
2025-06-17 23:17:06,575 - mainapp.logging_utils - INFO - [2025-06-17 23:17:06] Get request sent
2025-06-17 23:17:21,609 - mainapp.logging_utils - INFO - [2025-06-17 23:17:21] Unable to price invoice: https://kabinet.dreamkas.ru/app/#!/documents/card~2F87012006
2025-06-17 23:17:21,609 - mainapp.logging_utils - INFO - [2025-06-17 23:17:21] Unable to price invoice: https://kabinet.dreamkas.ru/app/#!/documents/card~2F87029820
2025-06-17 23:17:21,609 - mainapp.logging_utils - INFO - [2025-06-17 23:17:21] Unable to price invoice: https://kabinet.dreamkas.ru/app/#!/documents/card~2F85449229
2025-06-17 23:17:21,609 - mainapp.logging_utils - INFO - [2025-06-17 23:17:21] Unable to price invoice: https://kabinet.dreamkas.ru/app/#!/documents/card~2F86361445
2025-06-17 23:17:21,940 - mainapp.logging_utils - INFO - [2025-06-17 23:17:21] Updating_invoices, params: False, True, False, 10, 10, 100, 2025-06-17, None, True, True, None, True, True
2025-06-17 23:17:47,368 - mainapp.logging_utils - INFO - [2025-06-17 23:17:47] get_documents: link: https://kabinet.dreamkas.ru/api/v1/documents?limit=10&filter[type]=11&filter[preset]=PAPER,DOCUMENTS&offset=None&filter[toAcceptedAt]=&filter[fromAcceptedAt]=2025-06-17
2025-06-17 23:17:47,369 - mainapp.logging_utils - INFO - [2025-06-17 23:17:47] Get request sent
2025-06-17 23:17:53,626 - mainapp.logging_utils - INFO - [2025-06-17 23:17:53] Unable to price invoice: https://kabinet.dreamkas.ru/app/#!/documents/card~2F87012006
2025-06-17 23:17:53,626 - mainapp.logging_utils - INFO - [2025-06-17 23:17:53] Unable to price invoice: https://kabinet.dreamkas.ru/app/#!/documents/card~2F87029820
2025-06-17 23:17:53,626 - mainapp.logging_utils - INFO - [2025-06-17 23:17:53] Unable to price invoice: https://kabinet.dreamkas.ru/app/#!/documents/card~2F85449229
2025-06-17 23:17:53,626 - mainapp.logging_utils - INFO - [2025-06-17 23:17:53] Unable to price invoice: https://kabinet.dreamkas.ru/app/#!/documents/card~2F86361445
2025-06-17 23:18:54,051 - mainapp.logging_utils - INFO - [2025-06-17 23:18:54] Updating_invoices, params: True, True, True, 10, 10, 5, None, None, True, True, None, True, True
2025-06-17 23:19:20,082 - mainapp.logging_utils - INFO - [2025-06-17 23:19:20] get_documents: link: https://kabinet.dreamkas.ru/api/v1/documents?limit=10&filter[type]=5,13&filter[preset]=PAPER,DOCUMENTS&offset=None&filter[toAcceptedAt]=&filter[fromAcceptedAt]=
2025-06-17 23:19:20,082 - mainapp.logging_utils - INFO - [2025-06-17 23:19:20] Get request sent
2025-06-17 23:19:20,557 - mainapp.logging_utils - INFO - [2025-06-17 23:19:20] update_invoices: documents external fetched
2025-06-17 23:19:20,558 - mainapp.logging_utils - INFO - [2025-06-17 23:19:20] update_invoices: draft cleanup done
2025-06-17 23:19:20,651 - mainapp.logging_utils - INFO - [2025-06-17 23:19:20] update_invoices: invoices to create and update defined
2025-06-17 23:19:20,773 - mainapp.logging_utils - INFO - [2025-06-17 23:19:20] update_invoices: invoices to create and update prepared
2025-06-17 23:19:20,809 - mainapp.logging_utils - INFO - [2025-06-17 23:19:20] update_invoices: invoices created and updated
2025-06-17 23:19:20,809 - mainapp.logging_utils - INFO - [2025-06-17 23:19:20] update_invoices: getting positions
2025-06-17 23:19:20,810 - mainapp.logging_utils - INFO - [2025-06-17 23:19:20] Updating_invoices. Progress: 0 / 10
2025-06-17 23:19:21,016 - mainapp.logging_utils - INFO - [2025-06-17 23:19:21] Updating_invoices. Progress: 1 / 10
2025-06-17 23:19:21,136 - mainapp.logging_utils - INFO - [2025-06-17 23:19:21] Updating_invoices. Progress: 2 / 10
2025-06-17 23:19:21,536 - mainapp.logging_utils - INFO - [2025-06-17 23:19:21] Updating_invoices. Progress: 3 / 10
2025-06-17 23:19:22,368 - mainapp.logging_utils - INFO - [2025-06-17 23:19:22] Updating_invoices. Progress: 4 / 10
2025-06-17 23:19:22,498 - mainapp.logging_utils - INFO - [2025-06-17 23:19:22] Updating_invoices. Progress: 5 / 10
2025-06-17 23:19:22,675 - mainapp.logging_utils - INFO - [2025-06-17 23:19:22] Updating_invoices. Progress: 6 / 10
2025-06-17 23:19:23,022 - mainapp.logging_utils - INFO - [2025-06-17 23:19:23] Updating_invoices. Progress: 7 / 10
2025-06-17 23:19:23,349 - mainapp.logging_utils - INFO - [2025-06-17 23:19:23] Updating_invoices. Progress: 8 / 10
2025-06-17 23:19:23,895 - mainapp.logging_utils - INFO - [2025-06-17 23:19:23] Updating_invoices. Progress: 9 / 10
2025-06-17 23:19:24,044 - mainapp.logging_utils - INFO - [2025-06-17 23:19:24] update_invoices: positions to create and update defined
2025-06-17 23:19:24,171 - mainapp.logging_utils - INFO - [2025-06-17 23:19:24] get_documents: link: https://kabinet.dreamkas.ru/api/v1/documents?limit=10&filter[type]=11&filter[preset]=PAPER,DOCUMENTS&offset=None&filter[toAcceptedAt]=&filter[fromAcceptedAt]=
2025-06-17 23:19:24,171 - mainapp.logging_utils - INFO - [2025-06-17 23:19:24] Get request sent
2025-06-17 23:19:29,141 - mainapp.logging_utils - INFO - [2025-06-17 23:19:29] get_documents: link: https://kabinet.dreamkas.ru/api/v1/documents?limit=5&filter[type]=7&filter[preset]=PAPER,DOCUMENTS&offset=None&filter[toAcceptedAt]=&filter[fromAcceptedAt]=
2025-06-17 23:19:29,141 - mainapp.logging_utils - INFO - [2025-06-17 23:19:29] Get request sent
2025-06-17 23:19:44,360 - mainapp.logging_utils - INFO - [2025-06-17 23:19:44] Unable to price invoice: https://kabinet.dreamkas.ru/app/#!/documents/card~2F87012006
2025-06-17 23:19:44,360 - mainapp.logging_utils - INFO - [2025-06-17 23:19:44] Unable to price invoice: https://kabinet.dreamkas.ru/app/#!/documents/card~2F87029820
2025-06-17 23:19:44,360 - mainapp.logging_utils - INFO - [2025-06-17 23:19:44] Unable to price invoice: https://kabinet.dreamkas.ru/app/#!/documents/card~2F85449229
2025-06-17 23:19:44,361 - mainapp.logging_utils - INFO - [2025-06-17 23:19:44] Unable to price invoice: https://kabinet.dreamkas.ru/app/#!/documents/card~2F86361445
2025-06-17 23:19:44,714 - mainapp.logging_utils - INFO - [2025-06-17 23:19:44] Updating_invoices, params: False, True, False, 10, 10, 100, 2025-06-17, None, True, True, None, True, True
2025-06-17 23:20:55,934 - mainapp.logging_utils - INFO - [2025-06-17 23:20:55] get_documents: link: https://kabinet.dreamkas.ru/api/v1/documents?limit=10&filter[type]=11&filter[preset]=PAPER,DOCUMENTS&offset=None&filter[toAcceptedAt]=&filter[fromAcceptedAt]=2025-06-17
2025-06-17 23:20:55,934 - mainapp.logging_utils - INFO - [2025-06-17 23:20:55] Get request sent
2025-06-17 23:21:02,568 - mainapp.logging_utils - INFO - [2025-06-17 23:21:02] Unable to price invoice: https://kabinet.dreamkas.ru/app/#!/documents/card~2F87012006
2025-06-17 23:21:02,568 - mainapp.logging_utils - INFO - [2025-06-17 23:21:02] Unable to price invoice: https://kabinet.dreamkas.ru/app/#!/documents/card~2F87029820
2025-06-17 23:21:02,568 - mainapp.logging_utils - INFO - [2025-06-17 23:21:02] Unable to price invoice: https://kabinet.dreamkas.ru/app/#!/documents/card~2F85449229
2025-06-17 23:21:02,569 - mainapp.logging_utils - INFO - [2025-06-17 23:21:02] Unable to price invoice: https://kabinet.dreamkas.ru/app/#!/documents/card~2F86361445
2025-06-17 23:22:02,969 - mainapp.logging_utils - INFO - [2025-06-17 23:22:02] Updating_invoices, params: True, True, True, 10, 10, 5, None, None, True, True, None, True, True
2025-06-17 23:22:28,814 - mainapp.logging_utils - INFO - [2025-06-17 23:22:28] get_documents: link: https://kabinet.dreamkas.ru/api/v1/documents?limit=10&filter[type]=5,13&filter[preset]=PAPER,DOCUMENTS&offset=None&filter[toAcceptedAt]=&filter[fromAcceptedAt]=
2025-06-17 23:22:28,814 - mainapp.logging_utils - INFO - [2025-06-17 23:22:28] Get request sent
2025-06-17 23:22:29,363 - mainapp.logging_utils - INFO - [2025-06-17 23:22:29] update_invoices: documents external fetched
2025-06-17 23:22:29,364 - mainapp.logging_utils - INFO - [2025-06-17 23:22:29] update_invoices: draft cleanup done
2025-06-17 23:22:29,465 - mainapp.logging_utils - INFO - [2025-06-17 23:22:29] update_invoices: invoices to create and update defined
2025-06-17 23:22:29,591 - mainapp.logging_utils - INFO - [2025-06-17 23:22:29] update_invoices: invoices to create and update prepared
2025-06-17 23:22:29,628 - mainapp.logging_utils - INFO - [2025-06-17 23:22:29] update_invoices: invoices created and updated
2025-06-17 23:22:29,628 - mainapp.logging_utils - INFO - [2025-06-17 23:22:29] update_invoices: getting positions
2025-06-17 23:22:29,629 - mainapp.logging_utils - INFO - [2025-06-17 23:22:29] Updating_invoices. Progress: 0 / 10
2025-06-17 23:22:29,842 - mainapp.logging_utils - INFO - [2025-06-17 23:22:29] Updating_invoices. Progress: 1 / 10
2025-06-17 23:22:29,971 - mainapp.logging_utils - INFO - [2025-06-17 23:22:29] Updating_invoices. Progress: 2 / 10
2025-06-17 23:22:30,374 - mainapp.logging_utils - INFO - [2025-06-17 23:22:30] Updating_invoices. Progress: 3 / 10
2025-06-17 23:22:31,218 - mainapp.logging_utils - INFO - [2025-06-17 23:22:31] Updating_invoices. Progress: 4 / 10
2025-06-17 23:22:31,342 - mainapp.logging_utils - INFO - [2025-06-17 23:22:31] Updating_invoices. Progress: 5 / 10
2025-06-17 23:22:31,528 - mainapp.logging_utils - INFO - [2025-06-17 23:22:31] Updating_invoices. Progress: 6 / 10
2025-06-17 23:22:31,878 - mainapp.logging_utils - INFO - [2025-06-17 23:22:31] Updating_invoices. Progress: 7 / 10
2025-06-17 23:22:32,207 - mainapp.logging_utils - INFO - [2025-06-17 23:22:32] Updating_invoices. Progress: 8 / 10
2025-06-17 23:22:32,747 - mainapp.logging_utils - INFO - [2025-06-17 23:22:32] Updating_invoices. Progress: 9 / 10
2025-06-17 23:22:32,894 - mainapp.logging_utils - INFO - [2025-06-17 23:22:32] update_invoices: positions to create and update defined
2025-06-17 23:22:33,021 - mainapp.logging_utils - INFO - [2025-06-17 23:22:33] get_documents: link: https://kabinet.dreamkas.ru/api/v1/documents?limit=10&filter[type]=11&filter[preset]=PAPER,DOCUMENTS&offset=None&filter[toAcceptedAt]=&filter[fromAcceptedAt]=
2025-06-17 23:22:33,022 - mainapp.logging_utils - INFO - [2025-06-17 23:22:33] Get request sent
2025-06-17 23:22:37,966 - mainapp.logging_utils - INFO - [2025-06-17 23:22:37] get_documents: link: https://kabinet.dreamkas.ru/api/v1/documents?limit=5&filter[type]=7&filter[preset]=PAPER,DOCUMENTS&offset=None&filter[toAcceptedAt]=&filter[fromAcceptedAt]=
2025-06-17 23:22:37,966 - mainapp.logging_utils - INFO - [2025-06-17 23:22:37] Get request sent
2025-06-17 23:22:53,133 - mainapp.logging_utils - INFO - [2025-06-17 23:22:53] Unable to price invoice: https://kabinet.dreamkas.ru/app/#!/documents/card~2F87012006
2025-06-17 23:22:53,133 - mainapp.logging_utils - INFO - [2025-06-17 23:22:53] Unable to price invoice: https://kabinet.dreamkas.ru/app/#!/documents/card~2F87029820
2025-06-17 23:22:53,133 - mainapp.logging_utils - INFO - [2025-06-17 23:22:53] Unable to price invoice: https://kabinet.dreamkas.ru/app/#!/documents/card~2F85449229
2025-06-17 23:22:53,133 - mainapp.logging_utils - INFO - [2025-06-17 23:22:53] Unable to price invoice: https://kabinet.dreamkas.ru/app/#!/documents/card~2F86361445
2025-06-17 23:22:53,486 - mainapp.logging_utils - INFO - [2025-06-17 23:22:53] Updating_invoices, params: False, True, False, 10, 10, 100, 2025-06-17, None, True, True, None, True, True
2025-06-17 23:23:19,172 - mainapp.logging_utils - INFO - [2025-06-17 23:23:19] get_documents: link: https://kabinet.dreamkas.ru/api/v1/documents?limit=10&filter[type]=11&filter[preset]=PAPER,DOCUMENTS&offset=None&filter[toAcceptedAt]=&filter[fromAcceptedAt]=2025-06-17
2025-06-17 23:23:19,172 - mainapp.logging_utils - INFO - [2025-06-17 23:23:19] Get request sent
2025-06-17 23:23:25,414 - mainapp.logging_utils - INFO - [2025-06-17 23:23:25] Unable to price invoice: https://kabinet.dreamkas.ru/app/#!/documents/card~2F87012006
2025-06-17 23:23:25,414 - mainapp.logging_utils - INFO - [2025-06-17 23:23:25] Unable to price invoice: https://kabinet.dreamkas.ru/app/#!/documents/card~2F87029820
2025-06-17 23:23:25,415 - mainapp.logging_utils - INFO - [2025-06-17 23:23:25] Unable to price invoice: https://kabinet.dreamkas.ru/app/#!/documents/card~2F85449229
2025-06-17 23:23:25,415 - mainapp.logging_utils - INFO - [2025-06-17 23:23:25] Unable to price invoice: https://kabinet.dreamkas.ru/app/#!/documents/card~2F86361445
2025-06-17 23:24:25,913 - mainapp.logging_utils - INFO - [2025-06-17 23:24:25] Updating_invoices, params: True, True, True, 10, 10, 5, None, None, True, True, None, True, True
2025-06-17 23:24:51,310 - mainapp.logging_utils - INFO - [2025-06-17 23:24:51] get_documents: link: https://kabinet.dreamkas.ru/api/v1/documents?limit=10&filter[type]=5,13&filter[preset]=PAPER,DOCUMENTS&offset=None&filter[toAcceptedAt]=&filter[fromAcceptedAt]=
2025-06-17 23:24:51,310 - mainapp.logging_utils - INFO - [2025-06-17 23:24:51] Get request sent
2025-06-17 23:24:51,787 - mainapp.logging_utils - INFO - [2025-06-17 23:24:51] update_invoices: documents external fetched
2025-06-17 23:24:51,788 - mainapp.logging_utils - INFO - [2025-06-17 23:24:51] update_invoices: draft cleanup done
2025-06-17 23:24:51,885 - mainapp.logging_utils - INFO - [2025-06-17 23:24:51] update_invoices: invoices to create and update defined
2025-06-17 23:24:52,006 - mainapp.logging_utils - INFO - [2025-06-17 23:24:52] update_invoices: invoices to create and update prepared
2025-06-17 23:24:52,042 - mainapp.logging_utils - INFO - [2025-06-17 23:24:52] update_invoices: invoices created and updated
2025-06-17 23:24:52,043 - mainapp.logging_utils - INFO - [2025-06-17 23:24:52] update_invoices: getting positions
2025-06-17 23:24:52,043 - mainapp.logging_utils - INFO - [2025-06-17 23:24:52] Updating_invoices. Progress: 0 / 10
2025-06-17 23:24:52,251 - mainapp.logging_utils - INFO - [2025-06-17 23:24:52] Updating_invoices. Progress: 1 / 10
2025-06-17 23:24:52,370 - mainapp.logging_utils - INFO - [2025-06-17 23:24:52] Updating_invoices. Progress: 2 / 10
2025-06-17 23:24:52,762 - mainapp.logging_utils - INFO - [2025-06-17 23:24:52] Updating_invoices. Progress: 3 / 10
2025-06-17 23:24:53,594 - mainapp.logging_utils - INFO - [2025-06-17 23:24:53] Updating_invoices. Progress: 4 / 10
2025-06-17 23:24:53,713 - mainapp.logging_utils - INFO - [2025-06-17 23:24:53] Updating_invoices. Progress: 5 / 10
2025-06-17 23:24:53,890 - mainapp.logging_utils - INFO - [2025-06-17 23:24:53] Updating_invoices. Progress: 6 / 10
2025-06-17 23:24:54,227 - mainapp.logging_utils - INFO - [2025-06-17 23:24:54] Updating_invoices. Progress: 7 / 10
2025-06-17 23:24:54,552 - mainapp.logging_utils - INFO - [2025-06-17 23:24:54] Updating_invoices. Progress: 8 / 10
2025-06-17 23:24:55,096 - mainapp.logging_utils - INFO - [2025-06-17 23:24:55] Updating_invoices. Progress: 9 / 10
2025-06-17 23:24:55,247 - mainapp.logging_utils - INFO - [2025-06-17 23:24:55] update_invoices: positions to create and update defined
2025-06-17 23:24:55,374 - mainapp.logging_utils - INFO - [2025-06-17 23:24:55] get_documents: link: https://kabinet.dreamkas.ru/api/v1/documents?limit=10&filter[type]=11&filter[preset]=PAPER,DOCUMENTS&offset=None&filter[toAcceptedAt]=&filter[fromAcceptedAt]=
2025-06-17 23:24:55,374 - mainapp.logging_utils - INFO - [2025-06-17 23:24:55] Get request sent
2025-06-17 23:25:00,237 - mainapp.logging_utils - INFO - [2025-06-17 23:25:00] get_documents: link: https://kabinet.dreamkas.ru/api/v1/documents?limit=5&filter[type]=7&filter[preset]=PAPER,DOCUMENTS&offset=None&filter[toAcceptedAt]=&filter[fromAcceptedAt]=
2025-06-17 23:25:00,238 - mainapp.logging_utils - INFO - [2025-06-17 23:25:00] Get request sent
2025-06-17 23:25:15,667 - mainapp.logging_utils - INFO - [2025-06-17 23:25:15] Unable to price invoice: https://kabinet.dreamkas.ru/app/#!/documents/card~2F87012006
2025-06-17 23:25:15,667 - mainapp.logging_utils - INFO - [2025-06-17 23:25:15] Unable to price invoice: https://kabinet.dreamkas.ru/app/#!/documents/card~2F87029820
2025-06-17 23:25:15,667 - mainapp.logging_utils - INFO - [2025-06-17 23:25:15] Unable to price invoice: https://kabinet.dreamkas.ru/app/#!/documents/card~2F85449229
2025-06-17 23:25:15,667 - mainapp.logging_utils - INFO - [2025-06-17 23:25:15] Unable to price invoice: https://kabinet.dreamkas.ru/app/#!/documents/card~2F86361445
2025-06-17 23:25:16,043 - mainapp.logging_utils - INFO - [2025-06-17 23:25:16] Updating_invoices, params: False, True, False, 10, 10, 100, 2025-06-17, None, True, True, None, True, True
2025-06-17 23:25:41,540 - mainapp.logging_utils - INFO - [2025-06-17 23:25:41] get_documents: link: https://kabinet.dreamkas.ru/api/v1/documents?limit=10&filter[type]=11&filter[preset]=PAPER,DOCUMENTS&offset=None&filter[toAcceptedAt]=&filter[fromAcceptedAt]=2025-06-17
2025-06-17 23:25:41,540 - mainapp.logging_utils - INFO - [2025-06-17 23:25:41] Get request sent
2025-06-17 23:25:47,838 - mainapp.logging_utils - INFO - [2025-06-17 23:25:47] Unable to price invoice: https://kabinet.dreamkas.ru/app/#!/documents/card~2F87012006
2025-06-17 23:25:47,839 - mainapp.logging_utils - INFO - [2025-06-17 23:25:47] Unable to price invoice: https://kabinet.dreamkas.ru/app/#!/documents/card~2F87029820
2025-06-17 23:25:47,839 - mainapp.logging_utils - INFO - [2025-06-17 23:25:47] Unable to price invoice: https://kabinet.dreamkas.ru/app/#!/documents/card~2F85449229
2025-06-17 23:25:47,839 - mainapp.logging_utils - INFO - [2025-06-17 23:25:47] Unable to price invoice: https://kabinet.dreamkas.ru/app/#!/documents/card~2F86361445
2025-06-17 23:26:48,274 - mainapp.logging_utils - INFO - [2025-06-17 23:26:48] Updating_invoices, params: True, True, True, 10, 10, 5, None, None, True, True, None, True, True
2025-06-17 23:27:14,172 - mainapp.logging_utils - INFO - [2025-06-17 23:27:14] get_documents: link: https://kabinet.dreamkas.ru/api/v1/documents?limit=10&filter[type]=5,13&filter[preset]=PAPER,DOCUMENTS&offset=None&filter[toAcceptedAt]=&filter[fromAcceptedAt]=
2025-06-17 23:27:14,172 - mainapp.logging_utils - INFO - [2025-06-17 23:27:14] Get request sent
2025-06-17 23:27:14,639 - mainapp.logging_utils - INFO - [2025-06-17 23:27:14] update_invoices: documents external fetched
2025-06-17 23:27:14,639 - mainapp.logging_utils - INFO - [2025-06-17 23:27:14] update_invoices: draft cleanup done
2025-06-17 23:27:14,735 - mainapp.logging_utils - INFO - [2025-06-17 23:27:14] update_invoices: invoices to create and update defined
2025-06-17 23:27:14,859 - mainapp.logging_utils - INFO - [2025-06-17 23:27:14] update_invoices: invoices to create and update prepared
2025-06-17 23:27:14,895 - mainapp.logging_utils - INFO - [2025-06-17 23:27:14] update_invoices: invoices created and updated
2025-06-17 23:27:14,895 - mainapp.logging_utils - INFO - [2025-06-17 23:27:14] update_invoices: getting positions
2025-06-17 23:27:14,896 - mainapp.logging_utils - INFO - [2025-06-17 23:27:14] Updating_invoices. Progress: 0 / 10
2025-06-17 23:27:15,101 - mainapp.logging_utils - INFO - [2025-06-17 23:27:15] Updating_invoices. Progress: 1 / 10
2025-06-17 23:27:15,275 - mainapp.logging_utils - INFO - [2025-06-17 23:27:15] Updating_invoices. Progress: 2 / 10
2025-06-17 23:27:15,672 - mainapp.logging_utils - INFO - [2025-06-17 23:27:15] Updating_invoices. Progress: 3 / 10
2025-06-17 23:27:16,675 - mainapp.logging_utils - INFO - [2025-06-17 23:27:16] Updating_invoices. Progress: 4 / 10
2025-06-17 23:27:16,791 - mainapp.logging_utils - INFO - [2025-06-17 23:27:16] Updating_invoices. Progress: 5 / 10
2025-06-17 23:27:16,965 - mainapp.logging_utils - INFO - [2025-06-17 23:27:16] Updating_invoices. Progress: 6 / 10
2025-06-17 23:27:17,318 - mainapp.logging_utils - INFO - [2025-06-17 23:27:17] Updating_invoices. Progress: 7 / 10
2025-06-17 23:27:17,661 - mainapp.logging_utils - INFO - [2025-06-17 23:27:17] Updating_invoices. Progress: 8 / 10
2025-06-17 23:27:18,199 - mainapp.logging_utils - INFO - [2025-06-17 23:27:18] Updating_invoices. Progress: 9 / 10
2025-06-17 23:27:18,418 - mainapp.logging_utils - INFO - [2025-06-17 23:27:18] update_invoices: positions to create and update defined
2025-06-17 23:27:18,545 - mainapp.logging_utils - INFO - [2025-06-17 23:27:18] get_documents: link: https://kabinet.dreamkas.ru/api/v1/documents?limit=10&filter[type]=11&filter[preset]=PAPER,DOCUMENTS&offset=None&filter[toAcceptedAt]=&filter[fromAcceptedAt]=
2025-06-17 23:27:18,546 - mainapp.logging_utils - INFO - [2025-06-17 23:27:18] Get request sent
2025-06-17 23:27:23,787 - mainapp.logging_utils - INFO - [2025-06-17 23:27:23] get_documents: link: https://kabinet.dreamkas.ru/api/v1/documents?limit=5&filter[type]=7&filter[preset]=PAPER,DOCUMENTS&offset=None&filter[toAcceptedAt]=&filter[fromAcceptedAt]=
2025-06-17 23:27:23,787 - mainapp.logging_utils - INFO - [2025-06-17 23:27:23] Get request sent
2025-06-17 23:27:39,015 - mainapp.logging_utils - INFO - [2025-06-17 23:27:39] Unable to price invoice: https://kabinet.dreamkas.ru/app/#!/documents/card~2F87012006
2025-06-17 23:27:39,015 - mainapp.logging_utils - INFO - [2025-06-17 23:27:39] Unable to price invoice: https://kabinet.dreamkas.ru/app/#!/documents/card~2F87029820
2025-06-17 23:27:39,015 - mainapp.logging_utils - INFO - [2025-06-17 23:27:39] Unable to price invoice: https://kabinet.dreamkas.ru/app/#!/documents/card~2F85449229
2025-06-17 23:27:39,015 - mainapp.logging_utils - INFO - [2025-06-17 23:27:39] Unable to price invoice: https://kabinet.dreamkas.ru/app/#!/documents/card~2F86361445
2025-06-17 23:27:39,499 - mainapp.logging_utils - INFO - [2025-06-17 23:27:39] Updating_invoices, params: False, True, False, 10, 10, 100, 2025-06-17, None, True, True, None, True, True
2025-06-17 23:28:04,850 - mainapp.logging_utils - INFO - [2025-06-17 23:28:04] get_documents: link: https://kabinet.dreamkas.ru/api/v1/documents?limit=10&filter[type]=11&filter[preset]=PAPER,DOCUMENTS&offset=None&filter[toAcceptedAt]=&filter[fromAcceptedAt]=2025-06-17
2025-06-17 23:28:04,850 - mainapp.logging_utils - INFO - [2025-06-17 23:28:04] Get request sent
2025-06-17 23:28:11,250 - mainapp.logging_utils - INFO - [2025-06-17 23:28:11] Unable to price invoice: https://kabinet.dreamkas.ru/app/#!/documents/card~2F87012006
2025-06-17 23:28:11,250 - mainapp.logging_utils - INFO - [2025-06-17 23:28:11] Unable to price invoice: https://kabinet.dreamkas.ru/app/#!/documents/card~2F87029820
2025-06-17 23:28:11,250 - mainapp.logging_utils - INFO - [2025-06-17 23:28:11] Unable to price invoice: https://kabinet.dreamkas.ru/app/#!/documents/card~2F85449229
2025-06-17 23:28:11,250 - mainapp.logging_utils - INFO - [2025-06-17 23:28:11] Unable to price invoice: https://kabinet.dreamkas.ru/app/#!/documents/card~2F86361445
2025-06-17 23:29:11,681 - mainapp.logging_utils - INFO - [2025-06-17 23:29:11] Updating_invoices, params: True, True, True, 10, 10, 5, None, None, True, True, None, True, True
2025-06-17 23:29:37,706 - mainapp.logging_utils - INFO - [2025-06-17 23:29:37] get_documents: link: https://kabinet.dreamkas.ru/api/v1/documents?limit=10&filter[type]=5,13&filter[preset]=PAPER,DOCUMENTS&offset=None&filter[toAcceptedAt]=&filter[fromAcceptedAt]=
2025-06-17 23:29:37,706 - mainapp.logging_utils - INFO - [2025-06-17 23:29:37] Get request sent
2025-06-17 23:29:38,152 - mainapp.logging_utils - INFO - [2025-06-17 23:29:38] update_invoices: documents external fetched
2025-06-17 23:29:38,153 - mainapp.logging_utils - INFO - [2025-06-17 23:29:38] update_invoices: draft cleanup done
2025-06-17 23:29:38,297 - mainapp.logging_utils - INFO - [2025-06-17 23:29:38] update_invoices: invoices to create and update defined
2025-06-17 23:29:38,418 - mainapp.logging_utils - INFO - [2025-06-17 23:29:38] update_invoices: invoices to create and update prepared
2025-06-17 23:29:38,455 - mainapp.logging_utils - INFO - [2025-06-17 23:29:38] update_invoices: invoices created and updated
2025-06-17 23:29:38,455 - mainapp.logging_utils - INFO - [2025-06-17 23:29:38] update_invoices: getting positions
2025-06-17 23:29:38,455 - mainapp.logging_utils - INFO - [2025-06-17 23:29:38] Updating_invoices. Progress: 0 / 10
2025-06-17 23:29:38,660 - mainapp.logging_utils - INFO - [2025-06-17 23:29:38] Updating_invoices. Progress: 1 / 10
2025-06-17 23:29:38,780 - mainapp.logging_utils - INFO - [2025-06-17 23:29:38] Updating_invoices. Progress: 2 / 10
2025-06-17 23:29:39,175 - mainapp.logging_utils - INFO - [2025-06-17 23:29:39] Updating_invoices. Progress: 3 / 10
2025-06-17 23:29:40,012 - mainapp.logging_utils - INFO - [2025-06-17 23:29:40] Updating_invoices. Progress: 4 / 10
2025-06-17 23:29:40,137 - mainapp.logging_utils - INFO - [2025-06-17 23:29:40] Updating_invoices. Progress: 5 / 10
2025-06-17 23:29:40,329 - mainapp.logging_utils - INFO - [2025-06-17 23:29:40] Updating_invoices. Progress: 6 / 10
2025-06-17 23:29:40,679 - mainapp.logging_utils - INFO - [2025-06-17 23:29:40] Updating_invoices. Progress: 7 / 10
2025-06-17 23:29:41,017 - mainapp.logging_utils - INFO - [2025-06-17 23:29:41] Updating_invoices. Progress: 8 / 10
2025-06-17 23:29:41,580 - mainapp.logging_utils - INFO - [2025-06-17 23:29:41] Updating_invoices. Progress: 9 / 10
2025-06-17 23:29:41,739 - mainapp.logging_utils - INFO - [2025-06-17 23:29:41] update_invoices: positions to create and update defined
2025-06-17 23:29:41,866 - mainapp.logging_utils - INFO - [2025-06-17 23:29:41] get_documents: link: https://kabinet.dreamkas.ru/api/v1/documents?limit=10&filter[type]=11&filter[preset]=PAPER,DOCUMENTS&offset=None&filter[toAcceptedAt]=&filter[fromAcceptedAt]=
2025-06-17 23:29:41,866 - mainapp.logging_utils - INFO - [2025-06-17 23:29:41] Get request sent
2025-06-17 23:29:46,768 - mainapp.logging_utils - INFO - [2025-06-17 23:29:46] get_documents: link: https://kabinet.dreamkas.ru/api/v1/documents?limit=5&filter[type]=7&filter[preset]=PAPER,DOCUMENTS&offset=None&filter[toAcceptedAt]=&filter[fromAcceptedAt]=
2025-06-17 23:29:46,768 - mainapp.logging_utils - INFO - [2025-06-17 23:29:46] Get request sent
2025-06-17 23:30:36,956 - mainapp.logging_utils - INFO - [2025-06-17 23:30:36] Unable to price invoice: https://kabinet.dreamkas.ru/app/#!/documents/card~2F87012006
2025-06-17 23:30:36,956 - mainapp.logging_utils - INFO - [2025-06-17 23:30:36] Unable to price invoice: https://kabinet.dreamkas.ru/app/#!/documents/card~2F87029820
2025-06-17 23:30:36,956 - mainapp.logging_utils - INFO - [2025-06-17 23:30:36] Unable to price invoice: https://kabinet.dreamkas.ru/app/#!/documents/card~2F85449229
2025-06-17 23:30:36,956 - mainapp.logging_utils - INFO - [2025-06-17 23:30:36] Unable to price invoice: https://kabinet.dreamkas.ru/app/#!/documents/card~2F86361445
2025-06-17 23:30:37,349 - mainapp.logging_utils - INFO - [2025-06-17 23:30:37] Updating_invoices, params: False, True, False, 10, 10, 100, 2025-06-17, None, True, True, None, True, True
2025-06-17 23:31:03,828 - mainapp.logging_utils - INFO - [2025-06-17 23:31:03] get_documents: link: https://kabinet.dreamkas.ru/api/v1/documents?limit=10&filter[type]=11&filter[preset]=PAPER,DOCUMENTS&offset=None&filter[toAcceptedAt]=&filter[fromAcceptedAt]=2025-06-17
2025-06-17 23:31:03,828 - mainapp.logging_utils - INFO - [2025-06-17 23:31:03] Get request sent
2025-06-17 23:31:10,453 - mainapp.logging_utils - INFO - [2025-06-17 23:31:10] Unable to price invoice: https://kabinet.dreamkas.ru/app/#!/documents/card~2F87012006
2025-06-17 23:31:10,453 - mainapp.logging_utils - INFO - [2025-06-17 23:31:10] Unable to price invoice: https://kabinet.dreamkas.ru/app/#!/documents/card~2F87029820
2025-06-17 23:31:10,453 - mainapp.logging_utils - INFO - [2025-06-17 23:31:10] Unable to price invoice: https://kabinet.dreamkas.ru/app/#!/documents/card~2F85449229
2025-06-17 23:31:10,453 - mainapp.logging_utils - INFO - [2025-06-17 23:31:10] Unable to price invoice: https://kabinet.dreamkas.ru/app/#!/documents/card~2F86361445
2025-06-17 23:32:10,981 - mainapp.logging_utils - INFO - [2025-06-17 23:32:10] Updating_invoices, params: True, True, True, 10, 10, 5, None, None, True, True, None, True, True
2025-06-17 23:32:38,968 - mainapp.logging_utils - INFO - [2025-06-17 23:32:38] get_documents: link: https://kabinet.dreamkas.ru/api/v1/documents?limit=10&filter[type]=5,13&filter[preset]=PAPER,DOCUMENTS&offset=None&filter[toAcceptedAt]=&filter[fromAcceptedAt]=
2025-06-17 23:32:38,968 - mainapp.logging_utils - INFO - [2025-06-17 23:32:38] Get request sent
2025-06-17 23:32:39,361 - mainapp.logging_utils - INFO - [2025-06-17 23:32:39] update_invoices: documents external fetched
2025-06-17 23:32:39,361 - mainapp.logging_utils - INFO - [2025-06-17 23:32:39] update_invoices: draft cleanup done
2025-06-17 23:32:39,458 - mainapp.logging_utils - INFO - [2025-06-17 23:32:39] update_invoices: invoices to create and update defined
2025-06-17 23:32:39,616 - mainapp.logging_utils - INFO - [2025-06-17 23:32:39] update_invoices: invoices to create and update prepared
2025-06-17 23:32:39,657 - mainapp.logging_utils - INFO - [2025-06-17 23:32:39] update_invoices: invoices created and updated
2025-06-17 23:32:39,658 - mainapp.logging_utils - INFO - [2025-06-17 23:32:39] update_invoices: getting positions
2025-06-17 23:32:39,659 - mainapp.logging_utils - INFO - [2025-06-17 23:32:39] Updating_invoices. Progress: 0 / 10
2025-06-17 23:32:39,900 - mainapp.logging_utils - INFO - [2025-06-17 23:32:39] Updating_invoices. Progress: 1 / 10
2025-06-17 23:32:40,023 - mainapp.logging_utils - INFO - [2025-06-17 23:32:40] Updating_invoices. Progress: 2 / 10
2025-06-17 23:32:40,454 - mainapp.logging_utils - INFO - [2025-06-17 23:32:40] Updating_invoices. Progress: 3 / 10
2025-06-17 23:32:41,413 - mainapp.logging_utils - INFO - [2025-06-17 23:32:41] Updating_invoices. Progress: 4 / 10
2025-06-17 23:32:41,535 - mainapp.logging_utils - INFO - [2025-06-17 23:32:41] Updating_invoices. Progress: 5 / 10
2025-06-17 23:32:41,714 - mainapp.logging_utils - INFO - [2025-06-17 23:32:41] Updating_invoices. Progress: 6 / 10
2025-06-17 23:32:42,100 - mainapp.logging_utils - INFO - [2025-06-17 23:32:42] Updating_invoices. Progress: 7 / 10
2025-06-17 23:32:42,551 - mainapp.logging_utils - INFO - [2025-06-17 23:32:42] Updating_invoices. Progress: 8 / 10
2025-06-17 23:32:43,461 - mainapp.logging_utils - INFO - [2025-06-17 23:32:43] Updating_invoices. Progress: 9 / 10
2025-06-17 23:32:43,619 - mainapp.logging_utils - INFO - [2025-06-17 23:32:43] update_invoices: positions to create and update defined
2025-06-17 23:32:43,815 - mainapp.logging_utils - INFO - [2025-06-17 23:32:43] get_documents: link: https://kabinet.dreamkas.ru/api/v1/documents?limit=10&filter[type]=11&filter[preset]=PAPER,DOCUMENTS&offset=None&filter[toAcceptedAt]=&filter[fromAcceptedAt]=
2025-06-17 23:32:43,815 - mainapp.logging_utils - INFO - [2025-06-17 23:32:43] Get request sent
2025-06-17 23:32:49,099 - mainapp.logging_utils - INFO - [2025-06-17 23:32:49] get_documents: link: https://kabinet.dreamkas.ru/api/v1/documents?limit=5&filter[type]=7&filter[preset]=PAPER,DOCUMENTS&offset=None&filter[toAcceptedAt]=&filter[fromAcceptedAt]=
2025-06-17 23:32:49,099 - mainapp.logging_utils - INFO - [2025-06-17 23:32:49] Get request sent
2025-06-17 23:33:05,454 - mainapp.logging_utils - INFO - [2025-06-17 23:33:05] Unable to price invoice: https://kabinet.dreamkas.ru/app/#!/documents/card~2F87012006
2025-06-17 23:33:05,454 - mainapp.logging_utils - INFO - [2025-06-17 23:33:05] Unable to price invoice: https://kabinet.dreamkas.ru/app/#!/documents/card~2F87029820
2025-06-17 23:33:05,454 - mainapp.logging_utils - INFO - [2025-06-17 23:33:05] Unable to price invoice: https://kabinet.dreamkas.ru/app/#!/documents/card~2F85449229
2025-06-17 23:33:05,454 - mainapp.logging_utils - INFO - [2025-06-17 23:33:05] Unable to price invoice: https://kabinet.dreamkas.ru/app/#!/documents/card~2F86361445
2025-06-17 23:33:05,798 - mainapp.logging_utils - INFO - [2025-06-17 23:33:05] Updating_invoices, params: False, True, False, 10, 10, 100, 2025-06-17, None, True, True, None, True, True
2025-06-17 23:33:33,634 - mainapp.logging_utils - INFO - [2025-06-17 23:33:33] get_documents: link: https://kabinet.dreamkas.ru/api/v1/documents?limit=10&filter[type]=11&filter[preset]=PAPER,DOCUMENTS&offset=None&filter[toAcceptedAt]=&filter[fromAcceptedAt]=2025-06-17
2025-06-17 23:33:33,634 - mainapp.logging_utils - INFO - [2025-06-17 23:33:33] Get request sent
2025-06-17 23:33:40,405 - mainapp.logging_utils - INFO - [2025-06-17 23:33:40] Unable to price invoice: https://kabinet.dreamkas.ru/app/#!/documents/card~2F87012006
2025-06-17 23:33:40,405 - mainapp.logging_utils - INFO - [2025-06-17 23:33:40] Unable to price invoice: https://kabinet.dreamkas.ru/app/#!/documents/card~2F87029820
2025-06-17 23:33:40,405 - mainapp.logging_utils - INFO - [2025-06-17 23:33:40] Unable to price invoice: https://kabinet.dreamkas.ru/app/#!/documents/card~2F85449229
2025-06-17 23:33:40,405 - mainapp.logging_utils - INFO - [2025-06-17 23:33:40] Unable to price invoice: https://kabinet.dreamkas.ru/app/#!/documents/card~2F86361445
2025-06-17 23:34:40,808 - mainapp.logging_utils - INFO - [2025-06-17 23:34:40] Updating_invoices, params: True, True, True, 10, 10, 5, None, None, True, True, None, True, True
2025-06-17 23:35:08,489 - mainapp.logging_utils - INFO - [2025-06-17 23:35:08] get_documents: link: https://kabinet.dreamkas.ru/api/v1/documents?limit=10&filter[type]=5,13&filter[preset]=PAPER,DOCUMENTS&offset=None&filter[toAcceptedAt]=&filter[fromAcceptedAt]=
2025-06-17 23:35:08,490 - mainapp.logging_utils - INFO - [2025-06-17 23:35:08] Get request sent
2025-06-17 23:35:08,917 - mainapp.logging_utils - INFO - [2025-06-17 23:35:08] update_invoices: documents external fetched
2025-06-17 23:35:08,919 - mainapp.logging_utils - INFO - [2025-06-17 23:35:08] update_invoices: draft cleanup done
2025-06-17 23:35:09,114 - mainapp.logging_utils - INFO - [2025-06-17 23:35:09] update_invoices: invoices to create and update defined
2025-06-17 23:35:09,278 - mainapp.logging_utils - INFO - [2025-06-17 23:35:09] update_invoices: invoices to create and update prepared
2025-06-17 23:35:09,330 - mainapp.logging_utils - INFO - [2025-06-17 23:35:09] update_invoices: invoices created and updated
2025-06-17 23:35:09,330 - mainapp.logging_utils - INFO - [2025-06-17 23:35:09] update_invoices: getting positions
2025-06-17 23:35:09,331 - mainapp.logging_utils - INFO - [2025-06-17 23:35:09] Updating_invoices. Progress: 0 / 10
2025-06-17 23:35:09,586 - mainapp.logging_utils - INFO - [2025-06-17 23:35:09] Updating_invoices. Progress: 1 / 10
2025-06-17 23:35:09,711 - mainapp.logging_utils - INFO - [2025-06-17 23:35:09] Updating_invoices. Progress: 2 / 10
2025-06-17 23:35:10,148 - mainapp.logging_utils - INFO - [2025-06-17 23:35:10] Updating_invoices. Progress: 3 / 10
2025-06-17 23:35:11,062 - mainapp.logging_utils - INFO - [2025-06-17 23:35:11] Updating_invoices. Progress: 4 / 10
2025-06-17 23:35:11,183 - mainapp.logging_utils - INFO - [2025-06-17 23:35:11] Updating_invoices. Progress: 5 / 10
2025-06-17 23:35:11,362 - mainapp.logging_utils - INFO - [2025-06-17 23:35:11] Updating_invoices. Progress: 6 / 10
2025-06-17 23:35:11,721 - mainapp.logging_utils - INFO - [2025-06-17 23:35:11] Updating_invoices. Progress: 7 / 10
2025-06-17 23:35:12,141 - mainapp.logging_utils - INFO - [2025-06-17 23:35:12] Updating_invoices. Progress: 8 / 10
2025-06-17 23:35:12,738 - mainapp.logging_utils - INFO - [2025-06-17 23:35:12] Updating_invoices. Progress: 9 / 10
2025-06-17 23:35:12,898 - mainapp.logging_utils - INFO - [2025-06-17 23:35:12] update_invoices: positions to create and update defined
2025-06-17 23:35:13,056 - mainapp.logging_utils - INFO - [2025-06-17 23:35:13] get_documents: link: https://kabinet.dreamkas.ru/api/v1/documents?limit=10&filter[type]=11&filter[preset]=PAPER,DOCUMENTS&offset=None&filter[toAcceptedAt]=&filter[fromAcceptedAt]=
2025-06-17 23:35:13,057 - mainapp.logging_utils - INFO - [2025-06-17 23:35:13] Get request sent
2025-06-17 23:35:18,743 - mainapp.logging_utils - INFO - [2025-06-17 23:35:18] get_documents: link: https://kabinet.dreamkas.ru/api/v1/documents?limit=5&filter[type]=7&filter[preset]=PAPER,DOCUMENTS&offset=None&filter[toAcceptedAt]=&filter[fromAcceptedAt]=
2025-06-17 23:35:18,744 - mainapp.logging_utils - INFO - [2025-06-17 23:35:18] Get request sent
2025-06-17 23:35:36,829 - mainapp.logging_utils - INFO - [2025-06-17 23:35:36] Unable to price invoice: https://kabinet.dreamkas.ru/app/#!/documents/card~2F87012006
2025-06-17 23:35:36,830 - mainapp.logging_utils - INFO - [2025-06-17 23:35:36] Unable to price invoice: https://kabinet.dreamkas.ru/app/#!/documents/card~2F87029820
2025-06-17 23:35:36,830 - mainapp.logging_utils - INFO - [2025-06-17 23:35:36] Unable to price invoice: https://kabinet.dreamkas.ru/app/#!/documents/card~2F85449229
2025-06-17 23:35:36,830 - mainapp.logging_utils - INFO - [2025-06-17 23:35:36] Unable to price invoice: https://kabinet.dreamkas.ru/app/#!/documents/card~2F86361445
2025-06-17 23:35:37,190 - mainapp.logging_utils - INFO - [2025-06-17 23:35:37] Updating_invoices, params: False, True, False, 10, 10, 100, 2025-06-17, None, True, True, None, True, True
2025-06-17 23:36:04,934 - mainapp.logging_utils - INFO - [2025-06-17 23:36:04] get_documents: link: https://kabinet.dreamkas.ru/api/v1/documents?limit=10&filter[type]=11&filter[preset]=PAPER,DOCUMENTS&offset=None&filter[toAcceptedAt]=&filter[fromAcceptedAt]=2025-06-17
2025-06-17 23:36:04,934 - mainapp.logging_utils - INFO - [2025-06-17 23:36:04] Get request sent
2025-06-17 23:36:11,757 - mainapp.logging_utils - INFO - [2025-06-17 23:36:11] Unable to price invoice: https://kabinet.dreamkas.ru/app/#!/documents/card~2F87012006
2025-06-17 23:36:11,757 - mainapp.logging_utils - INFO - [2025-06-17 23:36:11] Unable to price invoice: https://kabinet.dreamkas.ru/app/#!/documents/card~2F87029820
2025-06-17 23:36:11,757 - mainapp.logging_utils - INFO - [2025-06-17 23:36:11] Unable to price invoice: https://kabinet.dreamkas.ru/app/#!/documents/card~2F85449229
2025-06-17 23:36:11,757 - mainapp.logging_utils - INFO - [2025-06-17 23:36:11] Unable to price invoice: https://kabinet.dreamkas.ru/app/#!/documents/card~2F86361445
2025-06-17 23:37:12,286 - mainapp.logging_utils - INFO - [2025-06-17 23:37:12] Updating_invoices, params: True, True, True, 10, 10, 5, None, None, True, True, None, True, True
2025-06-17 23:37:39,221 - mainapp.logging_utils - INFO - [2025-06-17 23:37:39] get_documents: link: https://kabinet.dreamkas.ru/api/v1/documents?limit=10&filter[type]=5,13&filter[preset]=PAPER,DOCUMENTS&offset=None&filter[toAcceptedAt]=&filter[fromAcceptedAt]=
2025-06-17 23:37:39,221 - mainapp.logging_utils - INFO - [2025-06-17 23:37:39] Get request sent
2025-06-17 23:37:39,786 - mainapp.logging_utils - INFO - [2025-06-17 23:37:39] update_invoices: documents external fetched
2025-06-17 23:37:39,787 - mainapp.logging_utils - INFO - [2025-06-17 23:37:39] update_invoices: draft cleanup done
2025-06-17 23:37:39,880 - mainapp.logging_utils - INFO - [2025-06-17 23:37:39] update_invoices: invoices to create and update defined
2025-06-17 23:37:40,009 - mainapp.logging_utils - INFO - [2025-06-17 23:37:40] update_invoices: invoices to create and update prepared
2025-06-17 23:37:40,046 - mainapp.logging_utils - INFO - [2025-06-17 23:37:40] update_invoices: invoices created and updated
2025-06-17 23:37:40,047 - mainapp.logging_utils - INFO - [2025-06-17 23:37:40] update_invoices: getting positions
2025-06-17 23:37:40,047 - mainapp.logging_utils - INFO - [2025-06-17 23:37:40] Updating_invoices. Progress: 0 / 10
2025-06-17 23:37:40,256 - mainapp.logging_utils - INFO - [2025-06-17 23:37:40] Updating_invoices. Progress: 1 / 10
2025-06-17 23:37:40,378 - mainapp.logging_utils - INFO - [2025-06-17 23:37:40] Updating_invoices. Progress: 2 / 10
2025-06-17 23:37:40,789 - mainapp.logging_utils - INFO - [2025-06-17 23:37:40] Updating_invoices. Progress: 3 / 10
2025-06-17 23:37:41,838 - mainapp.logging_utils - INFO - [2025-06-17 23:37:41] Updating_invoices. Progress: 4 / 10
2025-06-17 23:37:41,956 - mainapp.logging_utils - INFO - [2025-06-17 23:37:41] Updating_invoices. Progress: 5 / 10
2025-06-17 23:37:42,130 - mainapp.logging_utils - INFO - [2025-06-17 23:37:42] Updating_invoices. Progress: 6 / 10
2025-06-17 23:37:42,485 - mainapp.logging_utils - INFO - [2025-06-17 23:37:42] Updating_invoices. Progress: 7 / 10
2025-06-17 23:37:42,831 - mainapp.logging_utils - INFO - [2025-06-17 23:37:42] Updating_invoices. Progress: 8 / 10
2025-06-17 23:37:43,381 - mainapp.logging_utils - INFO - [2025-06-17 23:37:43] Updating_invoices. Progress: 9 / 10
2025-06-17 23:37:43,532 - mainapp.logging_utils - INFO - [2025-06-17 23:37:43] update_invoices: positions to create and update defined
2025-06-17 23:37:43,666 - mainapp.logging_utils - INFO - [2025-06-17 23:37:43] get_documents: link: https://kabinet.dreamkas.ru/api/v1/documents?limit=10&filter[type]=11&filter[preset]=PAPER,DOCUMENTS&offset=None&filter[toAcceptedAt]=&filter[fromAcceptedAt]=
2025-06-17 23:37:43,667 - mainapp.logging_utils - INFO - [2025-06-17 23:37:43] Get request sent
2025-06-17 23:37:48,732 - mainapp.logging_utils - INFO - [2025-06-17 23:37:48] get_documents: link: https://kabinet.dreamkas.ru/api/v1/documents?limit=5&filter[type]=7&filter[preset]=PAPER,DOCUMENTS&offset=None&filter[toAcceptedAt]=&filter[fromAcceptedAt]=
2025-06-17 23:37:48,733 - mainapp.logging_utils - INFO - [2025-06-17 23:37:48] Get request sent
2025-06-17 23:38:04,630 - mainapp.logging_utils - INFO - [2025-06-17 23:38:04] Unable to price invoice: https://kabinet.dreamkas.ru/app/#!/documents/card~2F87012006
2025-06-17 23:38:04,630 - mainapp.logging_utils - INFO - [2025-06-17 23:38:04] Unable to price invoice: https://kabinet.dreamkas.ru/app/#!/documents/card~2F87029820
2025-06-17 23:38:04,630 - mainapp.logging_utils - INFO - [2025-06-17 23:38:04] Unable to price invoice: https://kabinet.dreamkas.ru/app/#!/documents/card~2F85449229
2025-06-17 23:38:04,630 - mainapp.logging_utils - INFO - [2025-06-17 23:38:04] Unable to price invoice: https://kabinet.dreamkas.ru/app/#!/documents/card~2F86361445
2025-06-17 23:38:04,972 - mainapp.logging_utils - INFO - [2025-06-17 23:38:04] Updating_invoices, params: False, True, False, 10, 10, 100, 2025-06-17, None, True, True, None, True, True
2025-06-17 23:38:31,705 - mainapp.logging_utils - INFO - [2025-06-17 23:38:31] get_documents: link: https://kabinet.dreamkas.ru/api/v1/documents?limit=10&filter[type]=11&filter[preset]=PAPER,DOCUMENTS&offset=None&filter[toAcceptedAt]=&filter[fromAcceptedAt]=2025-06-17
2025-06-17 23:38:31,705 - mainapp.logging_utils - INFO - [2025-06-17 23:38:31] Get request sent
2025-06-17 23:38:38,207 - mainapp.logging_utils - INFO - [2025-06-17 23:38:38] Unable to price invoice: https://kabinet.dreamkas.ru/app/#!/documents/card~2F87012006
2025-06-17 23:38:38,207 - mainapp.logging_utils - INFO - [2025-06-17 23:38:38] Unable to price invoice: https://kabinet.dreamkas.ru/app/#!/documents/card~2F87029820
2025-06-17 23:38:38,207 - mainapp.logging_utils - INFO - [2025-06-17 23:38:38] Unable to price invoice: https://kabinet.dreamkas.ru/app/#!/documents/card~2F85449229
2025-06-17 23:38:38,207 - mainapp.logging_utils - INFO - [2025-06-17 23:38:38] Unable to price invoice: https://kabinet.dreamkas.ru/app/#!/documents/card~2F86361445
2025-06-17 23:39:38,634 - mainapp.logging_utils - INFO - [2025-06-17 23:39:38] Updating_invoices, params: True, True, True, 10, 10, 5, None, None, True, True, None, True, True
2025-06-17 23:40:36,700 - mainapp.logging_utils - INFO - [2025-06-17 23:40:36] get_documents: link: https://kabinet.dreamkas.ru/api/v1/documents?limit=10&filter[type]=5,13&filter[preset]=PAPER,DOCUMENTS&offset=None&filter[toAcceptedAt]=&filter[fromAcceptedAt]=
2025-06-17 23:40:36,700 - mainapp.logging_utils - INFO - [2025-06-17 23:40:36] Get request sent
2025-06-17 23:40:37,371 - mainapp.logging_utils - INFO - [2025-06-17 23:40:37] update_invoices: documents external fetched
2025-06-17 23:40:37,372 - mainapp.logging_utils - INFO - [2025-06-17 23:40:37] update_invoices: draft cleanup done
2025-06-17 23:40:37,469 - mainapp.logging_utils - INFO - [2025-06-17 23:40:37] update_invoices: invoices to create and update defined
2025-06-17 23:40:37,603 - mainapp.logging_utils - INFO - [2025-06-17 23:40:37] update_invoices: invoices to create and update prepared
2025-06-17 23:40:37,643 - mainapp.logging_utils - INFO - [2025-06-17 23:40:37] update_invoices: invoices created and updated
2025-06-17 23:40:37,643 - mainapp.logging_utils - INFO - [2025-06-17 23:40:37] update_invoices: getting positions
2025-06-17 23:40:37,644 - mainapp.logging_utils - INFO - [2025-06-17 23:40:37] Updating_invoices. Progress: 0 / 10
2025-06-17 23:40:37,859 - mainapp.logging_utils - INFO - [2025-06-17 23:40:37] Updating_invoices. Progress: 1 / 10
2025-06-17 23:40:37,991 - mainapp.logging_utils - INFO - [2025-06-17 23:40:37] Updating_invoices. Progress: 2 / 10
2025-06-17 23:40:38,404 - mainapp.logging_utils - INFO - [2025-06-17 23:40:38] Updating_invoices. Progress: 3 / 10
2025-06-17 23:40:39,256 - mainapp.logging_utils - INFO - [2025-06-17 23:40:39] Updating_invoices. Progress: 4 / 10
2025-06-17 23:40:39,384 - mainapp.logging_utils - INFO - [2025-06-17 23:40:39] Updating_invoices. Progress: 5 / 10
2025-06-17 23:40:39,571 - mainapp.logging_utils - INFO - [2025-06-17 23:40:39] Updating_invoices. Progress: 6 / 10
2025-06-17 23:40:39,933 - mainapp.logging_utils - INFO - [2025-06-17 23:40:39] Updating_invoices. Progress: 7 / 10
2025-06-17 23:40:40,305 - mainapp.logging_utils - INFO - [2025-06-17 23:40:40] Updating_invoices. Progress: 8 / 10
2025-06-17 23:40:40,881 - mainapp.logging_utils - INFO - [2025-06-17 23:40:40] Updating_invoices. Progress: 9 / 10
2025-06-17 23:40:41,034 - mainapp.logging_utils - INFO - [2025-06-17 23:40:41] update_invoices: positions to create and update defined
2025-06-17 23:40:41,172 - mainapp.logging_utils - INFO - [2025-06-17 23:40:41] get_documents: link: https://kabinet.dreamkas.ru/api/v1/documents?limit=10&filter[type]=11&filter[preset]=PAPER,DOCUMENTS&offset=None&filter[toAcceptedAt]=&filter[fromAcceptedAt]=
2025-06-17 23:40:41,172 - mainapp.logging_utils - INFO - [2025-06-17 23:40:41] Get request sent
2025-06-17 23:40:57,198 - mainapp.logging_utils - INFO - [2025-06-17 23:40:57] get_documents: link: https://kabinet.dreamkas.ru/api/v1/documents?limit=5&filter[type]=7&filter[preset]=PAPER,DOCUMENTS&offset=None&filter[toAcceptedAt]=&filter[fromAcceptedAt]=
2025-06-17 23:40:57,198 - mainapp.logging_utils - INFO - [2025-06-17 23:40:57] Get request sent
2025-06-17 23:41:13,540 - mainapp.logging_utils - INFO - [2025-06-17 23:41:13] Unable to price invoice: https://kabinet.dreamkas.ru/app/#!/documents/card~2F87012006
2025-06-17 23:41:13,540 - mainapp.logging_utils - INFO - [2025-06-17 23:41:13] Unable to price invoice: https://kabinet.dreamkas.ru/app/#!/documents/card~2F87029820
2025-06-17 23:41:13,540 - mainapp.logging_utils - INFO - [2025-06-17 23:41:13] Unable to price invoice: https://kabinet.dreamkas.ru/app/#!/documents/card~2F85449229
2025-06-17 23:41:13,540 - mainapp.logging_utils - INFO - [2025-06-17 23:41:13] Unable to price invoice: https://kabinet.dreamkas.ru/app/#!/documents/card~2F86361445
2025-06-17 23:41:13,904 - mainapp.logging_utils - INFO - [2025-06-17 23:41:13] Updating_invoices, params: False, True, False, 10, 10, 100, 2025-06-17, None, True, True, None, True, True
2025-06-17 23:41:41,433 - mainapp.logging_utils - INFO - [2025-06-17 23:41:41] get_documents: link: https://kabinet.dreamkas.ru/api/v1/documents?limit=10&filter[type]=11&filter[preset]=PAPER,DOCUMENTS&offset=None&filter[toAcceptedAt]=&filter[fromAcceptedAt]=2025-06-17
2025-06-17 23:41:41,433 - mainapp.logging_utils - INFO - [2025-06-17 23:41:41] Get request sent
2025-06-17 23:41:48,251 - mainapp.logging_utils - INFO - [2025-06-17 23:41:48] Unable to price invoice: https://kabinet.dreamkas.ru/app/#!/documents/card~2F87012006
2025-06-17 23:41:48,252 - mainapp.logging_utils - INFO - [2025-06-17 23:41:48] Unable to price invoice: https://kabinet.dreamkas.ru/app/#!/documents/card~2F87029820
2025-06-17 23:41:48,252 - mainapp.logging_utils - INFO - [2025-06-17 23:41:48] Unable to price invoice: https://kabinet.dreamkas.ru/app/#!/documents/card~2F85449229
2025-06-17 23:41:48,252 - mainapp.logging_utils - INFO - [2025-06-17 23:41:48] Unable to price invoice: https://kabinet.dreamkas.ru/app/#!/documents/card~2F86361445
2025-06-17 23:42:48,680 - mainapp.logging_utils - INFO - [2025-06-17 23:42:48] Updating_invoices, params: True, True, True, 10, 10, 5, None, None, True, True, None, True, True
2025-06-17 23:43:15,454 - mainapp.logging_utils - INFO - [2025-06-17 23:43:15] get_documents: link: https://kabinet.dreamkas.ru/api/v1/documents?limit=10&filter[type]=5,13&filter[preset]=PAPER,DOCUMENTS&offset=None&filter[toAcceptedAt]=&filter[fromAcceptedAt]=
2025-06-17 23:43:15,455 - mainapp.logging_utils - INFO - [2025-06-17 23:43:15] Get request sent
2025-06-17 23:43:15,980 - mainapp.logging_utils - INFO - [2025-06-17 23:43:15] update_invoices: documents external fetched
2025-06-17 23:43:15,981 - mainapp.logging_utils - INFO - [2025-06-17 23:43:15] update_invoices: draft cleanup done
2025-06-17 23:43:16,081 - mainapp.logging_utils - INFO - [2025-06-17 23:43:16] update_invoices: invoices to create and update defined
2025-06-17 23:43:16,215 - mainapp.logging_utils - INFO - [2025-06-17 23:43:16] update_invoices: invoices to create and update prepared
2025-06-17 23:43:16,255 - mainapp.logging_utils - INFO - [2025-06-17 23:43:16] update_invoices: invoices created and updated
2025-06-17 23:43:16,255 - mainapp.logging_utils - INFO - [2025-06-17 23:43:16] update_invoices: getting positions
2025-06-17 23:43:16,256 - mainapp.logging_utils - INFO - [2025-06-17 23:43:16] Updating_invoices. Progress: 0 / 10
2025-06-17 23:43:16,469 - mainapp.logging_utils - INFO - [2025-06-17 23:43:16] Updating_invoices. Progress: 1 / 10
2025-06-17 23:43:16,583 - mainapp.logging_utils - INFO - [2025-06-17 23:43:16] Updating_invoices. Progress: 2 / 10
2025-06-17 23:43:16,982 - mainapp.logging_utils - INFO - [2025-06-17 23:43:16] Updating_invoices. Progress: 3 / 10
2025-06-17 23:43:17,853 - mainapp.logging_utils - INFO - [2025-06-17 23:43:17] Updating_invoices. Progress: 4 / 10
2025-06-17 23:43:17,971 - mainapp.logging_utils - INFO - [2025-06-17 23:43:17] Updating_invoices. Progress: 5 / 10
2025-06-17 23:43:18,148 - mainapp.logging_utils - INFO - [2025-06-17 23:43:18] Updating_invoices. Progress: 6 / 10
2025-06-17 23:43:18,490 - mainapp.logging_utils - INFO - [2025-06-17 23:43:18] Updating_invoices. Progress: 7 / 10
2025-06-17 23:43:18,828 - mainapp.logging_utils - INFO - [2025-06-17 23:43:18] Updating_invoices. Progress: 8 / 10
2025-06-17 23:43:19,381 - mainapp.logging_utils - INFO - [2025-06-17 23:43:19] Updating_invoices. Progress: 9 / 10
2025-06-17 23:43:19,524 - mainapp.logging_utils - INFO - [2025-06-17 23:43:19] update_invoices: positions to create and update defined
2025-06-17 23:43:19,655 - mainapp.logging_utils - INFO - [2025-06-17 23:43:19] get_documents: link: https://kabinet.dreamkas.ru/api/v1/documents?limit=10&filter[type]=11&filter[preset]=PAPER,DOCUMENTS&offset=None&filter[toAcceptedAt]=&filter[fromAcceptedAt]=
2025-06-17 23:43:19,656 - mainapp.logging_utils - INFO - [2025-06-17 23:43:19] Get request sent
2025-06-17 23:43:25,213 - mainapp.logging_utils - INFO - [2025-06-17 23:43:25] get_documents: link: https://kabinet.dreamkas.ru/api/v1/documents?limit=5&filter[type]=7&filter[preset]=PAPER,DOCUMENTS&offset=None&filter[toAcceptedAt]=&filter[fromAcceptedAt]=
2025-06-17 23:43:25,213 - mainapp.logging_utils - INFO - [2025-06-17 23:43:25] Get request sent
2025-06-17 23:43:41,569 - mainapp.logging_utils - INFO - [2025-06-17 23:43:41] Unable to price invoice: https://kabinet.dreamkas.ru/app/#!/documents/card~2F87012006
2025-06-17 23:43:41,570 - mainapp.logging_utils - INFO - [2025-06-17 23:43:41] Unable to price invoice: https://kabinet.dreamkas.ru/app/#!/documents/card~2F87029820
2025-06-17 23:43:41,570 - mainapp.logging_utils - INFO - [2025-06-17 23:43:41] Unable to price invoice: https://kabinet.dreamkas.ru/app/#!/documents/card~2F85449229
2025-06-17 23:43:41,570 - mainapp.logging_utils - INFO - [2025-06-17 23:43:41] Unable to price invoice: https://kabinet.dreamkas.ru/app/#!/documents/card~2F86361445
2025-06-17 23:43:41,915 - mainapp.logging_utils - INFO - [2025-06-17 23:43:41] Updating_invoices, params: False, True, False, 10, 10, 100, 2025-06-17, None, True, True, None, True, True
2025-06-17 23:44:09,154 - mainapp.logging_utils - INFO - [2025-06-17 23:44:09] get_documents: link: https://kabinet.dreamkas.ru/api/v1/documents?limit=10&filter[type]=11&filter[preset]=PAPER,DOCUMENTS&offset=None&filter[toAcceptedAt]=&filter[fromAcceptedAt]=2025-06-17
2025-06-17 23:44:09,155 - mainapp.logging_utils - INFO - [2025-06-17 23:44:09] Get request sent
2025-06-17 23:44:15,844 - mainapp.logging_utils - INFO - [2025-06-17 23:44:15] Unable to price invoice: https://kabinet.dreamkas.ru/app/#!/documents/card~2F87012006
2025-06-17 23:44:15,844 - mainapp.logging_utils - INFO - [2025-06-17 23:44:15] Unable to price invoice: https://kabinet.dreamkas.ru/app/#!/documents/card~2F87029820
2025-06-17 23:44:15,844 - mainapp.logging_utils - INFO - [2025-06-17 23:44:15] Unable to price invoice: https://kabinet.dreamkas.ru/app/#!/documents/card~2F85449229
2025-06-17 23:44:15,844 - mainapp.logging_utils - INFO - [2025-06-17 23:44:15] Unable to price invoice: https://kabinet.dreamkas.ru/app/#!/documents/card~2F86361445
2025-06-17 23:45:16,309 - mainapp.logging_utils - INFO - [2025-06-17 23:45:16] Updating_invoices, params: True, True, True, 10, 10, 5, None, None, True, True, None, True, True
2025-06-17 23:45:43,522 - mainapp.logging_utils - INFO - [2025-06-17 23:45:43] get_documents: link: https://kabinet.dreamkas.ru/api/v1/documents?limit=10&filter[type]=5,13&filter[preset]=PAPER,DOCUMENTS&offset=None&filter[toAcceptedAt]=&filter[fromAcceptedAt]=
2025-06-17 23:45:43,522 - mainapp.logging_utils - INFO - [2025-06-17 23:45:43] Get request sent
2025-06-17 23:45:43,990 - mainapp.logging_utils - INFO - [2025-06-17 23:45:43] update_invoices: documents external fetched
2025-06-17 23:45:43,991 - mainapp.logging_utils - INFO - [2025-06-17 23:45:43] update_invoices: draft cleanup done
2025-06-17 23:45:44,156 - mainapp.logging_utils - INFO - [2025-06-17 23:45:44] update_invoices: invoices to create and update defined
2025-06-17 23:45:44,296 - mainapp.logging_utils - INFO - [2025-06-17 23:45:44] update_invoices: invoices to create and update prepared
2025-06-17 23:45:44,340 - mainapp.logging_utils - INFO - [2025-06-17 23:45:44] update_invoices: invoices created and updated
2025-06-17 23:45:44,340 - mainapp.logging_utils - INFO - [2025-06-17 23:45:44] update_invoices: getting positions
2025-06-17 23:45:44,340 - mainapp.logging_utils - INFO - [2025-06-17 23:45:44] Updating_invoices. Progress: 0 / 10
2025-06-17 23:45:44,542 - mainapp.logging_utils - INFO - [2025-06-17 23:45:44] Updating_invoices. Progress: 1 / 10
2025-06-17 23:45:44,655 - mainapp.logging_utils - INFO - [2025-06-17 23:45:44] Updating_invoices. Progress: 2 / 10
2025-06-17 23:45:45,068 - mainapp.logging_utils - INFO - [2025-06-17 23:45:45] Updating_invoices. Progress: 3 / 10
2025-06-17 23:45:45,955 - mainapp.logging_utils - INFO - [2025-06-17 23:45:45] Updating_invoices. Progress: 4 / 10
2025-06-17 23:45:46,072 - mainapp.logging_utils - INFO - [2025-06-17 23:45:46] Updating_invoices. Progress: 5 / 10
2025-06-17 23:45:46,247 - mainapp.logging_utils - INFO - [2025-06-17 23:45:46] Updating_invoices. Progress: 6 / 10
2025-06-17 23:45:46,613 - mainapp.logging_utils - INFO - [2025-06-17 23:45:46] Updating_invoices. Progress: 7 / 10
2025-06-17 23:45:46,954 - mainapp.logging_utils - INFO - [2025-06-17 23:45:46] Updating_invoices. Progress: 8 / 10
2025-06-17 23:45:47,513 - mainapp.logging_utils - INFO - [2025-06-17 23:45:47] Updating_invoices. Progress: 9 / 10
2025-06-17 23:45:47,669 - mainapp.logging_utils - INFO - [2025-06-17 23:45:47] update_invoices: positions to create and update defined
2025-06-17 23:45:47,803 - mainapp.logging_utils - INFO - [2025-06-17 23:45:47] get_documents: link: https://kabinet.dreamkas.ru/api/v1/documents?limit=10&filter[type]=11&filter[preset]=PAPER,DOCUMENTS&offset=None&filter[toAcceptedAt]=&filter[fromAcceptedAt]=
2025-06-17 23:45:47,804 - mainapp.logging_utils - INFO - [2025-06-17 23:45:47] Get request sent
2025-06-17 23:45:52,829 - mainapp.logging_utils - INFO - [2025-06-17 23:45:52] get_documents: link: https://kabinet.dreamkas.ru/api/v1/documents?limit=5&filter[type]=7&filter[preset]=PAPER,DOCUMENTS&offset=None&filter[toAcceptedAt]=&filter[fromAcceptedAt]=
2025-06-17 23:45:52,830 - mainapp.logging_utils - INFO - [2025-06-17 23:45:52] Get request sent
2025-06-17 23:46:09,386 - mainapp.logging_utils - INFO - [2025-06-17 23:46:09] Unable to price invoice: https://kabinet.dreamkas.ru/app/#!/documents/card~2F87012006
2025-06-17 23:46:09,386 - mainapp.logging_utils - INFO - [2025-06-17 23:46:09] Unable to price invoice: https://kabinet.dreamkas.ru/app/#!/documents/card~2F87029820
2025-06-17 23:46:09,386 - mainapp.logging_utils - INFO - [2025-06-17 23:46:09] Unable to price invoice: https://kabinet.dreamkas.ru/app/#!/documents/card~2F85449229
2025-06-17 23:46:09,386 - mainapp.logging_utils - INFO - [2025-06-17 23:46:09] Unable to price invoice: https://kabinet.dreamkas.ru/app/#!/documents/card~2F86361445
2025-06-17 23:46:09,746 - mainapp.logging_utils - INFO - [2025-06-17 23:46:09] Updating_invoices, params: False, True, False, 10, 10, 100, 2025-06-17, None, True, True, None, True, True
2025-06-17 23:46:37,427 - mainapp.logging_utils - INFO - [2025-06-17 23:46:37] get_documents: link: https://kabinet.dreamkas.ru/api/v1/documents?limit=10&filter[type]=11&filter[preset]=PAPER,DOCUMENTS&offset=None&filter[toAcceptedAt]=&filter[fromAcceptedAt]=2025-06-17
2025-06-17 23:46:37,427 - mainapp.logging_utils - INFO - [2025-06-17 23:46:37] Get request sent
2025-06-17 23:46:44,156 - mainapp.logging_utils - INFO - [2025-06-17 23:46:44] Unable to price invoice: https://kabinet.dreamkas.ru/app/#!/documents/card~2F87012006
2025-06-17 23:46:44,156 - mainapp.logging_utils - INFO - [2025-06-17 23:46:44] Unable to price invoice: https://kabinet.dreamkas.ru/app/#!/documents/card~2F87029820
2025-06-17 23:46:44,156 - mainapp.logging_utils - INFO - [2025-06-17 23:46:44] Unable to price invoice: https://kabinet.dreamkas.ru/app/#!/documents/card~2F85449229
2025-06-17 23:46:44,157 - mainapp.logging_utils - INFO - [2025-06-17 23:46:44] Unable to price invoice: https://kabinet.dreamkas.ru/app/#!/documents/card~2F86361445
2025-06-17 23:47:44,554 - mainapp.logging_utils - INFO - [2025-06-17 23:47:44] Updating_invoices, params: True, True, True, 10, 10, 5, None, None, True, True, None, True, True
2025-06-17 23:48:12,192 - mainapp.logging_utils - INFO - [2025-06-17 23:48:12] get_documents: link: https://kabinet.dreamkas.ru/api/v1/documents?limit=10&filter[type]=5,13&filter[preset]=PAPER,DOCUMENTS&offset=None&filter[toAcceptedAt]=&filter[fromAcceptedAt]=
2025-06-17 23:48:12,192 - mainapp.logging_utils - INFO - [2025-06-17 23:48:12] Get request sent
2025-06-17 23:48:12,597 - mainapp.logging_utils - INFO - [2025-06-17 23:48:12] update_invoices: documents external fetched
2025-06-17 23:48:12,598 - mainapp.logging_utils - INFO - [2025-06-17 23:48:12] update_invoices: draft cleanup done
2025-06-17 23:48:12,695 - mainapp.logging_utils - INFO - [2025-06-17 23:48:12] update_invoices: invoices to create and update defined
2025-06-17 23:48:12,837 - mainapp.logging_utils - INFO - [2025-06-17 23:48:12] update_invoices: invoices to create and update prepared
2025-06-17 23:48:12,875 - mainapp.logging_utils - INFO - [2025-06-17 23:48:12] update_invoices: invoices created and updated
2025-06-17 23:48:12,876 - mainapp.logging_utils - INFO - [2025-06-17 23:48:12] update_invoices: getting positions
2025-06-17 23:48:12,876 - mainapp.logging_utils - INFO - [2025-06-17 23:48:12] Updating_invoices. Progress: 0 / 10
2025-06-17 23:48:13,106 - mainapp.logging_utils - INFO - [2025-06-17 23:48:13] Updating_invoices. Progress: 1 / 10
2025-06-17 23:48:13,229 - mainapp.logging_utils - INFO - [2025-06-17 23:48:13] Updating_invoices. Progress: 2 / 10
2025-06-17 23:48:13,635 - mainapp.logging_utils - INFO - [2025-06-17 23:48:13] Updating_invoices. Progress: 3 / 10
2025-06-17 23:48:14,742 - mainapp.logging_utils - INFO - [2025-06-17 23:48:14] Updating_invoices. Progress: 4 / 10
2025-06-17 23:48:14,867 - mainapp.logging_utils - INFO - [2025-06-17 23:48:14] Updating_invoices. Progress: 5 / 10
2025-06-17 23:48:15,048 - mainapp.logging_utils - INFO - [2025-06-17 23:48:15] Updating_invoices. Progress: 6 / 10
2025-06-17 23:48:15,428 - mainapp.logging_utils - INFO - [2025-06-17 23:48:15] Updating_invoices. Progress: 7 / 10
2025-06-17 23:48:15,772 - mainapp.logging_utils - INFO - [2025-06-17 23:48:15] Updating_invoices. Progress: 8 / 10
2025-06-17 23:48:16,336 - mainapp.logging_utils - INFO - [2025-06-17 23:48:16] Updating_invoices. Progress: 9 / 10
2025-06-17 23:48:16,495 - mainapp.logging_utils - INFO - [2025-06-17 23:48:16] update_invoices: positions to create and update defined
2025-06-17 23:48:16,637 - mainapp.logging_utils - INFO - [2025-06-17 23:48:16] get_documents: link: https://kabinet.dreamkas.ru/api/v1/documents?limit=10&filter[type]=11&filter[preset]=PAPER,DOCUMENTS&offset=None&filter[toAcceptedAt]=&filter[fromAcceptedAt]=
2025-06-17 23:48:16,637 - mainapp.logging_utils - INFO - [2025-06-17 23:48:16] Get request sent
2025-06-17 23:48:21,873 - mainapp.logging_utils - INFO - [2025-06-17 23:48:21] get_documents: link: https://kabinet.dreamkas.ru/api/v1/documents?limit=5&filter[type]=7&filter[preset]=PAPER,DOCUMENTS&offset=None&filter[toAcceptedAt]=&filter[fromAcceptedAt]=
2025-06-17 23:48:21,873 - mainapp.logging_utils - INFO - [2025-06-17 23:48:21] Get request sent
2025-06-17 23:48:38,392 - mainapp.logging_utils - INFO - [2025-06-17 23:48:38] Unable to price invoice: https://kabinet.dreamkas.ru/app/#!/documents/card~2F87012006
2025-06-17 23:48:38,392 - mainapp.logging_utils - INFO - [2025-06-17 23:48:38] Unable to price invoice: https://kabinet.dreamkas.ru/app/#!/documents/card~2F87029820
2025-06-17 23:48:38,392 - mainapp.logging_utils - INFO - [2025-06-17 23:48:38] Unable to price invoice: https://kabinet.dreamkas.ru/app/#!/documents/card~2F85449229
2025-06-17 23:48:38,393 - mainapp.logging_utils - INFO - [2025-06-17 23:48:38] Unable to price invoice: https://kabinet.dreamkas.ru/app/#!/documents/card~2F86361445
2025-06-17 23:48:38,756 - mainapp.logging_utils - INFO - [2025-06-17 23:48:38] Updating_invoices, params: False, True, False, 10, 10, 100, 2025-06-17, None, True, True, None, True, True
2025-06-17 23:49:06,537 - mainapp.logging_utils - INFO - [2025-06-17 23:49:06] get_documents: link: https://kabinet.dreamkas.ru/api/v1/documents?limit=10&filter[type]=11&filter[preset]=PAPER,DOCUMENTS&offset=None&filter[toAcceptedAt]=&filter[fromAcceptedAt]=2025-06-17
2025-06-17 23:49:06,538 - mainapp.logging_utils - INFO - [2025-06-17 23:49:06] Get request sent
2025-06-17 23:49:13,466 - mainapp.logging_utils - INFO - [2025-06-17 23:49:13] Unable to price invoice: https://kabinet.dreamkas.ru/app/#!/documents/card~2F87012006
2025-06-17 23:49:13,466 - mainapp.logging_utils - INFO - [2025-06-17 23:49:13] Unable to price invoice: https://kabinet.dreamkas.ru/app/#!/documents/card~2F87029820
2025-06-17 23:49:13,467 - mainapp.logging_utils - INFO - [2025-06-17 23:49:13] Unable to price invoice: https://kabinet.dreamkas.ru/app/#!/documents/card~2F85449229
2025-06-17 23:49:13,467 - mainapp.logging_utils - INFO - [2025-06-17 23:49:13] Unable to price invoice: https://kabinet.dreamkas.ru/app/#!/documents/card~2F86361445
2025-06-17 23:50:13,901 - mainapp.logging_utils - INFO - [2025-06-17 23:50:13] Updating_invoices, params: True, True, True, 10, 10, 5, None, None, True, True, None, True, True
2025-06-17 23:51:02,277 - mainapp.logging_utils - INFO - [2025-06-17 23:51:02] get_documents: link: https://kabinet.dreamkas.ru/api/v1/documents?limit=10&filter[type]=5,13&filter[preset]=PAPER,DOCUMENTS&offset=None&filter[toAcceptedAt]=&filter[fromAcceptedAt]=
2025-06-17 23:51:02,277 - mainapp.logging_utils - INFO - [2025-06-17 23:51:02] Get request sent
2025-06-17 23:51:02,871 - mainapp.logging_utils - INFO - [2025-06-17 23:51:02] update_invoices: documents external fetched
2025-06-17 23:51:02,873 - mainapp.logging_utils - INFO - [2025-06-17 23:51:02] update_invoices: draft cleanup done
2025-06-17 23:51:02,972 - mainapp.logging_utils - INFO - [2025-06-17 23:51:02] update_invoices: invoices to create and update defined
2025-06-17 23:51:03,120 - mainapp.logging_utils - INFO - [2025-06-17 23:51:03] update_invoices: invoices to create and update prepared
2025-06-17 23:51:03,163 - mainapp.logging_utils - INFO - [2025-06-17 23:51:03] update_invoices: invoices created and updated
2025-06-17 23:51:03,163 - mainapp.logging_utils - INFO - [2025-06-17 23:51:03] update_invoices: getting positions
2025-06-17 23:51:03,164 - mainapp.logging_utils - INFO - [2025-06-17 23:51:03] Updating_invoices. Progress: 0 / 10
2025-06-17 23:51:03,375 - mainapp.logging_utils - INFO - [2025-06-17 23:51:03] Updating_invoices. Progress: 1 / 10
2025-06-17 23:51:03,503 - mainapp.logging_utils - INFO - [2025-06-17 23:51:03] Updating_invoices. Progress: 2 / 10
2025-06-17 23:51:03,918 - mainapp.logging_utils - INFO - [2025-06-17 23:51:03] Updating_invoices. Progress: 3 / 10
2025-06-17 23:51:04,806 - mainapp.logging_utils - INFO - [2025-06-17 23:51:04] Updating_invoices. Progress: 4 / 10
2025-06-17 23:51:04,932 - mainapp.logging_utils - INFO - [2025-06-17 23:51:04] Updating_invoices. Progress: 5 / 10
2025-06-17 23:51:05,110 - mainapp.logging_utils - INFO - [2025-06-17 23:51:05] Updating_invoices. Progress: 6 / 10
2025-06-17 23:51:05,491 - mainapp.logging_utils - INFO - [2025-06-17 23:51:05] Updating_invoices. Progress: 7 / 10
2025-06-17 23:51:05,845 - mainapp.logging_utils - INFO - [2025-06-17 23:51:05] Updating_invoices. Progress: 8 / 10
2025-06-17 23:51:06,409 - mainapp.logging_utils - INFO - [2025-06-17 23:51:06] Updating_invoices. Progress: 9 / 10
2025-06-17 23:51:06,578 - mainapp.logging_utils - INFO - [2025-06-17 23:51:06] update_invoices: positions to create and update defined
2025-06-17 23:51:06,724 - mainapp.logging_utils - INFO - [2025-06-17 23:51:06] get_documents: link: https://kabinet.dreamkas.ru/api/v1/documents?limit=10&filter[type]=11&filter[preset]=PAPER,DOCUMENTS&offset=None&filter[toAcceptedAt]=&filter[fromAcceptedAt]=
2025-06-17 23:51:06,725 - mainapp.logging_utils - INFO - [2025-06-17 23:51:06] Get request sent
2025-06-17 23:51:12,038 - mainapp.logging_utils - INFO - [2025-06-17 23:51:12] get_documents: link: https://kabinet.dreamkas.ru/api/v1/documents?limit=5&filter[type]=7&filter[preset]=PAPER,DOCUMENTS&offset=None&filter[toAcceptedAt]=&filter[fromAcceptedAt]=
2025-06-17 23:51:12,038 - mainapp.logging_utils - INFO - [2025-06-17 23:51:12] Get request sent
2025-06-17 23:51:28,747 - mainapp.logging_utils - INFO - [2025-06-17 23:51:28] Unable to price invoice: https://kabinet.dreamkas.ru/app/#!/documents/card~2F87012006
2025-06-17 23:51:28,747 - mainapp.logging_utils - INFO - [2025-06-17 23:51:28] Unable to price invoice: https://kabinet.dreamkas.ru/app/#!/documents/card~2F87029820
2025-06-17 23:51:28,747 - mainapp.logging_utils - INFO - [2025-06-17 23:51:28] Unable to price invoice: https://kabinet.dreamkas.ru/app/#!/documents/card~2F85449229
2025-06-17 23:51:28,747 - mainapp.logging_utils - INFO - [2025-06-17 23:51:28] Unable to price invoice: https://kabinet.dreamkas.ru/app/#!/documents/card~2F86361445
2025-06-17 23:51:29,121 - mainapp.logging_utils - INFO - [2025-06-17 23:51:29] Updating_invoices, params: False, True, False, 10, 10, 100, 2025-06-17, None, True, True, None, True, True
2025-06-17 23:51:57,050 - mainapp.logging_utils - INFO - [2025-06-17 23:51:57] get_documents: link: https://kabinet.dreamkas.ru/api/v1/documents?limit=10&filter[type]=11&filter[preset]=PAPER,DOCUMENTS&offset=None&filter[toAcceptedAt]=&filter[fromAcceptedAt]=2025-06-17
2025-06-17 23:51:57,050 - mainapp.logging_utils - INFO - [2025-06-17 23:51:57] Get request sent
2025-06-17 23:52:04,017 - mainapp.logging_utils - INFO - [2025-06-17 23:52:04] Unable to price invoice: https://kabinet.dreamkas.ru/app/#!/documents/card~2F87012006
2025-06-17 23:52:04,017 - mainapp.logging_utils - INFO - [2025-06-17 23:52:04] Unable to price invoice: https://kabinet.dreamkas.ru/app/#!/documents/card~2F87029820
2025-06-17 23:52:04,017 - mainapp.logging_utils - INFO - [2025-06-17 23:52:04] Unable to price invoice: https://kabinet.dreamkas.ru/app/#!/documents/card~2F85449229
2025-06-17 23:52:04,017 - mainapp.logging_utils - INFO - [2025-06-17 23:52:04] Unable to price invoice: https://kabinet.dreamkas.ru/app/#!/documents/card~2F86361445
2025-06-17 23:53:04,422 - mainapp.logging_utils - INFO - [2025-06-17 23:53:04] Updating_invoices, params: True, True, True, 10, 10, 5, None, None, True, True, None, True, True
2025-06-17 23:53:32,133 - mainapp.logging_utils - INFO - [2025-06-17 23:53:32] get_documents: link: https://kabinet.dreamkas.ru/api/v1/documents?limit=10&filter[type]=5,13&filter[preset]=PAPER,DOCUMENTS&offset=None&filter[toAcceptedAt]=&filter[fromAcceptedAt]=
2025-06-17 23:53:32,133 - mainapp.logging_utils - INFO - [2025-06-17 23:53:32] Get request sent
2025-06-17 23:53:32,667 - mainapp.logging_utils - INFO - [2025-06-17 23:53:32] update_invoices: documents external fetched
2025-06-17 23:53:32,668 - mainapp.logging_utils - INFO - [2025-06-17 23:53:32] update_invoices: draft cleanup done
2025-06-17 23:53:32,769 - mainapp.logging_utils - INFO - [2025-06-17 23:53:32] update_invoices: invoices to create and update defined
2025-06-17 23:53:32,905 - mainapp.logging_utils - INFO - [2025-06-17 23:53:32] update_invoices: invoices to create and update prepared
2025-06-17 23:53:32,946 - mainapp.logging_utils - INFO - [2025-06-17 23:53:32] update_invoices: invoices created and updated
2025-06-17 23:53:32,947 - mainapp.logging_utils - INFO - [2025-06-17 23:53:32] update_invoices: getting positions
2025-06-17 23:53:32,947 - mainapp.logging_utils - INFO - [2025-06-17 23:53:32] Updating_invoices. Progress: 0 / 10
2025-06-17 23:53:33,160 - mainapp.logging_utils - INFO - [2025-06-17 23:53:33] Updating_invoices. Progress: 1 / 10
2025-06-17 23:53:33,288 - mainapp.logging_utils - INFO - [2025-06-17 23:53:33] Updating_invoices. Progress: 2 / 10
2025-06-17 23:53:33,709 - mainapp.logging_utils - INFO - [2025-06-17 23:53:33] Updating_invoices. Progress: 3 / 10
2025-06-17 23:53:34,616 - mainapp.logging_utils - INFO - [2025-06-17 23:53:34] Updating_invoices. Progress: 4 / 10
2025-06-17 23:53:34,736 - mainapp.logging_utils - INFO - [2025-06-17 23:53:34] Updating_invoices. Progress: 5 / 10
2025-06-17 23:53:34,922 - mainapp.logging_utils - INFO - [2025-06-17 23:53:34] Updating_invoices. Progress: 6 / 10
2025-06-17 23:53:35,284 - mainapp.logging_utils - INFO - [2025-06-17 23:53:35] Updating_invoices. Progress: 7 / 10
2025-06-17 23:53:35,625 - mainapp.logging_utils - INFO - [2025-06-17 23:53:35] Updating_invoices. Progress: 8 / 10
2025-06-17 23:53:36,214 - mainapp.logging_utils - INFO - [2025-06-17 23:53:36] Updating_invoices. Progress: 9 / 10
2025-06-17 23:53:36,368 - mainapp.logging_utils - INFO - [2025-06-17 23:53:36] update_invoices: positions to create and update defined
2025-06-17 23:53:36,502 - mainapp.logging_utils - INFO - [2025-06-17 23:53:36] get_documents: link: https://kabinet.dreamkas.ru/api/v1/documents?limit=10&filter[type]=11&filter[preset]=PAPER,DOCUMENTS&offset=None&filter[toAcceptedAt]=&filter[fromAcceptedAt]=
2025-06-17 23:53:36,503 - mainapp.logging_utils - INFO - [2025-06-17 23:53:36] Get request sent
2025-06-17 23:53:41,672 - mainapp.logging_utils - INFO - [2025-06-17 23:53:41] get_documents: link: https://kabinet.dreamkas.ru/api/v1/documents?limit=5&filter[type]=7&filter[preset]=PAPER,DOCUMENTS&offset=None&filter[toAcceptedAt]=&filter[fromAcceptedAt]=
2025-06-17 23:53:41,672 - mainapp.logging_utils - INFO - [2025-06-17 23:53:41] Get request sent
2025-06-17 23:53:58,378 - mainapp.logging_utils - INFO - [2025-06-17 23:53:58] Unable to price invoice: https://kabinet.dreamkas.ru/app/#!/documents/card~2F87012006
2025-06-17 23:53:58,378 - mainapp.logging_utils - INFO - [2025-06-17 23:53:58] Unable to price invoice: https://kabinet.dreamkas.ru/app/#!/documents/card~2F87029820
2025-06-17 23:53:58,378 - mainapp.logging_utils - INFO - [2025-06-17 23:53:58] Unable to price invoice: https://kabinet.dreamkas.ru/app/#!/documents/card~2F85449229
2025-06-17 23:53:58,379 - mainapp.logging_utils - INFO - [2025-06-17 23:53:58] Unable to price invoice: https://kabinet.dreamkas.ru/app/#!/documents/card~2F86361445
2025-06-17 23:53:58,775 - mainapp.logging_utils - INFO - [2025-06-17 23:53:58] Updating_invoices, params: False, True, False, 10, 10, 100, 2025-06-17, None, True, True, None, True, True
2025-06-17 23:54:26,761 - mainapp.logging_utils - INFO - [2025-06-17 23:54:26] get_documents: link: https://kabinet.dreamkas.ru/api/v1/documents?limit=10&filter[type]=11&filter[preset]=PAPER,DOCUMENTS&offset=None&filter[toAcceptedAt]=&filter[fromAcceptedAt]=2025-06-17
2025-06-17 23:54:26,761 - mainapp.logging_utils - INFO - [2025-06-17 23:54:26] Get request sent
2025-06-17 23:54:33,589 - mainapp.logging_utils - INFO - [2025-06-17 23:54:33] Unable to price invoice: https://kabinet.dreamkas.ru/app/#!/documents/card~2F87012006
2025-06-17 23:54:33,589 - mainapp.logging_utils - INFO - [2025-06-17 23:54:33] Unable to price invoice: https://kabinet.dreamkas.ru/app/#!/documents/card~2F87029820
2025-06-17 23:54:33,589 - mainapp.logging_utils - INFO - [2025-06-17 23:54:33] Unable to price invoice: https://kabinet.dreamkas.ru/app/#!/documents/card~2F85449229
2025-06-17 23:54:33,589 - mainapp.logging_utils - INFO - [2025-06-17 23:54:33] Unable to price invoice: https://kabinet.dreamkas.ru/app/#!/documents/card~2F86361445
2025-06-17 23:55:34,041 - mainapp.logging_utils - INFO - [2025-06-17 23:55:34] Updating_invoices, params: True, True, True, 10, 10, 5, None, None, True, True, None, True, True
2025-06-17 23:56:01,815 - mainapp.logging_utils - INFO - [2025-06-17 23:56:01] get_documents: link: https://kabinet.dreamkas.ru/api/v1/documents?limit=10&filter[type]=5,13&filter[preset]=PAPER,DOCUMENTS&offset=None&filter[toAcceptedAt]=&filter[fromAcceptedAt]=
2025-06-17 23:56:01,815 - mainapp.logging_utils - INFO - [2025-06-17 23:56:01] Get request sent
2025-06-17 23:56:02,330 - mainapp.logging_utils - INFO - [2025-06-17 23:56:02] update_invoices: documents external fetched
2025-06-17 23:56:02,331 - mainapp.logging_utils - INFO - [2025-06-17 23:56:02] update_invoices: draft cleanup done
2025-06-17 23:56:02,428 - mainapp.logging_utils - INFO - [2025-06-17 23:56:02] update_invoices: invoices to create and update defined
2025-06-17 23:56:02,573 - mainapp.logging_utils - INFO - [2025-06-17 23:56:02] update_invoices: invoices to create and update prepared
2025-06-17 23:56:02,611 - mainapp.logging_utils - INFO - [2025-06-17 23:56:02] update_invoices: invoices created and updated
2025-06-17 23:56:02,611 - mainapp.logging_utils - INFO - [2025-06-17 23:56:02] update_invoices: getting positions
2025-06-17 23:56:02,612 - mainapp.logging_utils - INFO - [2025-06-17 23:56:02] Updating_invoices. Progress: 0 / 10
2025-06-17 23:56:02,835 - mainapp.logging_utils - INFO - [2025-06-17 23:56:02] Updating_invoices. Progress: 1 / 10
2025-06-17 23:56:02,955 - mainapp.logging_utils - INFO - [2025-06-17 23:56:02] Updating_invoices. Progress: 2 / 10
2025-06-17 23:56:03,368 - mainapp.logging_utils - INFO - [2025-06-17 23:56:03] Updating_invoices. Progress: 3 / 10
2025-06-17 23:56:04,230 - mainapp.logging_utils - INFO - [2025-06-17 23:56:04] Updating_invoices. Progress: 4 / 10
2025-06-17 23:56:04,355 - mainapp.logging_utils - INFO - [2025-06-17 23:56:04] Updating_invoices. Progress: 5 / 10
2025-06-17 23:56:04,536 - mainapp.logging_utils - INFO - [2025-06-17 23:56:04] Updating_invoices. Progress: 6 / 10
2025-06-17 23:56:04,907 - mainapp.logging_utils - INFO - [2025-06-17 23:56:04] Updating_invoices. Progress: 7 / 10
2025-06-17 23:56:05,258 - mainapp.logging_utils - INFO - [2025-06-17 23:56:05] Updating_invoices. Progress: 8 / 10
2025-06-17 23:56:05,860 - mainapp.logging_utils - INFO - [2025-06-17 23:56:05] Updating_invoices. Progress: 9 / 10
2025-06-17 23:56:06,011 - mainapp.logging_utils - INFO - [2025-06-17 23:56:06] update_invoices: positions to create and update defined
2025-06-17 23:56:06,210 - mainapp.logging_utils - INFO - [2025-06-17 23:56:06] get_documents: link: https://kabinet.dreamkas.ru/api/v1/documents?limit=10&filter[type]=11&filter[preset]=PAPER,DOCUMENTS&offset=None&filter[toAcceptedAt]=&filter[fromAcceptedAt]=
2025-06-17 23:56:06,210 - mainapp.logging_utils - INFO - [2025-06-17 23:56:06] Get request sent
2025-06-17 23:56:11,423 - mainapp.logging_utils - INFO - [2025-06-17 23:56:11] get_documents: link: https://kabinet.dreamkas.ru/api/v1/documents?limit=5&filter[type]=7&filter[preset]=PAPER,DOCUMENTS&offset=None&filter[toAcceptedAt]=&filter[fromAcceptedAt]=
2025-06-17 23:56:11,423 - mainapp.logging_utils - INFO - [2025-06-17 23:56:11] Get request sent
2025-06-17 23:56:28,451 - mainapp.logging_utils - INFO - [2025-06-17 23:56:28] Unable to price invoice: https://kabinet.dreamkas.ru/app/#!/documents/card~2F87012006
2025-06-17 23:56:28,452 - mainapp.logging_utils - INFO - [2025-06-17 23:56:28] Unable to price invoice: https://kabinet.dreamkas.ru/app/#!/documents/card~2F87029820
2025-06-17 23:56:28,452 - mainapp.logging_utils - INFO - [2025-06-17 23:56:28] Unable to price invoice: https://kabinet.dreamkas.ru/app/#!/documents/card~2F85449229
2025-06-17 23:56:28,452 - mainapp.logging_utils - INFO - [2025-06-17 23:56:28] Unable to price invoice: https://kabinet.dreamkas.ru/app/#!/documents/card~2F86361445
2025-06-17 23:56:28,797 - mainapp.logging_utils - INFO - [2025-06-17 23:56:28] Updating_invoices, params: False, True, False, 10, 10, 100, 2025-06-17, None, True, True, None, True, True
2025-06-17 23:56:56,779 - mainapp.logging_utils - INFO - [2025-06-17 23:56:56] get_documents: link: https://kabinet.dreamkas.ru/api/v1/documents?limit=10&filter[type]=11&filter[preset]=PAPER,DOCUMENTS&offset=None&filter[toAcceptedAt]=&filter[fromAcceptedAt]=2025-06-17
2025-06-17 23:56:56,780 - mainapp.logging_utils - INFO - [2025-06-17 23:56:56] Get request sent
2025-06-17 23:57:03,502 - mainapp.logging_utils - INFO - [2025-06-17 23:57:03] Unable to price invoice: https://kabinet.dreamkas.ru/app/#!/documents/card~2F87012006
2025-06-17 23:57:03,502 - mainapp.logging_utils - INFO - [2025-06-17 23:57:03] Unable to price invoice: https://kabinet.dreamkas.ru/app/#!/documents/card~2F87029820
2025-06-17 23:57:03,502 - mainapp.logging_utils - INFO - [2025-06-17 23:57:03] Unable to price invoice: https://kabinet.dreamkas.ru/app/#!/documents/card~2F85449229
2025-06-17 23:57:03,502 - mainapp.logging_utils - INFO - [2025-06-17 23:57:03] Unable to price invoice: https://kabinet.dreamkas.ru/app/#!/documents/card~2F86361445
2025-06-17 23:58:03,937 - mainapp.logging_utils - INFO - [2025-06-17 23:58:03] Updating_invoices, params: True, True, True, 10, 10, 5, None, None, True, True, None, True, True
2025-06-17 23:58:32,014 - mainapp.logging_utils - INFO - [2025-06-17 23:58:32] get_documents: link: https://kabinet.dreamkas.ru/api/v1/documents?limit=10&filter[type]=5,13&filter[preset]=PAPER,DOCUMENTS&offset=None&filter[toAcceptedAt]=&filter[fromAcceptedAt]=
2025-06-17 23:58:32,014 - mainapp.logging_utils - INFO - [2025-06-17 23:58:32] Get request sent
2025-06-17 23:58:32,508 - mainapp.logging_utils - INFO - [2025-06-17 23:58:32] update_invoices: documents external fetched
2025-06-17 23:58:32,509 - mainapp.logging_utils - INFO - [2025-06-17 23:58:32] update_invoices: draft cleanup done
2025-06-17 23:58:32,606 - mainapp.logging_utils - INFO - [2025-06-17 23:58:32] update_invoices: invoices to create and update defined
2025-06-17 23:58:32,752 - mainapp.logging_utils - INFO - [2025-06-17 23:58:32] update_invoices: invoices to create and update prepared
2025-06-17 23:58:32,792 - mainapp.logging_utils - INFO - [2025-06-17 23:58:32] update_invoices: invoices created and updated
2025-06-17 23:58:32,792 - mainapp.logging_utils - INFO - [2025-06-17 23:58:32] update_invoices: getting positions
2025-06-17 23:58:32,793 - mainapp.logging_utils - INFO - [2025-06-17 23:58:32] Updating_invoices. Progress: 0 / 10
2025-06-17 23:58:33,013 - mainapp.logging_utils - INFO - [2025-06-17 23:58:33] Updating_invoices. Progress: 1 / 10
2025-06-17 23:58:33,143 - mainapp.logging_utils - INFO - [2025-06-17 23:58:33] Updating_invoices. Progress: 2 / 10
2025-06-17 23:58:33,583 - mainapp.logging_utils - INFO - [2025-06-17 23:58:33] Updating_invoices. Progress: 3 / 10
2025-06-17 23:58:34,588 - mainapp.logging_utils - INFO - [2025-06-17 23:58:34] Updating_invoices. Progress: 4 / 10
2025-06-17 23:58:34,715 - mainapp.logging_utils - INFO - [2025-06-17 23:58:34] Updating_invoices. Progress: 5 / 10
2025-06-17 23:58:34,896 - mainapp.logging_utils - INFO - [2025-06-17 23:58:34] Updating_invoices. Progress: 6 / 10
2025-06-17 23:58:35,273 - mainapp.logging_utils - INFO - [2025-06-17 23:58:35] Updating_invoices. Progress: 7 / 10
2025-06-17 23:58:35,618 - mainapp.logging_utils - INFO - [2025-06-17 23:58:35] Updating_invoices. Progress: 8 / 10
2025-06-17 23:58:36,200 - mainapp.logging_utils - INFO - [2025-06-17 23:58:36] Updating_invoices. Progress: 9 / 10
2025-06-17 23:58:36,355 - mainapp.logging_utils - INFO - [2025-06-17 23:58:36] update_invoices: positions to create and update defined
2025-06-17 23:58:36,490 - mainapp.logging_utils - INFO - [2025-06-17 23:58:36] get_documents: link: https://kabinet.dreamkas.ru/api/v1/documents?limit=10&filter[type]=11&filter[preset]=PAPER,DOCUMENTS&offset=None&filter[toAcceptedAt]=&filter[fromAcceptedAt]=
2025-06-17 23:58:36,491 - mainapp.logging_utils - INFO - [2025-06-17 23:58:36] Get request sent
2025-06-17 23:58:42,212 - mainapp.logging_utils - INFO - [2025-06-17 23:58:42] get_documents: link: https://kabinet.dreamkas.ru/api/v1/documents?limit=5&filter[type]=7&filter[preset]=PAPER,DOCUMENTS&offset=None&filter[toAcceptedAt]=&filter[fromAcceptedAt]=
2025-06-17 23:58:42,212 - mainapp.logging_utils - INFO - [2025-06-17 23:58:42] Get request sent
2025-06-17 23:58:58,926 - mainapp.logging_utils - INFO - [2025-06-17 23:58:58] Unable to price invoice: https://kabinet.dreamkas.ru/app/#!/documents/card~2F87012006
2025-06-17 23:58:58,926 - mainapp.logging_utils - INFO - [2025-06-17 23:58:58] Unable to price invoice: https://kabinet.dreamkas.ru/app/#!/documents/card~2F87029820
2025-06-17 23:58:58,926 - mainapp.logging_utils - INFO - [2025-06-17 23:58:58] Unable to price invoice: https://kabinet.dreamkas.ru/app/#!/documents/card~2F85449229
2025-06-17 23:58:58,926 - mainapp.logging_utils - INFO - [2025-06-17 23:58:58] Unable to price invoice: https://kabinet.dreamkas.ru/app/#!/documents/card~2F86361445
2025-06-17 23:58:59,268 - mainapp.logging_utils - INFO - [2025-06-17 23:58:59] Updating_invoices, params: False, True, False, 10, 10, 100, 2025-06-17, None, True, True, None, True, True
2025-06-17 23:59:27,390 - mainapp.logging_utils - INFO - [2025-06-17 23:59:27] get_documents: link: https://kabinet.dreamkas.ru/api/v1/documents?limit=10&filter[type]=11&filter[preset]=PAPER,DOCUMENTS&offset=None&filter[toAcceptedAt]=&filter[fromAcceptedAt]=2025-06-17
2025-06-17 23:59:27,390 - mainapp.logging_utils - INFO - [2025-06-17 23:59:27] Get request sent
2025-06-17 23:59:34,269 - mainapp.logging_utils - INFO - [2025-06-17 23:59:34] Unable to price invoice: https://kabinet.dreamkas.ru/app/#!/documents/card~2F87012006
2025-06-17 23:59:34,269 - mainapp.logging_utils - INFO - [2025-06-17 23:59:34] Unable to price invoice: https://kabinet.dreamkas.ru/app/#!/documents/card~2F87029820
2025-06-17 23:59:34,269 - mainapp.logging_utils - INFO - [2025-06-17 23:59:34] Unable to price invoice: https://kabinet.dreamkas.ru/app/#!/documents/card~2F85449229
2025-06-17 23:59:34,269 - mainapp.logging_utils - INFO - [2025-06-17 23:59:34] Unable to price invoice: https://kabinet.dreamkas.ru/app/#!/documents/card~2F86361445
2025-06-18 00:00:34,681 - mainapp.logging_utils - INFO - [2025-06-18 00:00:34] Updating_invoices, params: True, True, True, 10, 10, 5, None, None, True, True, None, True, True
2025-06-18 00:01:16,537 - mainapp.logging_utils - INFO - [2025-06-18 00:01:16] get_documents: link: https://kabinet.dreamkas.ru/api/v1/documents?limit=10&filter[type]=5,13&filter[preset]=PAPER,DOCUMENTS&offset=None&filter[toAcceptedAt]=&filter[fromAcceptedAt]=
2025-06-18 00:01:16,537 - mainapp.logging_utils - INFO - [2025-06-18 00:01:16] Get request sent
2025-06-18 00:01:17,154 - mainapp.logging_utils - INFO - [2025-06-18 00:01:17] update_invoices: documents external fetched
2025-06-18 00:01:17,156 - mainapp.logging_utils - INFO - [2025-06-18 00:01:17] update_invoices: draft cleanup done
2025-06-18 00:01:17,311 - mainapp.logging_utils - INFO - [2025-06-18 00:01:17] update_invoices: invoices to create and update defined
2025-06-18 00:01:17,450 - mainapp.logging_utils - INFO - [2025-06-18 00:01:17] update_invoices: invoices to create and update prepared
2025-06-18 00:01:17,490 - mainapp.logging_utils - INFO - [2025-06-18 00:01:17] update_invoices: invoices created and updated
2025-06-18 00:01:17,491 - mainapp.logging_utils - INFO - [2025-06-18 00:01:17] update_invoices: getting positions
2025-06-18 00:01:17,492 - mainapp.logging_utils - INFO - [2025-06-18 00:01:17] Updating_invoices. Progress: 0 / 10
2025-06-18 00:01:17,756 - mainapp.logging_utils - INFO - [2025-06-18 00:01:17] Updating_invoices. Progress: 1 / 10
2025-06-18 00:01:17,889 - mainapp.logging_utils - INFO - [2025-06-18 00:01:17] Updating_invoices. Progress: 2 / 10
2025-06-18 00:01:18,312 - mainapp.logging_utils - INFO - [2025-06-18 00:01:18] Updating_invoices. Progress: 3 / 10
2025-06-18 00:01:19,170 - mainapp.logging_utils - INFO - [2025-06-18 00:01:19] Updating_invoices. Progress: 4 / 10
2025-06-18 00:01:19,290 - mainapp.logging_utils - INFO - [2025-06-18 00:01:19] Updating_invoices. Progress: 5 / 10
2025-06-18 00:01:19,475 - mainapp.logging_utils - INFO - [2025-06-18 00:01:19] Updating_invoices. Progress: 6 / 10
2025-06-18 00:01:19,836 - mainapp.logging_utils - INFO - [2025-06-18 00:01:19] Updating_invoices. Progress: 7 / 10
2025-06-18 00:01:20,192 - mainapp.logging_utils - INFO - [2025-06-18 00:01:20] Updating_invoices. Progress: 8 / 10
2025-06-18 00:01:20,749 - mainapp.logging_utils - INFO - [2025-06-18 00:01:20] Updating_invoices. Progress: 9 / 10
2025-06-18 00:01:20,896 - mainapp.logging_utils - INFO - [2025-06-18 00:01:20] update_invoices: positions to create and update defined
2025-06-18 00:01:21,028 - mainapp.logging_utils - INFO - [2025-06-18 00:01:21] get_documents: link: https://kabinet.dreamkas.ru/api/v1/documents?limit=10&filter[type]=11&filter[preset]=PAPER,DOCUMENTS&offset=None&filter[toAcceptedAt]=&filter[fromAcceptedAt]=
2025-06-18 00:01:21,028 - mainapp.logging_utils - INFO - [2025-06-18 00:01:21] Get request sent
2025-06-18 00:01:26,142 - mainapp.logging_utils - INFO - [2025-06-18 00:01:26] get_documents: link: https://kabinet.dreamkas.ru/api/v1/documents?limit=5&filter[type]=7&filter[preset]=PAPER,DOCUMENTS&offset=None&filter[toAcceptedAt]=&filter[fromAcceptedAt]=
2025-06-18 00:01:26,143 - mainapp.logging_utils - INFO - [2025-06-18 00:01:26] Get request sent
2025-06-18 00:01:53,779 - mainapp.logging_utils - INFO - [2025-06-18 00:01:53] Unable to price invoice: https://kabinet.dreamkas.ru/app/#!/documents/card~2F85449229
2025-06-18 00:01:53,779 - mainapp.logging_utils - INFO - [2025-06-18 00:01:53] Unable to price invoice: https://kabinet.dreamkas.ru/app/#!/documents/card~2F86361445
2025-06-18 00:01:54,125 - mainapp.logging_utils - INFO - [2025-06-18 00:01:54] Updating_invoices, params: False, True, False, 10, 10, 100, 2025-06-18, None, True, True, None, True, True
2025-06-18 00:02:22,303 - mainapp.logging_utils - INFO - [2025-06-18 00:02:22] get_documents: link: https://kabinet.dreamkas.ru/api/v1/documents?limit=10&filter[type]=11&filter[preset]=PAPER,DOCUMENTS&offset=None&filter[toAcceptedAt]=&filter[fromAcceptedAt]=2025-06-18
2025-06-18 00:02:22,303 - mainapp.logging_utils - INFO - [2025-06-18 00:02:22] Get request sent
2025-06-18 00:02:24,728 - mainapp.logging_utils - INFO - [2025-06-18 00:02:24] Unable to price invoice: https://kabinet.dreamkas.ru/app/#!/documents/card~2F85449229
2025-06-18 00:02:24,728 - mainapp.logging_utils - INFO - [2025-06-18 00:02:24] Unable to price invoice: https://kabinet.dreamkas.ru/app/#!/documents/card~2F86361445
2025-06-18 00:03:25,713 - mainapp.logging_utils - INFO - [2025-06-18 00:03:25] Updating_invoices, params: True, True, True, 10, 10, 5, None, None, True, True, None, True, True
2025-06-18 00:03:53,656 - mainapp.logging_utils - INFO - [2025-06-18 00:03:53] get_documents: link: https://kabinet.dreamkas.ru/api/v1/documents?limit=10&filter[type]=5,13&filter[preset]=PAPER,DOCUMENTS&offset=None&filter[toAcceptedAt]=&filter[fromAcceptedAt]=
2025-06-18 00:03:53,656 - mainapp.logging_utils - INFO - [2025-06-18 00:03:53] Get request sent
2025-06-18 00:03:54,074 - mainapp.logging_utils - INFO - [2025-06-18 00:03:54] update_invoices: documents external fetched
2025-06-18 00:03:54,076 - mainapp.logging_utils - INFO - [2025-06-18 00:03:54] update_invoices: draft cleanup done
2025-06-18 00:03:54,175 - mainapp.logging_utils - INFO - [2025-06-18 00:03:54] update_invoices: invoices to create and update defined
2025-06-18 00:03:54,316 - mainapp.logging_utils - INFO - [2025-06-18 00:03:54] update_invoices: invoices to create and update prepared
2025-06-18 00:03:54,358 - mainapp.logging_utils - INFO - [2025-06-18 00:03:54] update_invoices: invoices created and updated
2025-06-18 00:03:54,358 - mainapp.logging_utils - INFO - [2025-06-18 00:03:54] update_invoices: getting positions
2025-06-18 00:03:54,359 - mainapp.logging_utils - INFO - [2025-06-18 00:03:54] Updating_invoices. Progress: 0 / 10
2025-06-18 00:03:54,575 - mainapp.logging_utils - INFO - [2025-06-18 00:03:54] Updating_invoices. Progress: 1 / 10
2025-06-18 00:03:54,699 - mainapp.logging_utils - INFO - [2025-06-18 00:03:54] Updating_invoices. Progress: 2 / 10
2025-06-18 00:03:55,114 - mainapp.logging_utils - INFO - [2025-06-18 00:03:55] Updating_invoices. Progress: 3 / 10
2025-06-18 00:03:55,981 - mainapp.logging_utils - INFO - [2025-06-18 00:03:55] Updating_invoices. Progress: 4 / 10
2025-06-18 00:03:56,102 - mainapp.logging_utils - INFO - [2025-06-18 00:03:56] Updating_invoices. Progress: 5 / 10
2025-06-18 00:03:56,276 - mainapp.logging_utils - INFO - [2025-06-18 00:03:56] Updating_invoices. Progress: 6 / 10
2025-06-18 00:03:56,658 - mainapp.logging_utils - INFO - [2025-06-18 00:03:56] Updating_invoices. Progress: 7 / 10
2025-06-18 00:03:57,019 - mainapp.logging_utils - INFO - [2025-06-18 00:03:57] Updating_invoices. Progress: 8 / 10
2025-06-18 00:03:57,594 - mainapp.logging_utils - INFO - [2025-06-18 00:03:57] Updating_invoices. Progress: 9 / 10
2025-06-18 00:03:57,766 - mainapp.logging_utils - INFO - [2025-06-18 00:03:57] update_invoices: positions to create and update defined
2025-06-18 00:03:57,903 - mainapp.logging_utils - INFO - [2025-06-18 00:03:57] get_documents: link: https://kabinet.dreamkas.ru/api/v1/documents?limit=10&filter[type]=11&filter[preset]=PAPER,DOCUMENTS&offset=None&filter[toAcceptedAt]=&filter[fromAcceptedAt]=
2025-06-18 00:03:57,903 - mainapp.logging_utils - INFO - [2025-06-18 00:03:57] Get request sent
2025-06-18 00:04:01,770 - mainapp.logging_utils - INFO - [2025-06-18 00:04:01] get_documents: link: https://kabinet.dreamkas.ru/api/v1/documents?limit=5&filter[type]=7&filter[preset]=PAPER,DOCUMENTS&offset=None&filter[toAcceptedAt]=&filter[fromAcceptedAt]=
2025-06-18 00:04:01,770 - mainapp.logging_utils - INFO - [2025-06-18 00:04:01] Get request sent
2025-06-18 00:04:18,046 - mainapp.logging_utils - INFO - [2025-06-18 00:04:18] Unable to price invoice: https://kabinet.dreamkas.ru/app/#!/documents/card~2F85449229
2025-06-18 00:04:18,047 - mainapp.logging_utils - INFO - [2025-06-18 00:04:18] Unable to price invoice: https://kabinet.dreamkas.ru/app/#!/documents/card~2F86361445
2025-06-18 00:04:18,056 - mainapp.logging_utils - INFO - [2025-06-18 00:04:18] Updating_invoices, params: False, True, False, 10, 10, 100, 2025-06-18, None, True, True, None, True, True
2025-06-18 00:04:46,413 - mainapp.logging_utils - INFO - [2025-06-18 00:04:46] get_documents: link: https://kabinet.dreamkas.ru/api/v1/documents?limit=10&filter[type]=11&filter[preset]=PAPER,DOCUMENTS&offset=None&filter[toAcceptedAt]=&filter[fromAcceptedAt]=2025-06-18
2025-06-18 00:04:46,414 - mainapp.logging_utils - INFO - [2025-06-18 00:04:46] Get request sent
2025-06-18 00:04:48,711 - mainapp.logging_utils - INFO - [2025-06-18 00:04:48] Unable to price invoice: https://kabinet.dreamkas.ru/app/#!/documents/card~2F85449229
2025-06-18 00:04:48,711 - mainapp.logging_utils - INFO - [2025-06-18 00:04:48] Unable to price invoice: https://kabinet.dreamkas.ru/app/#!/documents/card~2F86361445
2025-06-18 00:05:48,725 - mainapp.logging_utils - INFO - [2025-06-18 00:05:48] Updating_invoices, params: True, True, True, 10, 10, 5, None, None, True, True, None, True, True
2025-06-18 00:06:16,501 - mainapp.logging_utils - INFO - [2025-06-18 00:06:16] get_documents: link: https://kabinet.dreamkas.ru/api/v1/documents?limit=10&filter[type]=5,13&filter[preset]=PAPER,DOCUMENTS&offset=None&filter[toAcceptedAt]=&filter[fromAcceptedAt]=
2025-06-18 00:06:16,502 - mainapp.logging_utils - INFO - [2025-06-18 00:06:16] Get request sent
2025-06-18 00:06:16,882 - mainapp.logging_utils - INFO - [2025-06-18 00:06:16] update_invoices: documents external fetched
2025-06-18 00:06:16,883 - mainapp.logging_utils - INFO - [2025-06-18 00:06:16] update_invoices: draft cleanup done
2025-06-18 00:06:16,983 - mainapp.logging_utils - INFO - [2025-06-18 00:06:16] update_invoices: invoices to create and update defined
2025-06-18 00:06:17,127 - mainapp.logging_utils - INFO - [2025-06-18 00:06:17] update_invoices: invoices to create and update prepared
2025-06-18 00:06:17,166 - mainapp.logging_utils - INFO - [2025-06-18 00:06:17] update_invoices: invoices created and updated
2025-06-18 00:06:17,166 - mainapp.logging_utils - INFO - [2025-06-18 00:06:17] update_invoices: getting positions
2025-06-18 00:06:17,167 - mainapp.logging_utils - INFO - [2025-06-18 00:06:17] Updating_invoices. Progress: 0 / 10
2025-06-18 00:06:17,396 - mainapp.logging_utils - INFO - [2025-06-18 00:06:17] Updating_invoices. Progress: 1 / 10
2025-06-18 00:06:17,522 - mainapp.logging_utils - INFO - [2025-06-18 00:06:17] Updating_invoices. Progress: 2 / 10
2025-06-18 00:06:17,964 - mainapp.logging_utils - INFO - [2025-06-18 00:06:17] Updating_invoices. Progress: 3 / 10
2025-06-18 00:06:18,860 - mainapp.logging_utils - INFO - [2025-06-18 00:06:18] Updating_invoices. Progress: 4 / 10
2025-06-18 00:06:18,982 - mainapp.logging_utils - INFO - [2025-06-18 00:06:18] Updating_invoices. Progress: 5 / 10
2025-06-18 00:06:19,173 - mainapp.logging_utils - INFO - [2025-06-18 00:06:19] Updating_invoices. Progress: 6 / 10
2025-06-18 00:06:19,544 - mainapp.logging_utils - INFO - [2025-06-18 00:06:19] Updating_invoices. Progress: 7 / 10
2025-06-18 00:06:19,901 - mainapp.logging_utils - INFO - [2025-06-18 00:06:19] Updating_invoices. Progress: 8 / 10
2025-06-18 00:06:20,535 - mainapp.logging_utils - INFO - [2025-06-18 00:06:20] Updating_invoices. Progress: 9 / 10
2025-06-18 00:06:20,681 - mainapp.logging_utils - INFO - [2025-06-18 00:06:20] update_invoices: positions to create and update defined
2025-06-18 00:06:20,820 - mainapp.logging_utils - INFO - [2025-06-18 00:06:20] get_documents: link: https://kabinet.dreamkas.ru/api/v1/documents?limit=10&filter[type]=11&filter[preset]=PAPER,DOCUMENTS&offset=None&filter[toAcceptedAt]=&filter[fromAcceptedAt]=
2025-06-18 00:06:20,820 - mainapp.logging_utils - INFO - [2025-06-18 00:06:20] Get request sent
2025-06-18 00:06:24,744 - mainapp.logging_utils - INFO - [2025-06-18 00:06:24] get_documents: link: https://kabinet.dreamkas.ru/api/v1/documents?limit=5&filter[type]=7&filter[preset]=PAPER,DOCUMENTS&offset=None&filter[toAcceptedAt]=&filter[fromAcceptedAt]=
2025-06-18 00:06:24,745 - mainapp.logging_utils - INFO - [2025-06-18 00:06:24] Get request sent
2025-06-18 00:06:40,751 - mainapp.logging_utils - INFO - [2025-06-18 00:06:40] Unable to price invoice: https://kabinet.dreamkas.ru/app/#!/documents/card~2F85449229
2025-06-18 00:06:40,751 - mainapp.logging_utils - INFO - [2025-06-18 00:06:40] Unable to price invoice: https://kabinet.dreamkas.ru/app/#!/documents/card~2F86361445
2025-06-18 00:06:40,760 - mainapp.logging_utils - INFO - [2025-06-18 00:06:40] Updating_invoices, params: False, True, False, 10, 10, 100, 2025-06-18, None, True, True, None, True, True
2025-06-18 00:07:09,219 - mainapp.logging_utils - INFO - [2025-06-18 00:07:09] get_documents: link: https://kabinet.dreamkas.ru/api/v1/documents?limit=10&filter[type]=11&filter[preset]=PAPER,DOCUMENTS&offset=None&filter[toAcceptedAt]=&filter[fromAcceptedAt]=2025-06-18
2025-06-18 00:07:09,219 - mainapp.logging_utils - INFO - [2025-06-18 00:07:09] Get request sent
2025-06-18 00:07:11,523 - mainapp.logging_utils - INFO - [2025-06-18 00:07:11] Unable to price invoice: https://kabinet.dreamkas.ru/app/#!/documents/card~2F85449229
2025-06-18 00:07:11,523 - mainapp.logging_utils - INFO - [2025-06-18 00:07:11] Unable to price invoice: https://kabinet.dreamkas.ru/app/#!/documents/card~2F86361445
2025-06-18 00:08:11,538 - mainapp.logging_utils - INFO - [2025-06-18 00:08:11] Updating_invoices, params: True, True, True, 10, 10, 5, None, None, True, True, None, True, True
2025-06-18 00:08:39,894 - mainapp.logging_utils - INFO - [2025-06-18 00:08:39] get_documents: link: https://kabinet.dreamkas.ru/api/v1/documents?limit=10&filter[type]=5,13&filter[preset]=PAPER,DOCUMENTS&offset=None&filter[toAcceptedAt]=&filter[fromAcceptedAt]=
2025-06-18 00:08:39,894 - mainapp.logging_utils - INFO - [2025-06-18 00:08:39] Get request sent
2025-06-18 00:08:40,387 - mainapp.logging_utils - INFO - [2025-06-18 00:08:40] update_invoices: documents external fetched
2025-06-18 00:08:40,388 - mainapp.logging_utils - INFO - [2025-06-18 00:08:40] update_invoices: draft cleanup done
2025-06-18 00:08:40,547 - mainapp.logging_utils - INFO - [2025-06-18 00:08:40] update_invoices: invoices to create and update defined
2025-06-18 00:08:40,687 - mainapp.logging_utils - INFO - [2025-06-18 00:08:40] update_invoices: invoices to create and update prepared
2025-06-18 00:08:40,729 - mainapp.logging_utils - INFO - [2025-06-18 00:08:40] update_invoices: invoices created and updated
2025-06-18 00:08:40,729 - mainapp.logging_utils - INFO - [2025-06-18 00:08:40] update_invoices: getting positions
2025-06-18 00:08:40,730 - mainapp.logging_utils - INFO - [2025-06-18 00:08:40] Updating_invoices. Progress: 0 / 10
2025-06-18 00:08:40,959 - mainapp.logging_utils - INFO - [2025-06-18 00:08:40] Updating_invoices. Progress: 1 / 10
2025-06-18 00:08:41,092 - mainapp.logging_utils - INFO - [2025-06-18 00:08:41] Updating_invoices. Progress: 2 / 10
2025-06-18 00:08:41,537 - mainapp.logging_utils - INFO - [2025-06-18 00:08:41] Updating_invoices. Progress: 3 / 10
2025-06-18 00:08:42,398 - mainapp.logging_utils - INFO - [2025-06-18 00:08:42] Updating_invoices. Progress: 4 / 10
2025-06-18 00:08:42,518 - mainapp.logging_utils - INFO - [2025-06-18 00:08:42] Updating_invoices. Progress: 5 / 10
2025-06-18 00:08:42,696 - mainapp.logging_utils - INFO - [2025-06-18 00:08:42] Updating_invoices. Progress: 6 / 10
2025-06-18 00:08:43,066 - mainapp.logging_utils - INFO - [2025-06-18 00:08:43] Updating_invoices. Progress: 7 / 10
2025-06-18 00:08:43,418 - mainapp.logging_utils - INFO - [2025-06-18 00:08:43] Updating_invoices. Progress: 8 / 10
2025-06-18 00:08:43,994 - mainapp.logging_utils - INFO - [2025-06-18 00:08:43] Updating_invoices. Progress: 9 / 10
2025-06-18 00:08:44,152 - mainapp.logging_utils - INFO - [2025-06-18 00:08:44] update_invoices: positions to create and update defined
2025-06-18 00:08:44,297 - mainapp.logging_utils - INFO - [2025-06-18 00:08:44] get_documents: link: https://kabinet.dreamkas.ru/api/v1/documents?limit=10&filter[type]=11&filter[preset]=PAPER,DOCUMENTS&offset=None&filter[toAcceptedAt]=&filter[fromAcceptedAt]=
2025-06-18 00:08:44,297 - mainapp.logging_utils - INFO - [2025-06-18 00:08:44] Get request sent
2025-06-18 00:08:48,037 - mainapp.logging_utils - INFO - [2025-06-18 00:08:48] get_documents: link: https://kabinet.dreamkas.ru/api/v1/documents?limit=5&filter[type]=7&filter[preset]=PAPER,DOCUMENTS&offset=None&filter[toAcceptedAt]=&filter[fromAcceptedAt]=
2025-06-18 00:08:48,038 - mainapp.logging_utils - INFO - [2025-06-18 00:08:48] Get request sent
2025-06-18 00:09:04,088 - mainapp.logging_utils - INFO - [2025-06-18 00:09:04] Unable to price invoice: https://kabinet.dreamkas.ru/app/#!/documents/card~2F85449229
2025-06-18 00:09:04,089 - mainapp.logging_utils - INFO - [2025-06-18 00:09:04] Unable to price invoice: https://kabinet.dreamkas.ru/app/#!/documents/card~2F86361445
2025-06-18 00:09:04,098 - mainapp.logging_utils - INFO - [2025-06-18 00:09:04] Updating_invoices, params: False, True, False, 10, 10, 100, 2025-06-18, None, True, True, None, True, True
2025-06-18 00:09:32,130 - mainapp.logging_utils - INFO - [2025-06-18 00:09:32] get_documents: link: https://kabinet.dreamkas.ru/api/v1/documents?limit=10&filter[type]=11&filter[preset]=PAPER,DOCUMENTS&offset=None&filter[toAcceptedAt]=&filter[fromAcceptedAt]=2025-06-18
2025-06-18 00:09:32,130 - mainapp.logging_utils - INFO - [2025-06-18 00:09:32] Get request sent
2025-06-18 00:09:34,457 - mainapp.logging_utils - INFO - [2025-06-18 00:09:34] Unable to price invoice: https://kabinet.dreamkas.ru/app/#!/documents/card~2F85449229
2025-06-18 00:09:34,458 - mainapp.logging_utils - INFO - [2025-06-18 00:09:34] Unable to price invoice: https://kabinet.dreamkas.ru/app/#!/documents/card~2F86361445
2025-06-18 00:10:34,471 - mainapp.logging_utils - INFO - [2025-06-18 00:10:34] Updating_invoices, params: True, True, True, 10, 10, 5, None, None, True, True, None, True, True
2025-06-18 00:11:03,582 - mainapp.logging_utils - INFO - [2025-06-18 00:11:03] get_documents: link: https://kabinet.dreamkas.ru/api/v1/documents?limit=10&filter[type]=5,13&filter[preset]=PAPER,DOCUMENTS&offset=None&filter[toAcceptedAt]=&filter[fromAcceptedAt]=
2025-06-18 00:11:03,582 - mainapp.logging_utils - INFO - [2025-06-18 00:11:03] Get request sent
2025-06-18 00:11:04,091 - mainapp.logging_utils - INFO - [2025-06-18 00:11:04] update_invoices: documents external fetched
2025-06-18 00:11:04,092 - mainapp.logging_utils - INFO - [2025-06-18 00:11:04] update_invoices: draft cleanup done
2025-06-18 00:11:04,201 - mainapp.logging_utils - INFO - [2025-06-18 00:11:04] update_invoices: invoices to create and update defined
2025-06-18 00:11:04,355 - mainapp.logging_utils - INFO - [2025-06-18 00:11:04] update_invoices: invoices to create and update prepared
2025-06-18 00:11:04,394 - mainapp.logging_utils - INFO - [2025-06-18 00:11:04] update_invoices: invoices created and updated
2025-06-18 00:11:04,394 - mainapp.logging_utils - INFO - [2025-06-18 00:11:04] update_invoices: getting positions
2025-06-18 00:11:04,395 - mainapp.logging_utils - INFO - [2025-06-18 00:11:04] Updating_invoices. Progress: 0 / 10
2025-06-18 00:11:04,602 - mainapp.logging_utils - INFO - [2025-06-18 00:11:04] Updating_invoices. Progress: 1 / 10
2025-06-18 00:11:04,727 - mainapp.logging_utils - INFO - [2025-06-18 00:11:04] Updating_invoices. Progress: 2 / 10
2025-06-18 00:11:05,137 - mainapp.logging_utils - INFO - [2025-06-18 00:11:05] Updating_invoices. Progress: 3 / 10
2025-06-18 00:11:06,004 - mainapp.logging_utils - INFO - [2025-06-18 00:11:06] Updating_invoices. Progress: 4 / 10
2025-06-18 00:11:06,132 - mainapp.logging_utils - INFO - [2025-06-18 00:11:06] Updating_invoices. Progress: 5 / 10
2025-06-18 00:11:06,306 - mainapp.logging_utils - INFO - [2025-06-18 00:11:06] Updating_invoices. Progress: 6 / 10
2025-06-18 00:11:06,667 - mainapp.logging_utils - INFO - [2025-06-18 00:11:06] Updating_invoices. Progress: 7 / 10
2025-06-18 00:11:07,025 - mainapp.logging_utils - INFO - [2025-06-18 00:11:07] Updating_invoices. Progress: 8 / 10
2025-06-18 00:11:07,597 - mainapp.logging_utils - INFO - [2025-06-18 00:11:07] Updating_invoices. Progress: 9 / 10
2025-06-18 00:11:07,753 - mainapp.logging_utils - INFO - [2025-06-18 00:11:07] update_invoices: positions to create and update defined
2025-06-18 00:11:07,896 - mainapp.logging_utils - INFO - [2025-06-18 00:11:07] get_documents: link: https://kabinet.dreamkas.ru/api/v1/documents?limit=10&filter[type]=11&filter[preset]=PAPER,DOCUMENTS&offset=None&filter[toAcceptedAt]=&filter[fromAcceptedAt]=
2025-06-18 00:11:07,896 - mainapp.logging_utils - INFO - [2025-06-18 00:11:07] Get request sent
2025-06-18 00:11:11,690 - mainapp.logging_utils - INFO - [2025-06-18 00:11:11] get_documents: link: https://kabinet.dreamkas.ru/api/v1/documents?limit=5&filter[type]=7&filter[preset]=PAPER,DOCUMENTS&offset=None&filter[toAcceptedAt]=&filter[fromAcceptedAt]=
2025-06-18 00:11:11,691 - mainapp.logging_utils - INFO - [2025-06-18 00:11:11] Get request sent
2025-06-18 00:11:27,958 - mainapp.logging_utils - INFO - [2025-06-18 00:11:27] Unable to price invoice: https://kabinet.dreamkas.ru/app/#!/documents/card~2F85449229
2025-06-18 00:11:27,958 - mainapp.logging_utils - INFO - [2025-06-18 00:11:27] Unable to price invoice: https://kabinet.dreamkas.ru/app/#!/documents/card~2F86361445
2025-06-18 00:11:27,967 - mainapp.logging_utils - INFO - [2025-06-18 00:11:27] Updating_invoices, params: False, True, False, 10, 10, 100, 2025-06-18, None, True, True, None, True, True
2025-06-18 00:11:56,629 - mainapp.logging_utils - INFO - [2025-06-18 00:11:56] get_documents: link: https://kabinet.dreamkas.ru/api/v1/documents?limit=10&filter[type]=11&filter[preset]=PAPER,DOCUMENTS&offset=None&filter[toAcceptedAt]=&filter[fromAcceptedAt]=2025-06-18
2025-06-18 00:11:56,629 - mainapp.logging_utils - INFO - [2025-06-18 00:11:56] Get request sent
2025-06-18 00:11:58,915 - mainapp.logging_utils - INFO - [2025-06-18 00:11:58] Unable to price invoice: https://kabinet.dreamkas.ru/app/#!/documents/card~2F85449229
2025-06-18 00:11:58,915 - mainapp.logging_utils - INFO - [2025-06-18 00:11:58] Unable to price invoice: https://kabinet.dreamkas.ru/app/#!/documents/card~2F86361445
2025-06-18 00:12:58,930 - mainapp.logging_utils - INFO - [2025-06-18 00:12:58] Updating_invoices, params: True, True, True, 10, 10, 5, None, None, True, True, None, True, True
2025-06-18 00:13:27,520 - mainapp.logging_utils - INFO - [2025-06-18 00:13:27] get_documents: link: https://kabinet.dreamkas.ru/api/v1/documents?limit=10&filter[type]=5,13&filter[preset]=PAPER,DOCUMENTS&offset=None&filter[toAcceptedAt]=&filter[fromAcceptedAt]=
2025-06-18 00:13:27,520 - mainapp.logging_utils - INFO - [2025-06-18 00:13:27] Get request sent
2025-06-18 00:13:27,922 - mainapp.logging_utils - INFO - [2025-06-18 00:13:27] update_invoices: documents external fetched
2025-06-18 00:13:27,923 - mainapp.logging_utils - INFO - [2025-06-18 00:13:27] update_invoices: draft cleanup done
2025-06-18 00:13:28,027 - mainapp.logging_utils - INFO - [2025-06-18 00:13:28] update_invoices: invoices to create and update defined
2025-06-18 00:13:28,176 - mainapp.logging_utils - INFO - [2025-06-18 00:13:28] update_invoices: invoices to create and update prepared
2025-06-18 00:13:28,216 - mainapp.logging_utils - INFO - [2025-06-18 00:13:28] update_invoices: invoices created and updated
2025-06-18 00:13:28,216 - mainapp.logging_utils - INFO - [2025-06-18 00:13:28] update_invoices: getting positions
2025-06-18 00:13:28,217 - mainapp.logging_utils - INFO - [2025-06-18 00:13:28] Updating_invoices. Progress: 0 / 10
2025-06-18 00:13:28,445 - mainapp.logging_utils - INFO - [2025-06-18 00:13:28] Updating_invoices. Progress: 1 / 10
2025-06-18 00:13:28,578 - mainapp.logging_utils - INFO - [2025-06-18 00:13:28] Updating_invoices. Progress: 2 / 10
2025-06-18 00:13:29,003 - mainapp.logging_utils - INFO - [2025-06-18 00:13:29] Updating_invoices. Progress: 3 / 10
2025-06-18 00:13:29,924 - mainapp.logging_utils - INFO - [2025-06-18 00:13:29] Updating_invoices. Progress: 4 / 10
2025-06-18 00:13:30,051 - mainapp.logging_utils - INFO - [2025-06-18 00:13:30] Updating_invoices. Progress: 5 / 10
2025-06-18 00:13:30,231 - mainapp.logging_utils - INFO - [2025-06-18 00:13:30] Updating_invoices. Progress: 6 / 10
2025-06-18 00:13:30,598 - mainapp.logging_utils - INFO - [2025-06-18 00:13:30] Updating_invoices. Progress: 7 / 10
2025-06-18 00:13:30,961 - mainapp.logging_utils - INFO - [2025-06-18 00:13:30] Updating_invoices. Progress: 8 / 10
2025-06-18 00:13:31,537 - mainapp.logging_utils - INFO - [2025-06-18 00:13:31] Updating_invoices. Progress: 9 / 10
2025-06-18 00:13:31,688 - mainapp.logging_utils - INFO - [2025-06-18 00:13:31] update_invoices: positions to create and update defined
2025-06-18 00:13:31,830 - mainapp.logging_utils - INFO - [2025-06-18 00:13:31] get_documents: link: https://kabinet.dreamkas.ru/api/v1/documents?limit=10&filter[type]=11&filter[preset]=PAPER,DOCUMENTS&offset=None&filter[toAcceptedAt]=&filter[fromAcceptedAt]=
2025-06-18 00:13:31,830 - mainapp.logging_utils - INFO - [2025-06-18 00:13:31] Get request sent
2025-06-18 00:13:35,691 - mainapp.logging_utils - INFO - [2025-06-18 00:13:35] get_documents: link: https://kabinet.dreamkas.ru/api/v1/documents?limit=5&filter[type]=7&filter[preset]=PAPER,DOCUMENTS&offset=None&filter[toAcceptedAt]=&filter[fromAcceptedAt]=
2025-06-18 00:13:35,691 - mainapp.logging_utils - INFO - [2025-06-18 00:13:35] Get request sent
2025-06-18 00:13:51,820 - mainapp.logging_utils - INFO - [2025-06-18 00:13:51] Unable to price invoice: https://kabinet.dreamkas.ru/app/#!/documents/card~2F85449229
2025-06-18 00:13:51,820 - mainapp.logging_utils - INFO - [2025-06-18 00:13:51] Unable to price invoice: https://kabinet.dreamkas.ru/app/#!/documents/card~2F86361445
2025-06-18 00:13:51,829 - mainapp.logging_utils - INFO - [2025-06-18 00:13:51] Updating_invoices, params: False, True, False, 10, 10, 100, 2025-06-18, None, True, True, None, True, True
2025-06-18 00:14:19,513 - mainapp.logging_utils - INFO - [2025-06-18 00:14:19] get_documents: link: https://kabinet.dreamkas.ru/api/v1/documents?limit=10&filter[type]=11&filter[preset]=PAPER,DOCUMENTS&offset=None&filter[toAcceptedAt]=&filter[fromAcceptedAt]=2025-06-18
2025-06-18 00:14:19,513 - mainapp.logging_utils - INFO - [2025-06-18 00:14:19] Get request sent
2025-06-18 00:14:21,920 - mainapp.logging_utils - INFO - [2025-06-18 00:14:21] Unable to price invoice: https://kabinet.dreamkas.ru/app/#!/documents/card~2F85449229
2025-06-18 00:14:21,920 - mainapp.logging_utils - INFO - [2025-06-18 00:14:21] Unable to price invoice: https://kabinet.dreamkas.ru/app/#!/documents/card~2F86361445
2025-06-18 00:15:21,932 - mainapp.logging_utils - INFO - [2025-06-18 00:15:21] Updating_invoices, params: True, True, True, 10, 10, 5, None, None, True, True, None, True, True
2025-06-18 00:15:49,468 - mainapp.logging_utils - INFO - [2025-06-18 00:15:49] get_documents: link: https://kabinet.dreamkas.ru/api/v1/documents?limit=10&filter[type]=5,13&filter[preset]=PAPER,DOCUMENTS&offset=None&filter[toAcceptedAt]=&filter[fromAcceptedAt]=
2025-06-18 00:15:49,468 - mainapp.logging_utils - INFO - [2025-06-18 00:15:49] Get request sent
2025-06-18 00:15:49,892 - mainapp.logging_utils - INFO - [2025-06-18 00:15:49] update_invoices: documents external fetched
2025-06-18 00:15:49,893 - mainapp.logging_utils - INFO - [2025-06-18 00:15:49] update_invoices: draft cleanup done
2025-06-18 00:15:49,990 - mainapp.logging_utils - INFO - [2025-06-18 00:15:49] update_invoices: invoices to create and update defined
2025-06-18 00:15:50,133 - mainapp.logging_utils - INFO - [2025-06-18 00:15:50] update_invoices: invoices to create and update prepared
2025-06-18 00:15:50,174 - mainapp.logging_utils - INFO - [2025-06-18 00:15:50] update_invoices: invoices created and updated
2025-06-18 00:15:50,175 - mainapp.logging_utils - INFO - [2025-06-18 00:15:50] update_invoices: getting positions
2025-06-18 00:15:50,175 - mainapp.logging_utils - INFO - [2025-06-18 00:15:50] Updating_invoices. Progress: 0 / 10
2025-06-18 00:15:50,381 - mainapp.logging_utils - INFO - [2025-06-18 00:15:50] Updating_invoices. Progress: 1 / 10
2025-06-18 00:15:50,501 - mainapp.logging_utils - INFO - [2025-06-18 00:15:50] Updating_invoices. Progress: 2 / 10
2025-06-18 00:15:50,910 - mainapp.logging_utils - INFO - [2025-06-18 00:15:50] Updating_invoices. Progress: 3 / 10
2025-06-18 00:15:51,793 - mainapp.logging_utils - INFO - [2025-06-18 00:15:51] Updating_invoices. Progress: 4 / 10
2025-06-18 00:15:51,905 - mainapp.logging_utils - INFO - [2025-06-18 00:15:51] Updating_invoices. Progress: 5 / 10
2025-06-18 00:15:52,081 - mainapp.logging_utils - INFO - [2025-06-18 00:15:52] Updating_invoices. Progress: 6 / 10
2025-06-18 00:15:52,446 - mainapp.logging_utils - INFO - [2025-06-18 00:15:52] Updating_invoices. Progress: 7 / 10
2025-06-18 00:15:52,781 - mainapp.logging_utils - INFO - [2025-06-18 00:15:52] Updating_invoices. Progress: 8 / 10
2025-06-18 00:15:53,377 - mainapp.logging_utils - INFO - [2025-06-18 00:15:53] Updating_invoices. Progress: 9 / 10
2025-06-18 00:15:53,531 - mainapp.logging_utils - INFO - [2025-06-18 00:15:53] update_invoices: positions to create and update defined
2025-06-18 00:15:53,668 - mainapp.logging_utils - INFO - [2025-06-18 00:15:53] get_documents: link: https://kabinet.dreamkas.ru/api/v1/documents?limit=10&filter[type]=11&filter[preset]=PAPER,DOCUMENTS&offset=None&filter[toAcceptedAt]=&filter[fromAcceptedAt]=
2025-06-18 00:15:53,668 - mainapp.logging_utils - INFO - [2025-06-18 00:15:53] Get request sent
2025-06-18 00:15:57,461 - mainapp.logging_utils - INFO - [2025-06-18 00:15:57] get_documents: link: https://kabinet.dreamkas.ru/api/v1/documents?limit=5&filter[type]=7&filter[preset]=PAPER,DOCUMENTS&offset=None&filter[toAcceptedAt]=&filter[fromAcceptedAt]=
2025-06-18 00:15:57,461 - mainapp.logging_utils - INFO - [2025-06-18 00:15:57] Get request sent
2025-06-18 00:16:13,266 - mainapp.logging_utils - INFO - [2025-06-18 00:16:13] Unable to price invoice: https://kabinet.dreamkas.ru/app/#!/documents/card~2F85449229
2025-06-18 00:16:13,266 - mainapp.logging_utils - INFO - [2025-06-18 00:16:13] Unable to price invoice: https://kabinet.dreamkas.ru/app/#!/documents/card~2F86361445
2025-06-18 00:16:13,274 - mainapp.logging_utils - INFO - [2025-06-18 00:16:13] Updating_invoices, params: False, True, False, 10, 10, 100, 2025-06-18, None, True, True, None, True, True
2025-06-18 00:16:41,015 - mainapp.logging_utils - INFO - [2025-06-18 00:16:41] get_documents: link: https://kabinet.dreamkas.ru/api/v1/documents?limit=10&filter[type]=11&filter[preset]=PAPER,DOCUMENTS&offset=None&filter[toAcceptedAt]=&filter[fromAcceptedAt]=2025-06-18
2025-06-18 00:16:41,015 - mainapp.logging_utils - INFO - [2025-06-18 00:16:41] Get request sent
2025-06-18 00:16:43,249 - mainapp.logging_utils - INFO - [2025-06-18 00:16:43] Unable to price invoice: https://kabinet.dreamkas.ru/app/#!/documents/card~2F85449229
2025-06-18 00:16:43,249 - mainapp.logging_utils - INFO - [2025-06-18 00:16:43] Unable to price invoice: https://kabinet.dreamkas.ru/app/#!/documents/card~2F86361445
2025-06-18 00:17:43,263 - mainapp.logging_utils - INFO - [2025-06-18 00:17:43] Updating_invoices, params: True, True, True, 10, 10, 5, None, None, True, True, None, True, True
2025-06-18 00:18:10,784 - mainapp.logging_utils - INFO - [2025-06-18 00:18:10] get_documents: link: https://kabinet.dreamkas.ru/api/v1/documents?limit=10&filter[type]=5,13&filter[preset]=PAPER,DOCUMENTS&offset=None&filter[toAcceptedAt]=&filter[fromAcceptedAt]=
2025-06-18 00:18:10,785 - mainapp.logging_utils - INFO - [2025-06-18 00:18:10] Get request sent
2025-06-18 00:18:11,274 - mainapp.logging_utils - INFO - [2025-06-18 00:18:11] update_invoices: documents external fetched
2025-06-18 00:18:11,275 - mainapp.logging_utils - INFO - [2025-06-18 00:18:11] update_invoices: draft cleanup done
2025-06-18 00:18:11,370 - mainapp.logging_utils - INFO - [2025-06-18 00:18:11] update_invoices: invoices to create and update defined
2025-06-18 00:18:11,508 - mainapp.logging_utils - INFO - [2025-06-18 00:18:11] update_invoices: invoices to create and update prepared
2025-06-18 00:18:11,547 - mainapp.logging_utils - INFO - [2025-06-18 00:18:11] update_invoices: invoices created and updated
2025-06-18 00:18:11,547 - mainapp.logging_utils - INFO - [2025-06-18 00:18:11] update_invoices: getting positions
2025-06-18 00:18:11,548 - mainapp.logging_utils - INFO - [2025-06-18 00:18:11] Updating_invoices. Progress: 0 / 10
2025-06-18 00:18:11,761 - mainapp.logging_utils - INFO - [2025-06-18 00:18:11] Updating_invoices. Progress: 1 / 10
2025-06-18 00:18:11,883 - mainapp.logging_utils - INFO - [2025-06-18 00:18:11] Updating_invoices. Progress: 2 / 10
2025-06-18 00:18:12,315 - mainapp.logging_utils - INFO - [2025-06-18 00:18:12] Updating_invoices. Progress: 3 / 10
2025-06-18 00:18:13,203 - mainapp.logging_utils - INFO - [2025-06-18 00:18:13] Updating_invoices. Progress: 4 / 10
2025-06-18 00:18:13,328 - mainapp.logging_utils - INFO - [2025-06-18 00:18:13] Updating_invoices. Progress: 5 / 10
2025-06-18 00:18:13,509 - mainapp.logging_utils - INFO - [2025-06-18 00:18:13] Updating_invoices. Progress: 6 / 10
2025-06-18 00:18:13,866 - mainapp.logging_utils - INFO - [2025-06-18 00:18:13] Updating_invoices. Progress: 7 / 10
2025-06-18 00:18:14,208 - mainapp.logging_utils - INFO - [2025-06-18 00:18:14] Updating_invoices. Progress: 8 / 10
2025-06-18 00:18:14,781 - mainapp.logging_utils - INFO - [2025-06-18 00:18:14] Updating_invoices. Progress: 9 / 10
2025-06-18 00:18:14,940 - mainapp.logging_utils - INFO - [2025-06-18 00:18:14] update_invoices: positions to create and update defined
2025-06-18 00:18:15,071 - mainapp.logging_utils - INFO - [2025-06-18 00:18:15] get_documents: link: https://kabinet.dreamkas.ru/api/v1/documents?limit=10&filter[type]=11&filter[preset]=PAPER,DOCUMENTS&offset=None&filter[toAcceptedAt]=&filter[fromAcceptedAt]=
2025-06-18 00:18:15,072 - mainapp.logging_utils - INFO - [2025-06-18 00:18:15] Get request sent
2025-06-18 00:18:18,887 - mainapp.logging_utils - INFO - [2025-06-18 00:18:18] get_documents: link: https://kabinet.dreamkas.ru/api/v1/documents?limit=5&filter[type]=7&filter[preset]=PAPER,DOCUMENTS&offset=None&filter[toAcceptedAt]=&filter[fromAcceptedAt]=
2025-06-18 00:18:18,888 - mainapp.logging_utils - INFO - [2025-06-18 00:18:18] Get request sent
2025-06-18 00:18:34,613 - mainapp.logging_utils - INFO - [2025-06-18 00:18:34] Unable to price invoice: https://kabinet.dreamkas.ru/app/#!/documents/card~2F85449229
2025-06-18 00:18:34,614 - mainapp.logging_utils - INFO - [2025-06-18 00:18:34] Unable to price invoice: https://kabinet.dreamkas.ru/app/#!/documents/card~2F86361445
2025-06-18 00:18:34,622 - mainapp.logging_utils - INFO - [2025-06-18 00:18:34] Updating_invoices, params: False, True, False, 10, 10, 100, 2025-06-18, None, True, True, None, True, True
2025-06-18 00:19:01,352 - mainapp.logging_utils - INFO - [2025-06-18 00:19:01] get_documents: link: https://kabinet.dreamkas.ru/api/v1/documents?limit=10&filter[type]=11&filter[preset]=PAPER,DOCUMENTS&offset=None&filter[toAcceptedAt]=&filter[fromAcceptedAt]=2025-06-18
2025-06-18 00:19:01,352 - mainapp.logging_utils - INFO - [2025-06-18 00:19:01] Get request sent
2025-06-18 00:19:03,530 - mainapp.logging_utils - INFO - [2025-06-18 00:19:03] Unable to price invoice: https://kabinet.dreamkas.ru/app/#!/documents/card~2F85449229
2025-06-18 00:19:03,530 - mainapp.logging_utils - INFO - [2025-06-18 00:19:03] Unable to price invoice: https://kabinet.dreamkas.ru/app/#!/documents/card~2F86361445
2025-06-18 00:20:03,545 - mainapp.logging_utils - INFO - [2025-06-18 00:20:03] Updating_invoices, params: True, True, True, 10, 10, 5, None, None, True, True, None, True, True
2025-06-18 00:21:05,864 - mainapp.logging_utils - INFO - [2025-06-18 00:21:05] get_documents: link: https://kabinet.dreamkas.ru/api/v1/documents?limit=10&filter[type]=5,13&filter[preset]=PAPER,DOCUMENTS&offset=None&filter[toAcceptedAt]=&filter[fromAcceptedAt]=
2025-06-18 00:21:05,864 - mainapp.logging_utils - INFO - [2025-06-18 00:21:05] Get request sent
2025-06-18 00:21:06,401 - mainapp.logging_utils - INFO - [2025-06-18 00:21:06] update_invoices: documents external fetched
2025-06-18 00:21:06,403 - mainapp.logging_utils - INFO - [2025-06-18 00:21:06] update_invoices: draft cleanup done
2025-06-18 00:21:06,505 - mainapp.logging_utils - INFO - [2025-06-18 00:21:06] update_invoices: invoices to create and update defined
2025-06-18 00:21:06,644 - mainapp.logging_utils - INFO - [2025-06-18 00:21:06] update_invoices: invoices to create and update prepared
2025-06-18 00:21:06,683 - mainapp.logging_utils - INFO - [2025-06-18 00:21:06] update_invoices: invoices created and updated
2025-06-18 00:21:06,684 - mainapp.logging_utils - INFO - [2025-06-18 00:21:06] update_invoices: getting positions
2025-06-18 00:21:06,684 - mainapp.logging_utils - INFO - [2025-06-18 00:21:06] Updating_invoices. Progress: 0 / 10
2025-06-18 00:21:06,909 - mainapp.logging_utils - INFO - [2025-06-18 00:21:06] Updating_invoices. Progress: 1 / 10
2025-06-18 00:21:07,048 - mainapp.logging_utils - INFO - [2025-06-18 00:21:07] Updating_invoices. Progress: 2 / 10
2025-06-18 00:21:07,456 - mainapp.logging_utils - INFO - [2025-06-18 00:21:07] Updating_invoices. Progress: 3 / 10
2025-06-18 00:21:08,329 - mainapp.logging_utils - INFO - [2025-06-18 00:21:08] Updating_invoices. Progress: 4 / 10
2025-06-18 00:21:08,471 - mainapp.logging_utils - INFO - [2025-06-18 00:21:08] Updating_invoices. Progress: 5 / 10
2025-06-18 00:21:08,643 - mainapp.logging_utils - INFO - [2025-06-18 00:21:08] Updating_invoices. Progress: 6 / 10
2025-06-18 00:21:08,997 - mainapp.logging_utils - INFO - [2025-06-18 00:21:08] Updating_invoices. Progress: 7 / 10
2025-06-18 00:21:09,333 - mainapp.logging_utils - INFO - [2025-06-18 00:21:09] Updating_invoices. Progress: 8 / 10
2025-06-18 00:21:09,885 - mainapp.logging_utils - INFO - [2025-06-18 00:21:09] Updating_invoices. Progress: 9 / 10
2025-06-18 00:21:10,029 - mainapp.logging_utils - INFO - [2025-06-18 00:21:10] update_invoices: positions to create and update defined
2025-06-18 00:21:10,164 - mainapp.logging_utils - INFO - [2025-06-18 00:21:10] get_documents: link: https://kabinet.dreamkas.ru/api/v1/documents?limit=10&filter[type]=11&filter[preset]=PAPER,DOCUMENTS&offset=None&filter[toAcceptedAt]=&filter[fromAcceptedAt]=
2025-06-18 00:21:10,164 - mainapp.logging_utils - INFO - [2025-06-18 00:21:10] Get request sent
2025-06-18 00:21:13,984 - mainapp.logging_utils - INFO - [2025-06-18 00:21:13] get_documents: link: https://kabinet.dreamkas.ru/api/v1/documents?limit=5&filter[type]=7&filter[preset]=PAPER,DOCUMENTS&offset=None&filter[toAcceptedAt]=&filter[fromAcceptedAt]=
2025-06-18 00:21:13,985 - mainapp.logging_utils - INFO - [2025-06-18 00:21:13] Get request sent
2025-06-18 00:21:30,044 - mainapp.logging_utils - INFO - [2025-06-18 00:21:30] Unable to price invoice: https://kabinet.dreamkas.ru/app/#!/documents/card~2F85449229
2025-06-18 00:21:30,044 - mainapp.logging_utils - INFO - [2025-06-18 00:21:30] Unable to price invoice: https://kabinet.dreamkas.ru/app/#!/documents/card~2F86361445
2025-06-18 00:21:30,052 - mainapp.logging_utils - INFO - [2025-06-18 00:21:30] Updating_invoices, params: False, True, False, 10, 10, 100, 2025-06-18, None, True, True, None, True, True
2025-06-18 00:21:57,971 - mainapp.logging_utils - INFO - [2025-06-18 00:21:57] get_documents: link: https://kabinet.dreamkas.ru/api/v1/documents?limit=10&filter[type]=11&filter[preset]=PAPER,DOCUMENTS&offset=None&filter[toAcceptedAt]=&filter[fromAcceptedAt]=2025-06-18
2025-06-18 00:21:57,971 - mainapp.logging_utils - INFO - [2025-06-18 00:21:57] Get request sent
2025-06-18 00:22:00,286 - mainapp.logging_utils - INFO - [2025-06-18 00:22:00] Unable to price invoice: https://kabinet.dreamkas.ru/app/#!/documents/card~2F85449229
2025-06-18 00:22:00,287 - mainapp.logging_utils - INFO - [2025-06-18 00:22:00] Unable to price invoice: https://kabinet.dreamkas.ru/app/#!/documents/card~2F86361445
2025-06-18 00:23:00,299 - mainapp.logging_utils - INFO - [2025-06-18 00:23:00] Updating_invoices, params: True, True, True, 10, 10, 5, None, None, True, True, None, True, True
2025-06-18 00:23:28,137 - mainapp.logging_utils - INFO - [2025-06-18 00:23:28] get_documents: link: https://kabinet.dreamkas.ru/api/v1/documents?limit=10&filter[type]=5,13&filter[preset]=PAPER,DOCUMENTS&offset=None&filter[toAcceptedAt]=&filter[fromAcceptedAt]=
2025-06-18 00:23:28,137 - mainapp.logging_utils - INFO - [2025-06-18 00:23:28] Get request sent
2025-06-18 00:23:28,543 - mainapp.logging_utils - INFO - [2025-06-18 00:23:28] update_invoices: documents external fetched
2025-06-18 00:23:28,544 - mainapp.logging_utils - INFO - [2025-06-18 00:23:28] update_invoices: draft cleanup done
2025-06-18 00:23:28,644 - mainapp.logging_utils - INFO - [2025-06-18 00:23:28] update_invoices: invoices to create and update defined
2025-06-18 00:23:28,787 - mainapp.logging_utils - INFO - [2025-06-18 00:23:28] update_invoices: invoices to create and update prepared
2025-06-18 00:23:28,827 - mainapp.logging_utils - INFO - [2025-06-18 00:23:28] update_invoices: invoices created and updated
2025-06-18 00:23:28,827 - mainapp.logging_utils - INFO - [2025-06-18 00:23:28] update_invoices: getting positions
2025-06-18 00:23:28,828 - mainapp.logging_utils - INFO - [2025-06-18 00:23:28] Updating_invoices. Progress: 0 / 10
2025-06-18 00:23:29,049 - mainapp.logging_utils - INFO - [2025-06-18 00:23:29] Updating_invoices. Progress: 1 / 10
2025-06-18 00:23:29,185 - mainapp.logging_utils - INFO - [2025-06-18 00:23:29] Updating_invoices. Progress: 2 / 10
2025-06-18 00:23:29,602 - mainapp.logging_utils - INFO - [2025-06-18 00:23:29] Updating_invoices. Progress: 3 / 10
2025-06-18 00:23:30,496 - mainapp.logging_utils - INFO - [2025-06-18 00:23:30] Updating_invoices. Progress: 4 / 10
2025-06-18 00:23:30,638 - mainapp.logging_utils - INFO - [2025-06-18 00:23:30] Updating_invoices. Progress: 5 / 10
2025-06-18 00:23:30,822 - mainapp.logging_utils - INFO - [2025-06-18 00:23:30] Updating_invoices. Progress: 6 / 10
2025-06-18 00:23:31,199 - mainapp.logging_utils - INFO - [2025-06-18 00:23:31] Updating_invoices. Progress: 7 / 10
2025-06-18 00:23:31,560 - mainapp.logging_utils - INFO - [2025-06-18 00:23:31] Updating_invoices. Progress: 8 / 10
2025-06-18 00:23:32,131 - mainapp.logging_utils - INFO - [2025-06-18 00:23:32] Updating_invoices. Progress: 9 / 10
2025-06-18 00:23:32,296 - mainapp.logging_utils - INFO - [2025-06-18 00:23:32] update_invoices: positions to create and update defined
2025-06-18 00:23:32,436 - mainapp.logging_utils - INFO - [2025-06-18 00:23:32] get_documents: link: https://kabinet.dreamkas.ru/api/v1/documents?limit=10&filter[type]=11&filter[preset]=PAPER,DOCUMENTS&offset=None&filter[toAcceptedAt]=&filter[fromAcceptedAt]=
2025-06-18 00:23:32,436 - mainapp.logging_utils - INFO - [2025-06-18 00:23:32] Get request sent
2025-06-18 00:23:36,273 - mainapp.logging_utils - INFO - [2025-06-18 00:23:36] get_documents: link: https://kabinet.dreamkas.ru/api/v1/documents?limit=5&filter[type]=7&filter[preset]=PAPER,DOCUMENTS&offset=None&filter[toAcceptedAt]=&filter[fromAcceptedAt]=
2025-06-18 00:23:36,274 - mainapp.logging_utils - INFO - [2025-06-18 00:23:36] Get request sent
2025-06-18 00:23:52,181 - mainapp.logging_utils - INFO - [2025-06-18 00:23:52] Unable to price invoice: https://kabinet.dreamkas.ru/app/#!/documents/card~2F85449229
2025-06-18 00:23:52,181 - mainapp.logging_utils - INFO - [2025-06-18 00:23:52] Unable to price invoice: https://kabinet.dreamkas.ru/app/#!/documents/card~2F86361445
2025-06-18 00:23:52,190 - mainapp.logging_utils - INFO - [2025-06-18 00:23:52] Updating_invoices, params: False, True, False, 10, 10, 100, 2025-06-18, None, True, True, None, True, True
2025-06-18 00:24:20,272 - mainapp.logging_utils - INFO - [2025-06-18 00:24:20] get_documents: link: https://kabinet.dreamkas.ru/api/v1/documents?limit=10&filter[type]=11&filter[preset]=PAPER,DOCUMENTS&offset=None&filter[toAcceptedAt]=&filter[fromAcceptedAt]=2025-06-18
2025-06-18 00:24:20,272 - mainapp.logging_utils - INFO - [2025-06-18 00:24:20] Get request sent
2025-06-18 00:24:22,542 - mainapp.logging_utils - INFO - [2025-06-18 00:24:22] Unable to price invoice: https://kabinet.dreamkas.ru/app/#!/documents/card~2F85449229
2025-06-18 00:24:22,542 - mainapp.logging_utils - INFO - [2025-06-18 00:24:22] Unable to price invoice: https://kabinet.dreamkas.ru/app/#!/documents/card~2F86361445
2025-06-18 00:25:22,555 - mainapp.logging_utils - INFO - [2025-06-18 00:25:22] Updating_invoices, params: True, True, True, 10, 10, 5, None, None, True, True, None, True, True
2025-06-18 00:25:50,520 - mainapp.logging_utils - INFO - [2025-06-18 00:25:50] get_documents: link: https://kabinet.dreamkas.ru/api/v1/documents?limit=10&filter[type]=5,13&filter[preset]=PAPER,DOCUMENTS&offset=None&filter[toAcceptedAt]=&filter[fromAcceptedAt]=
2025-06-18 00:25:50,520 - mainapp.logging_utils - INFO - [2025-06-18 00:25:50] Get request sent
2025-06-18 00:25:50,981 - mainapp.logging_utils - INFO - [2025-06-18 00:25:50] update_invoices: documents external fetched
2025-06-18 00:25:50,982 - mainapp.logging_utils - INFO - [2025-06-18 00:25:50] update_invoices: draft cleanup done
2025-06-18 00:25:51,084 - mainapp.logging_utils - INFO - [2025-06-18 00:25:51] update_invoices: invoices to create and update defined
2025-06-18 00:25:51,234 - mainapp.logging_utils - INFO - [2025-06-18 00:25:51] update_invoices: invoices to create and update prepared
2025-06-18 00:25:51,276 - mainapp.logging_utils - INFO - [2025-06-18 00:25:51] update_invoices: invoices created and updated
2025-06-18 00:25:51,277 - mainapp.logging_utils - INFO - [2025-06-18 00:25:51] update_invoices: getting positions
2025-06-18 00:25:51,278 - mainapp.logging_utils - INFO - [2025-06-18 00:25:51] Updating_invoices. Progress: 0 / 10
2025-06-18 00:25:51,500 - mainapp.logging_utils - INFO - [2025-06-18 00:25:51] Updating_invoices. Progress: 1 / 10
2025-06-18 00:25:51,621 - mainapp.logging_utils - INFO - [2025-06-18 00:25:51] Updating_invoices. Progress: 2 / 10
2025-06-18 00:25:52,036 - mainapp.logging_utils - INFO - [2025-06-18 00:25:52] Updating_invoices. Progress: 3 / 10
2025-06-18 00:25:52,913 - mainapp.logging_utils - INFO - [2025-06-18 00:25:52] Updating_invoices. Progress: 4 / 10
2025-06-18 00:25:53,040 - mainapp.logging_utils - INFO - [2025-06-18 00:25:53] Updating_invoices. Progress: 5 / 10
2025-06-18 00:25:53,220 - mainapp.logging_utils - INFO - [2025-06-18 00:25:53] Updating_invoices. Progress: 6 / 10
2025-06-18 00:25:53,600 - mainapp.logging_utils - INFO - [2025-06-18 00:25:53] Updating_invoices. Progress: 7 / 10
2025-06-18 00:25:53,965 - mainapp.logging_utils - INFO - [2025-06-18 00:25:53] Updating_invoices. Progress: 8 / 10
2025-06-18 00:25:54,521 - mainapp.logging_utils - INFO - [2025-06-18 00:25:54] Updating_invoices. Progress: 9 / 10
2025-06-18 00:25:54,670 - mainapp.logging_utils - INFO - [2025-06-18 00:25:54] update_invoices: positions to create and update defined
2025-06-18 00:25:54,819 - mainapp.logging_utils - INFO - [2025-06-18 00:25:54] get_documents: link: https://kabinet.dreamkas.ru/api/v1/documents?limit=10&filter[type]=11&filter[preset]=PAPER,DOCUMENTS&offset=None&filter[toAcceptedAt]=&filter[fromAcceptedAt]=
2025-06-18 00:25:54,820 - mainapp.logging_utils - INFO - [2025-06-18 00:25:54] Get request sent
2025-06-18 00:25:58,656 - mainapp.logging_utils - INFO - [2025-06-18 00:25:58] get_documents: link: https://kabinet.dreamkas.ru/api/v1/documents?limit=5&filter[type]=7&filter[preset]=PAPER,DOCUMENTS&offset=None&filter[toAcceptedAt]=&filter[fromAcceptedAt]=
2025-06-18 00:25:58,656 - mainapp.logging_utils - INFO - [2025-06-18 00:25:58] Get request sent
2025-06-18 00:26:14,359 - mainapp.logging_utils - INFO - [2025-06-18 00:26:14] Unable to price invoice: https://kabinet.dreamkas.ru/app/#!/documents/card~2F85449229
2025-06-18 00:26:14,359 - mainapp.logging_utils - INFO - [2025-06-18 00:26:14] Unable to price invoice: https://kabinet.dreamkas.ru/app/#!/documents/card~2F86361445
2025-06-18 00:26:14,368 - mainapp.logging_utils - INFO - [2025-06-18 00:26:14] Updating_invoices, params: False, True, False, 10, 10, 100, 2025-06-18, None, True, True, None, True, True
2025-06-18 00:26:41,124 - mainapp.logging_utils - INFO - [2025-06-18 00:26:41] get_documents: link: https://kabinet.dreamkas.ru/api/v1/documents?limit=10&filter[type]=11&filter[preset]=PAPER,DOCUMENTS&offset=None&filter[toAcceptedAt]=&filter[fromAcceptedAt]=2025-06-18
2025-06-18 00:26:41,124 - mainapp.logging_utils - INFO - [2025-06-18 00:26:41] Get request sent
2025-06-18 00:26:43,286 - mainapp.logging_utils - INFO - [2025-06-18 00:26:43] Unable to price invoice: https://kabinet.dreamkas.ru/app/#!/documents/card~2F85449229
2025-06-18 00:26:43,286 - mainapp.logging_utils - INFO - [2025-06-18 00:26:43] Unable to price invoice: https://kabinet.dreamkas.ru/app/#!/documents/card~2F86361445
2025-06-18 00:27:43,299 - mainapp.logging_utils - INFO - [2025-06-18 00:27:43] Updating_invoices, params: True, True, True, 10, 10, 5, None, None, True, True, None, True, True
2025-06-18 00:28:10,052 - mainapp.logging_utils - INFO - [2025-06-18 00:28:10] get_documents: link: https://kabinet.dreamkas.ru/api/v1/documents?limit=10&filter[type]=5,13&filter[preset]=PAPER,DOCUMENTS&offset=None&filter[toAcceptedAt]=&filter[fromAcceptedAt]=
2025-06-18 00:28:10,052 - mainapp.logging_utils - INFO - [2025-06-18 00:28:10] Get request sent
2025-06-18 00:28:10,544 - mainapp.logging_utils - INFO - [2025-06-18 00:28:10] update_invoices: documents external fetched
2025-06-18 00:28:10,545 - mainapp.logging_utils - INFO - [2025-06-18 00:28:10] update_invoices: draft cleanup done
2025-06-18 00:28:10,637 - mainapp.logging_utils - INFO - [2025-06-18 00:28:10] update_invoices: invoices to create and update defined
2025-06-18 00:28:10,757 - mainapp.logging_utils - INFO - [2025-06-18 00:28:10] update_invoices: invoices to create and update prepared
2025-06-18 00:28:10,791 - mainapp.logging_utils - INFO - [2025-06-18 00:28:10] update_invoices: invoices created and updated
2025-06-18 00:28:10,792 - mainapp.logging_utils - INFO - [2025-06-18 00:28:10] update_invoices: getting positions
2025-06-18 00:28:10,793 - mainapp.logging_utils - INFO - [2025-06-18 00:28:10] Updating_invoices. Progress: 0 / 10
2025-06-18 00:28:10,996 - mainapp.logging_utils - INFO - [2025-06-18 00:28:10] Updating_invoices. Progress: 1 / 10
2025-06-18 00:28:11,131 - mainapp.logging_utils - INFO - [2025-06-18 00:28:11] Updating_invoices. Progress: 2 / 10
2025-06-18 00:28:11,533 - mainapp.logging_utils - INFO - [2025-06-18 00:28:11] Updating_invoices. Progress: 3 / 10
2025-06-18 00:28:12,335 - mainapp.logging_utils - INFO - [2025-06-18 00:28:12] Updating_invoices. Progress: 4 / 10
2025-06-18 00:28:12,451 - mainapp.logging_utils - INFO - [2025-06-18 00:28:12] Updating_invoices. Progress: 5 / 10
2025-06-18 00:28:12,632 - mainapp.logging_utils - INFO - [2025-06-18 00:28:12] Updating_invoices. Progress: 6 / 10
2025-06-18 00:28:12,975 - mainapp.logging_utils - INFO - [2025-06-18 00:28:12] Updating_invoices. Progress: 7 / 10
2025-06-18 00:28:13,298 - mainapp.logging_utils - INFO - [2025-06-18 00:28:13] Updating_invoices. Progress: 8 / 10
2025-06-18 00:28:13,833 - mainapp.logging_utils - INFO - [2025-06-18 00:28:13] Updating_invoices. Progress: 9 / 10
2025-06-18 00:28:13,990 - mainapp.logging_utils - INFO - [2025-06-18 00:28:13] update_invoices: positions to create and update defined
2025-06-18 00:28:14,172 - mainapp.logging_utils - INFO - [2025-06-18 00:28:14] get_documents: link: https://kabinet.dreamkas.ru/api/v1/documents?limit=10&filter[type]=11&filter[preset]=PAPER,DOCUMENTS&offset=None&filter[toAcceptedAt]=&filter[fromAcceptedAt]=
2025-06-18 00:28:14,172 - mainapp.logging_utils - INFO - [2025-06-18 00:28:14] Get request sent
2025-06-18 00:28:17,972 - mainapp.logging_utils - INFO - [2025-06-18 00:28:17] get_documents: link: https://kabinet.dreamkas.ru/api/v1/documents?limit=5&filter[type]=7&filter[preset]=PAPER,DOCUMENTS&offset=None&filter[toAcceptedAt]=&filter[fromAcceptedAt]=
2025-06-18 00:28:17,973 - mainapp.logging_utils - INFO - [2025-06-18 00:28:17] Get request sent
2025-06-18 00:28:32,340 - mainapp.logging_utils - INFO - [2025-06-18 00:28:32] Unable to price invoice: https://kabinet.dreamkas.ru/app/#!/documents/card~2F85449229
2025-06-18 00:28:32,340 - mainapp.logging_utils - INFO - [2025-06-18 00:28:32] Unable to price invoice: https://kabinet.dreamkas.ru/app/#!/documents/card~2F86361445
2025-06-18 00:28:32,349 - mainapp.logging_utils - INFO - [2025-06-18 00:28:32] Updating_invoices, params: False, True, False, 10, 10, 100, 2025-06-18, None, True, True, None, True, True
2025-06-18 00:29:00,448 - mainapp.logging_utils - INFO - [2025-06-18 00:29:00] get_documents: link: https://kabinet.dreamkas.ru/api/v1/documents?limit=10&filter[type]=11&filter[preset]=PAPER,DOCUMENTS&offset=None&filter[toAcceptedAt]=&filter[fromAcceptedAt]=2025-06-18
2025-06-18 00:29:00,448 - mainapp.logging_utils - INFO - [2025-06-18 00:29:00] Get request sent
2025-06-18 00:29:02,671 - mainapp.logging_utils - INFO - [2025-06-18 00:29:02] Unable to price invoice: https://kabinet.dreamkas.ru/app/#!/documents/card~2F85449229
2025-06-18 00:29:02,671 - mainapp.logging_utils - INFO - [2025-06-18 00:29:02] Unable to price invoice: https://kabinet.dreamkas.ru/app/#!/documents/card~2F86361445
2025-06-18 00:30:02,684 - mainapp.logging_utils - INFO - [2025-06-18 00:30:02] Updating_invoices, params: True, True, True, 10, 10, 5, None, None, True, True, None, True, True
2025-06-18 00:30:53,529 - mainapp.logging_utils - INFO - [2025-06-18 00:30:53] get_documents: link: https://kabinet.dreamkas.ru/api/v1/documents?limit=10&filter[type]=5,13&filter[preset]=PAPER,DOCUMENTS&offset=None&filter[toAcceptedAt]=&filter[fromAcceptedAt]=
2025-06-18 00:30:53,529 - mainapp.logging_utils - INFO - [2025-06-18 00:30:53] Get request sent
2025-06-18 00:30:53,946 - mainapp.logging_utils - INFO - [2025-06-18 00:30:53] update_invoices: documents external fetched
2025-06-18 00:30:53,946 - mainapp.logging_utils - INFO - [2025-06-18 00:30:53] update_invoices: draft cleanup done
2025-06-18 00:30:54,040 - mainapp.logging_utils - INFO - [2025-06-18 00:30:54] update_invoices: invoices to create and update defined
2025-06-18 00:30:54,162 - mainapp.logging_utils - INFO - [2025-06-18 00:30:54] update_invoices: invoices to create and update prepared
2025-06-18 00:30:54,198 - mainapp.logging_utils - INFO - [2025-06-18 00:30:54] update_invoices: invoices created and updated
2025-06-18 00:30:54,199 - mainapp.logging_utils - INFO - [2025-06-18 00:30:54] update_invoices: getting positions
2025-06-18 00:30:54,199 - mainapp.logging_utils - INFO - [2025-06-18 00:30:54] Updating_invoices. Progress: 0 / 10
2025-06-18 00:30:54,416 - mainapp.logging_utils - INFO - [2025-06-18 00:30:54] Updating_invoices. Progress: 1 / 10
2025-06-18 00:30:54,537 - mainapp.logging_utils - INFO - [2025-06-18 00:30:54] Updating_invoices. Progress: 2 / 10
2025-06-18 00:30:55,044 - mainapp.logging_utils - INFO - [2025-06-18 00:30:55] Updating_invoices. Progress: 3 / 10
2025-06-18 00:30:55,866 - mainapp.logging_utils - INFO - [2025-06-18 00:30:55] Updating_invoices. Progress: 4 / 10
2025-06-18 00:30:55,987 - mainapp.logging_utils - INFO - [2025-06-18 00:30:55] Updating_invoices. Progress: 5 / 10
2025-06-18 00:30:56,165 - mainapp.logging_utils - INFO - [2025-06-18 00:30:56] Updating_invoices. Progress: 6 / 10
2025-06-18 00:30:56,519 - mainapp.logging_utils - INFO - [2025-06-18 00:30:56] Updating_invoices. Progress: 7 / 10
2025-06-18 00:30:56,853 - mainapp.logging_utils - INFO - [2025-06-18 00:30:56] Updating_invoices. Progress: 8 / 10
2025-06-18 00:30:57,398 - mainapp.logging_utils - INFO - [2025-06-18 00:30:57] Updating_invoices. Progress: 9 / 10
2025-06-18 00:30:57,860 - mainapp.logging_utils - INFO - [2025-06-18 00:30:57] update_invoices: positions to create and update defined
2025-06-18 00:30:57,987 - mainapp.logging_utils - INFO - [2025-06-18 00:30:57] get_documents: link: https://kabinet.dreamkas.ru/api/v1/documents?limit=10&filter[type]=11&filter[preset]=PAPER,DOCUMENTS&offset=None&filter[toAcceptedAt]=&filter[fromAcceptedAt]=
2025-06-18 00:30:57,987 - mainapp.logging_utils - INFO - [2025-06-18 00:30:57] Get request sent
2025-06-18 00:31:01,875 - mainapp.logging_utils - INFO - [2025-06-18 00:31:01] get_documents: link: https://kabinet.dreamkas.ru/api/v1/documents?limit=5&filter[type]=7&filter[preset]=PAPER,DOCUMENTS&offset=None&filter[toAcceptedAt]=&filter[fromAcceptedAt]=
2025-06-18 00:31:01,875 - mainapp.logging_utils - INFO - [2025-06-18 00:31:01] Get request sent
2025-06-18 00:31:16,692 - mainapp.logging_utils - INFO - [2025-06-18 00:31:16] Unable to price invoice: https://kabinet.dreamkas.ru/app/#!/documents/card~2F85449229
2025-06-18 00:31:16,692 - mainapp.logging_utils - INFO - [2025-06-18 00:31:16] Unable to price invoice: https://kabinet.dreamkas.ru/app/#!/documents/card~2F86361445
2025-06-18 00:31:16,700 - mainapp.logging_utils - INFO - [2025-06-18 00:31:16] Updating_invoices, params: False, True, False, 10, 10, 100, 2025-06-18, None, True, True, None, True, True
2025-06-18 00:31:42,688 - mainapp.logging_utils - INFO - [2025-06-18 00:31:42] get_documents: link: https://kabinet.dreamkas.ru/api/v1/documents?limit=10&filter[type]=11&filter[preset]=PAPER,DOCUMENTS&offset=None&filter[toAcceptedAt]=&filter[fromAcceptedAt]=2025-06-18
2025-06-18 00:31:42,688 - mainapp.logging_utils - INFO - [2025-06-18 00:31:42] Get request sent
2025-06-18 00:31:44,749 - mainapp.logging_utils - INFO - [2025-06-18 00:31:44] Unable to price invoice: https://kabinet.dreamkas.ru/app/#!/documents/card~2F85449229
2025-06-18 00:31:44,749 - mainapp.logging_utils - INFO - [2025-06-18 00:31:44] Unable to price invoice: https://kabinet.dreamkas.ru/app/#!/documents/card~2F86361445
2025-06-18 00:32:44,761 - mainapp.logging_utils - INFO - [2025-06-18 00:32:44] Updating_invoices, params: True, True, True, 10, 10, 5, None, None, True, True, None, True, True
2025-06-18 00:33:10,927 - mainapp.logging_utils - INFO - [2025-06-18 00:33:10] get_documents: link: https://kabinet.dreamkas.ru/api/v1/documents?limit=10&filter[type]=5,13&filter[preset]=PAPER,DOCUMENTS&offset=None&filter[toAcceptedAt]=&filter[fromAcceptedAt]=
2025-06-18 00:33:10,927 - mainapp.logging_utils - INFO - [2025-06-18 00:33:10] Get request sent
2025-06-18 00:33:11,494 - mainapp.logging_utils - INFO - [2025-06-18 00:33:11] update_invoices: documents external fetched
2025-06-18 00:33:11,496 - mainapp.logging_utils - INFO - [2025-06-18 00:33:11] update_invoices: draft cleanup done
2025-06-18 00:33:11,597 - mainapp.logging_utils - INFO - [2025-06-18 00:33:11] update_invoices: invoices to create and update defined
2025-06-18 00:33:11,724 - mainapp.logging_utils - INFO - [2025-06-18 00:33:11] update_invoices: invoices to create and update prepared
2025-06-18 00:33:11,761 - mainapp.logging_utils - INFO - [2025-06-18 00:33:11] update_invoices: invoices created and updated
2025-06-18 00:33:11,761 - mainapp.logging_utils - INFO - [2025-06-18 00:33:11] update_invoices: getting positions
2025-06-18 00:33:11,762 - mainapp.logging_utils - INFO - [2025-06-18 00:33:11] Updating_invoices. Progress: 0 / 10
2025-06-18 00:33:11,974 - mainapp.logging_utils - INFO - [2025-06-18 00:33:11] Updating_invoices. Progress: 1 / 10
2025-06-18 00:33:12,097 - mainapp.logging_utils - INFO - [2025-06-18 00:33:12] Updating_invoices. Progress: 2 / 10
2025-06-18 00:33:12,495 - mainapp.logging_utils - INFO - [2025-06-18 00:33:12] Updating_invoices. Progress: 3 / 10
2025-06-18 00:33:13,331 - mainapp.logging_utils - INFO - [2025-06-18 00:33:13] Updating_invoices. Progress: 4 / 10
2025-06-18 00:33:13,462 - mainapp.logging_utils - INFO - [2025-06-18 00:33:13] Updating_invoices. Progress: 5 / 10
2025-06-18 00:33:13,636 - mainapp.logging_utils - INFO - [2025-06-18 00:33:13] Updating_invoices. Progress: 6 / 10
2025-06-18 00:33:13,983 - mainapp.logging_utils - INFO - [2025-06-18 00:33:13] Updating_invoices. Progress: 7 / 10
2025-06-18 00:33:14,321 - mainapp.logging_utils - INFO - [2025-06-18 00:33:14] Updating_invoices. Progress: 8 / 10
2025-06-18 00:33:14,881 - mainapp.logging_utils - INFO - [2025-06-18 00:33:14] Updating_invoices. Progress: 9 / 10
2025-06-18 00:33:15,034 - mainapp.logging_utils - INFO - [2025-06-18 00:33:15] update_invoices: positions to create and update defined
2025-06-18 00:33:15,221 - mainapp.logging_utils - INFO - [2025-06-18 00:33:15] get_documents: link: https://kabinet.dreamkas.ru/api/v1/documents?limit=10&filter[type]=11&filter[preset]=PAPER,DOCUMENTS&offset=None&filter[toAcceptedAt]=&filter[fromAcceptedAt]=
2025-06-18 00:33:15,221 - mainapp.logging_utils - INFO - [2025-06-18 00:33:15] Get request sent
2025-06-18 00:33:18,927 - mainapp.logging_utils - INFO - [2025-06-18 00:33:18] get_documents: link: https://kabinet.dreamkas.ru/api/v1/documents?limit=5&filter[type]=7&filter[preset]=PAPER,DOCUMENTS&offset=None&filter[toAcceptedAt]=&filter[fromAcceptedAt]=
2025-06-18 00:33:18,927 - mainapp.logging_utils - INFO - [2025-06-18 00:33:18] Get request sent
2025-06-18 00:33:33,451 - mainapp.logging_utils - INFO - [2025-06-18 00:33:33] Unable to price invoice: https://kabinet.dreamkas.ru/app/#!/documents/card~2F85449229
2025-06-18 00:33:33,452 - mainapp.logging_utils - INFO - [2025-06-18 00:33:33] Unable to price invoice: https://kabinet.dreamkas.ru/app/#!/documents/card~2F86361445
2025-06-18 00:33:33,459 - mainapp.logging_utils - INFO - [2025-06-18 00:33:33] Updating_invoices, params: False, True, False, 10, 10, 100, 2025-06-18, None, True, True, None, True, True
2025-06-18 00:33:59,054 - mainapp.logging_utils - INFO - [2025-06-18 00:33:59] get_documents: link: https://kabinet.dreamkas.ru/api/v1/documents?limit=10&filter[type]=11&filter[preset]=PAPER,DOCUMENTS&offset=None&filter[toAcceptedAt]=&filter[fromAcceptedAt]=2025-06-18
2025-06-18 00:33:59,054 - mainapp.logging_utils - INFO - [2025-06-18 00:33:59] Get request sent
2025-06-18 00:34:01,143 - mainapp.logging_utils - INFO - [2025-06-18 00:34:01] Unable to price invoice: https://kabinet.dreamkas.ru/app/#!/documents/card~2F85449229
2025-06-18 00:34:01,143 - mainapp.logging_utils - INFO - [2025-06-18 00:34:01] Unable to price invoice: https://kabinet.dreamkas.ru/app/#!/documents/card~2F86361445
2025-06-18 00:35:01,155 - mainapp.logging_utils - INFO - [2025-06-18 00:35:01] Updating_invoices, params: True, True, True, 10, 10, 5, None, None, True, True, None, True, True
2025-06-18 00:35:27,370 - mainapp.logging_utils - INFO - [2025-06-18 00:35:27] get_documents: link: https://kabinet.dreamkas.ru/api/v1/documents?limit=10&filter[type]=5,13&filter[preset]=PAPER,DOCUMENTS&offset=None&filter[toAcceptedAt]=&filter[fromAcceptedAt]=
2025-06-18 00:35:27,370 - mainapp.logging_utils - INFO - [2025-06-18 00:35:27] Get request sent
2025-06-18 00:35:27,786 - mainapp.logging_utils - INFO - [2025-06-18 00:35:27] update_invoices: documents external fetched
2025-06-18 00:35:27,787 - mainapp.logging_utils - INFO - [2025-06-18 00:35:27] update_invoices: draft cleanup done
2025-06-18 00:35:27,880 - mainapp.logging_utils - INFO - [2025-06-18 00:35:27] update_invoices: invoices to create and update defined
2025-06-18 00:35:28,009 - mainapp.logging_utils - INFO - [2025-06-18 00:35:28] update_invoices: invoices to create and update prepared
2025-06-18 00:35:28,048 - mainapp.logging_utils - INFO - [2025-06-18 00:35:28] update_invoices: invoices created and updated
2025-06-18 00:35:28,048 - mainapp.logging_utils - INFO - [2025-06-18 00:35:28] update_invoices: getting positions
2025-06-18 00:35:28,049 - mainapp.logging_utils - INFO - [2025-06-18 00:35:28] Updating_invoices. Progress: 0 / 10
2025-06-18 00:35:28,253 - mainapp.logging_utils - INFO - [2025-06-18 00:35:28] Updating_invoices. Progress: 1 / 10
2025-06-18 00:35:28,369 - mainapp.logging_utils - INFO - [2025-06-18 00:35:28] Updating_invoices. Progress: 2 / 10
2025-06-18 00:35:28,754 - mainapp.logging_utils - INFO - [2025-06-18 00:35:28] Updating_invoices. Progress: 3 / 10
2025-06-18 00:35:29,589 - mainapp.logging_utils - INFO - [2025-06-18 00:35:29] Updating_invoices. Progress: 4 / 10
2025-06-18 00:35:29,703 - mainapp.logging_utils - INFO - [2025-06-18 00:35:29] Updating_invoices. Progress: 5 / 10
2025-06-18 00:35:29,868 - mainapp.logging_utils - INFO - [2025-06-18 00:35:29] Updating_invoices. Progress: 6 / 10
2025-06-18 00:35:30,207 - mainapp.logging_utils - INFO - [2025-06-18 00:35:30] Updating_invoices. Progress: 7 / 10
2025-06-18 00:35:30,541 - mainapp.logging_utils - INFO - [2025-06-18 00:35:30] Updating_invoices. Progress: 8 / 10
2025-06-18 00:35:31,081 - mainapp.logging_utils - INFO - [2025-06-18 00:35:31] Updating_invoices. Progress: 9 / 10
2025-06-18 00:35:31,444 - mainapp.logging_utils - INFO - [2025-06-18 00:35:31] update_invoices: positions to create and update defined
2025-06-18 00:35:31,637 - mainapp.logging_utils - INFO - [2025-06-18 00:35:31] get_documents: link: https://kabinet.dreamkas.ru/api/v1/documents?limit=10&filter[type]=11&filter[preset]=PAPER,DOCUMENTS&offset=None&filter[toAcceptedAt]=&filter[fromAcceptedAt]=
2025-06-18 00:35:31,637 - mainapp.logging_utils - INFO - [2025-06-18 00:35:31] Get request sent
2025-06-18 00:35:35,209 - mainapp.logging_utils - INFO - [2025-06-18 00:35:35] get_documents: link: https://kabinet.dreamkas.ru/api/v1/documents?limit=5&filter[type]=7&filter[preset]=PAPER,DOCUMENTS&offset=None&filter[toAcceptedAt]=&filter[fromAcceptedAt]=
2025-06-18 00:35:35,210 - mainapp.logging_utils - INFO - [2025-06-18 00:35:35] Get request sent
2025-06-18 00:35:50,566 - mainapp.logging_utils - INFO - [2025-06-18 00:35:50] Unable to price invoice: https://kabinet.dreamkas.ru/app/#!/documents/card~2F85449229
2025-06-18 00:35:50,567 - mainapp.logging_utils - INFO - [2025-06-18 00:35:50] Unable to price invoice: https://kabinet.dreamkas.ru/app/#!/documents/card~2F86361445
2025-06-18 00:35:50,581 - mainapp.logging_utils - INFO - [2025-06-18 00:35:50] Updating_invoices, params: False, True, False, 10, 10, 100, 2025-06-18, None, True, True, None, True, True
2025-06-18 00:36:17,862 - mainapp.logging_utils - INFO - [2025-06-18 00:36:17] get_documents: link: https://kabinet.dreamkas.ru/api/v1/documents?limit=10&filter[type]=11&filter[preset]=PAPER,DOCUMENTS&offset=None&filter[toAcceptedAt]=&filter[fromAcceptedAt]=2025-06-18
2025-06-18 00:36:17,862 - mainapp.logging_utils - INFO - [2025-06-18 00:36:17] Get request sent
2025-06-18 00:36:20,105 - mainapp.logging_utils - INFO - [2025-06-18 00:36:20] Unable to price invoice: https://kabinet.dreamkas.ru/app/#!/documents/card~2F85449229
2025-06-18 00:36:20,105 - mainapp.logging_utils - INFO - [2025-06-18 00:36:20] Unable to price invoice: https://kabinet.dreamkas.ru/app/#!/documents/card~2F86361445
2025-06-18 00:37:20,118 - mainapp.logging_utils - INFO - [2025-06-18 00:37:20] Updating_invoices, params: True, True, True, 10, 10, 5, None, None, True, True, None, True, True
2025-06-18 00:37:46,161 - mainapp.logging_utils - INFO - [2025-06-18 00:37:46] get_documents: link: https://kabinet.dreamkas.ru/api/v1/documents?limit=10&filter[type]=5,13&filter[preset]=PAPER,DOCUMENTS&offset=None&filter[toAcceptedAt]=&filter[fromAcceptedAt]=
2025-06-18 00:37:46,161 - mainapp.logging_utils - INFO - [2025-06-18 00:37:46] Get request sent
2025-06-18 00:37:46,606 - mainapp.logging_utils - INFO - [2025-06-18 00:37:46] update_invoices: documents external fetched
2025-06-18 00:37:46,607 - mainapp.logging_utils - INFO - [2025-06-18 00:37:46] update_invoices: draft cleanup done
2025-06-18 00:37:46,701 - mainapp.logging_utils - INFO - [2025-06-18 00:37:46] update_invoices: invoices to create and update defined
2025-06-18 00:37:46,826 - mainapp.logging_utils - INFO - [2025-06-18 00:37:46] update_invoices: invoices to create and update prepared
2025-06-18 00:37:46,862 - mainapp.logging_utils - INFO - [2025-06-18 00:37:46] update_invoices: invoices created and updated
2025-06-18 00:37:46,862 - mainapp.logging_utils - INFO - [2025-06-18 00:37:46] update_invoices: getting positions
2025-06-18 00:37:46,863 - mainapp.logging_utils - INFO - [2025-06-18 00:37:46] Updating_invoices. Progress: 0 / 10
2025-06-18 00:37:47,070 - mainapp.logging_utils - INFO - [2025-06-18 00:37:47] Updating_invoices. Progress: 1 / 10
2025-06-18 00:37:47,188 - mainapp.logging_utils - INFO - [2025-06-18 00:37:47] Updating_invoices. Progress: 2 / 10
2025-06-18 00:37:47,583 - mainapp.logging_utils - INFO - [2025-06-18 00:37:47] Updating_invoices. Progress: 3 / 10
2025-06-18 00:37:48,419 - mainapp.logging_utils - INFO - [2025-06-18 00:37:48] Updating_invoices. Progress: 4 / 10
2025-06-18 00:37:48,536 - mainapp.logging_utils - INFO - [2025-06-18 00:37:48] Updating_invoices. Progress: 5 / 10
2025-06-18 00:37:48,706 - mainapp.logging_utils - INFO - [2025-06-18 00:37:48] Updating_invoices. Progress: 6 / 10
2025-06-18 00:37:49,206 - mainapp.logging_utils - INFO - [2025-06-18 00:37:49] Updating_invoices. Progress: 7 / 10
2025-06-18 00:37:49,547 - mainapp.logging_utils - INFO - [2025-06-18 00:37:49] Updating_invoices. Progress: 8 / 10
2025-06-18 00:37:50,089 - mainapp.logging_utils - INFO - [2025-06-18 00:37:50] Updating_invoices. Progress: 9 / 10
2025-06-18 00:37:50,239 - mainapp.logging_utils - INFO - [2025-06-18 00:37:50] update_invoices: positions to create and update defined
2025-06-18 00:37:50,366 - mainapp.logging_utils - INFO - [2025-06-18 00:37:50] get_documents: link: https://kabinet.dreamkas.ru/api/v1/documents?limit=10&filter[type]=11&filter[preset]=PAPER,DOCUMENTS&offset=None&filter[toAcceptedAt]=&filter[fromAcceptedAt]=
2025-06-18 00:37:50,366 - mainapp.logging_utils - INFO - [2025-06-18 00:37:50] Get request sent
2025-06-18 00:37:54,113 - mainapp.logging_utils - INFO - [2025-06-18 00:37:54] get_documents: link: https://kabinet.dreamkas.ru/api/v1/documents?limit=5&filter[type]=7&filter[preset]=PAPER,DOCUMENTS&offset=None&filter[toAcceptedAt]=&filter[fromAcceptedAt]=
2025-06-18 00:37:54,114 - mainapp.logging_utils - INFO - [2025-06-18 00:37:54] Get request sent
2025-06-18 00:38:08,876 - mainapp.logging_utils - INFO - [2025-06-18 00:38:08] Unable to price invoice: https://kabinet.dreamkas.ru/app/#!/documents/card~2F85449229
2025-06-18 00:38:08,876 - mainapp.logging_utils - INFO - [2025-06-18 00:38:08] Unable to price invoice: https://kabinet.dreamkas.ru/app/#!/documents/card~2F86361445
2025-06-18 00:38:08,884 - mainapp.logging_utils - INFO - [2025-06-18 00:38:08] Updating_invoices, params: False, True, False, 10, 10, 100, 2025-06-18, None, True, True, None, True, True
2025-06-18 00:38:34,561 - mainapp.logging_utils - INFO - [2025-06-18 00:38:34] get_documents: link: https://kabinet.dreamkas.ru/api/v1/documents?limit=10&filter[type]=11&filter[preset]=PAPER,DOCUMENTS&offset=None&filter[toAcceptedAt]=&filter[fromAcceptedAt]=2025-06-18
2025-06-18 00:38:34,562 - mainapp.logging_utils - INFO - [2025-06-18 00:38:34] Get request sent
2025-06-18 00:38:36,607 - mainapp.logging_utils - INFO - [2025-06-18 00:38:36] Unable to price invoice: https://kabinet.dreamkas.ru/app/#!/documents/card~2F85449229
2025-06-18 00:38:36,607 - mainapp.logging_utils - INFO - [2025-06-18 00:38:36] Unable to price invoice: https://kabinet.dreamkas.ru/app/#!/documents/card~2F86361445
2025-06-18 00:39:36,620 - mainapp.logging_utils - INFO - [2025-06-18 00:39:36] Updating_invoices, params: True, True, True, 10, 10, 5, None, None, True, True, None, True, True
2025-06-18 00:40:18,480 - mainapp.logging_utils - INFO - [2025-06-18 00:40:18] get_documents: link: https://kabinet.dreamkas.ru/api/v1/documents?limit=10&filter[type]=5,13&filter[preset]=PAPER,DOCUMENTS&offset=None&filter[toAcceptedAt]=&filter[fromAcceptedAt]=
2025-06-18 00:40:18,481 - mainapp.logging_utils - INFO - [2025-06-18 00:40:18] Get request sent
2025-06-18 00:40:19,264 - mainapp.logging_utils - INFO - [2025-06-18 00:40:19] update_invoices: documents external fetched
2025-06-18 00:40:19,265 - mainapp.logging_utils - INFO - [2025-06-18 00:40:19] update_invoices: draft cleanup done
2025-06-18 00:40:19,360 - mainapp.logging_utils - INFO - [2025-06-18 00:40:19] update_invoices: invoices to create and update defined
2025-06-18 00:40:19,485 - mainapp.logging_utils - INFO - [2025-06-18 00:40:19] update_invoices: invoices to create and update prepared
2025-06-18 00:40:19,528 - mainapp.logging_utils - INFO - [2025-06-18 00:40:19] update_invoices: invoices created and updated
2025-06-18 00:40:19,528 - mainapp.logging_utils - INFO - [2025-06-18 00:40:19] update_invoices: getting positions
2025-06-18 00:40:19,529 - mainapp.logging_utils - INFO - [2025-06-18 00:40:19] Updating_invoices. Progress: 0 / 10
2025-06-18 00:40:19,746 - mainapp.logging_utils - INFO - [2025-06-18 00:40:19] Updating_invoices. Progress: 1 / 10
2025-06-18 00:40:19,879 - mainapp.logging_utils - INFO - [2025-06-18 00:40:19] Updating_invoices. Progress: 2 / 10
2025-06-18 00:40:20,279 - mainapp.logging_utils - INFO - [2025-06-18 00:40:20] Updating_invoices. Progress: 3 / 10
2025-06-18 00:40:21,263 - mainapp.logging_utils - INFO - [2025-06-18 00:40:21] Updating_invoices. Progress: 4 / 10
2025-06-18 00:40:21,385 - mainapp.logging_utils - INFO - [2025-06-18 00:40:21] Updating_invoices. Progress: 5 / 10
2025-06-18 00:40:21,560 - mainapp.logging_utils - INFO - [2025-06-18 00:40:21] Updating_invoices. Progress: 6 / 10
2025-06-18 00:40:21,910 - mainapp.logging_utils - INFO - [2025-06-18 00:40:21] Updating_invoices. Progress: 7 / 10
2025-06-18 00:40:22,250 - mainapp.logging_utils - INFO - [2025-06-18 00:40:22] Updating_invoices. Progress: 8 / 10
2025-06-18 00:40:22,800 - mainapp.logging_utils - INFO - [2025-06-18 00:40:22] Updating_invoices. Progress: 9 / 10
2025-06-18 00:40:22,971 - mainapp.logging_utils - INFO - [2025-06-18 00:40:22] update_invoices: positions to create and update defined
2025-06-18 00:40:23,101 - mainapp.logging_utils - INFO - [2025-06-18 00:40:23] get_documents: link: https://kabinet.dreamkas.ru/api/v1/documents?limit=10&filter[type]=11&filter[preset]=PAPER,DOCUMENTS&offset=None&filter[toAcceptedAt]=&filter[fromAcceptedAt]=
2025-06-18 00:40:23,101 - mainapp.logging_utils - INFO - [2025-06-18 00:40:23] Get request sent
2025-06-18 00:40:26,646 - mainapp.logging_utils - INFO - [2025-06-18 00:40:26] get_documents: link: https://kabinet.dreamkas.ru/api/v1/documents?limit=5&filter[type]=7&filter[preset]=PAPER,DOCUMENTS&offset=None&filter[toAcceptedAt]=&filter[fromAcceptedAt]=
2025-06-18 00:40:26,646 - mainapp.logging_utils - INFO - [2025-06-18 00:40:26] Get request sent
2025-06-18 00:40:45,955 - mainapp.logging_utils - INFO - [2025-06-18 00:40:45] Unable to price invoice: https://kabinet.dreamkas.ru/app/#!/documents/card~2F85449229
2025-06-18 00:40:45,955 - mainapp.logging_utils - INFO - [2025-06-18 00:40:45] Unable to price invoice: https://kabinet.dreamkas.ru/app/#!/documents/card~2F86361445
2025-06-18 00:40:45,963 - mainapp.logging_utils - INFO - [2025-06-18 00:40:45] Updating_invoices, params: False, True, False, 10, 10, 100, 2025-06-18, None, True, True, None, True, True
2025-06-18 00:41:11,935 - mainapp.logging_utils - INFO - [2025-06-18 00:41:11] get_documents: link: https://kabinet.dreamkas.ru/api/v1/documents?limit=10&filter[type]=11&filter[preset]=PAPER,DOCUMENTS&offset=None&filter[toAcceptedAt]=&filter[fromAcceptedAt]=2025-06-18
2025-06-18 00:41:11,935 - mainapp.logging_utils - INFO - [2025-06-18 00:41:11] Get request sent
2025-06-18 00:41:14,066 - mainapp.logging_utils - INFO - [2025-06-18 00:41:14] Unable to price invoice: https://kabinet.dreamkas.ru/app/#!/documents/card~2F85449229
2025-06-18 00:41:14,067 - mainapp.logging_utils - INFO - [2025-06-18 00:41:14] Unable to price invoice: https://kabinet.dreamkas.ru/app/#!/documents/card~2F86361445
2025-06-18 00:42:14,081 - mainapp.logging_utils - INFO - [2025-06-18 00:42:14] Updating_invoices, params: True, True, True, 10, 10, 5, None, None, True, True, None, True, True
2025-06-18 00:42:40,665 - mainapp.logging_utils - INFO - [2025-06-18 00:42:40] get_documents: link: https://kabinet.dreamkas.ru/api/v1/documents?limit=10&filter[type]=5,13&filter[preset]=PAPER,DOCUMENTS&offset=None&filter[toAcceptedAt]=&filter[fromAcceptedAt]=
2025-06-18 00:42:40,665 - mainapp.logging_utils - INFO - [2025-06-18 00:42:40] Get request sent
2025-06-18 00:42:41,161 - mainapp.logging_utils - INFO - [2025-06-18 00:42:41] update_invoices: documents external fetched
2025-06-18 00:42:41,162 - mainapp.logging_utils - INFO - [2025-06-18 00:42:41] update_invoices: draft cleanup done
2025-06-18 00:42:41,254 - mainapp.logging_utils - INFO - [2025-06-18 00:42:41] update_invoices: invoices to create and update defined
2025-06-18 00:42:41,375 - mainapp.logging_utils - INFO - [2025-06-18 00:42:41] update_invoices: invoices to create and update prepared
2025-06-18 00:42:41,411 - mainapp.logging_utils - INFO - [2025-06-18 00:42:41] update_invoices: invoices created and updated
2025-06-18 00:42:41,411 - mainapp.logging_utils - INFO - [2025-06-18 00:42:41] update_invoices: getting positions
2025-06-18 00:42:41,412 - mainapp.logging_utils - INFO - [2025-06-18 00:42:41] Updating_invoices. Progress: 0 / 10
2025-06-18 00:42:41,840 - mainapp.logging_utils - INFO - [2025-06-18 00:42:41] Updating_invoices. Progress: 1 / 10
2025-06-18 00:42:41,969 - mainapp.logging_utils - INFO - [2025-06-18 00:42:41] Updating_invoices. Progress: 2 / 10
2025-06-18 00:42:42,477 - mainapp.logging_utils - INFO - [2025-06-18 00:42:42] Updating_invoices. Progress: 3 / 10
2025-06-18 00:42:43,297 - mainapp.logging_utils - INFO - [2025-06-18 00:42:43] Updating_invoices. Progress: 4 / 10
2025-06-18 00:42:43,416 - mainapp.logging_utils - INFO - [2025-06-18 00:42:43] Updating_invoices. Progress: 5 / 10
2025-06-18 00:42:43,597 - mainapp.logging_utils - INFO - [2025-06-18 00:42:43] Updating_invoices. Progress: 6 / 10
2025-06-18 00:42:43,977 - mainapp.logging_utils - INFO - [2025-06-18 00:42:43] Updating_invoices. Progress: 7 / 10
2025-06-18 00:42:44,344 - mainapp.logging_utils - INFO - [2025-06-18 00:42:44] Updating_invoices. Progress: 8 / 10
2025-06-18 00:42:44,899 - mainapp.logging_utils - INFO - [2025-06-18 00:42:44] Updating_invoices. Progress: 9 / 10
2025-06-18 00:42:45,079 - mainapp.logging_utils - INFO - [2025-06-18 00:42:45] update_invoices: positions to create and update defined
2025-06-18 00:42:45,221 - mainapp.logging_utils - INFO - [2025-06-18 00:42:45] get_documents: link: https://kabinet.dreamkas.ru/api/v1/documents?limit=10&filter[type]=11&filter[preset]=PAPER,DOCUMENTS&offset=None&filter[toAcceptedAt]=&filter[fromAcceptedAt]=
2025-06-18 00:42:45,221 - mainapp.logging_utils - INFO - [2025-06-18 00:42:45] Get request sent
2025-06-18 00:42:49,093 - mainapp.logging_utils - INFO - [2025-06-18 00:42:49] get_documents: link: https://kabinet.dreamkas.ru/api/v1/documents?limit=5&filter[type]=7&filter[preset]=PAPER,DOCUMENTS&offset=None&filter[toAcceptedAt]=&filter[fromAcceptedAt]=
2025-06-18 00:42:49,093 - mainapp.logging_utils - INFO - [2025-06-18 00:42:49] Get request sent
2025-06-18 00:43:03,901 - mainapp.logging_utils - INFO - [2025-06-18 00:43:03] Unable to price invoice: https://kabinet.dreamkas.ru/app/#!/documents/card~2F85449229
2025-06-18 00:43:03,901 - mainapp.logging_utils - INFO - [2025-06-18 00:43:03] Unable to price invoice: https://kabinet.dreamkas.ru/app/#!/documents/card~2F86361445
2025-06-18 00:43:03,909 - mainapp.logging_utils - INFO - [2025-06-18 00:43:03] Updating_invoices, params: False, True, False, 10, 10, 100, 2025-06-18, None, True, True, None, True, True
2025-06-18 00:43:30,022 - mainapp.logging_utils - INFO - [2025-06-18 00:43:30] get_documents: link: https://kabinet.dreamkas.ru/api/v1/documents?limit=10&filter[type]=11&filter[preset]=PAPER,DOCUMENTS&offset=None&filter[toAcceptedAt]=&filter[fromAcceptedAt]=2025-06-18
2025-06-18 00:43:30,022 - mainapp.logging_utils - INFO - [2025-06-18 00:43:30] Get request sent
2025-06-18 00:43:32,100 - mainapp.logging_utils - INFO - [2025-06-18 00:43:32] Unable to price invoice: https://kabinet.dreamkas.ru/app/#!/documents/card~2F85449229
2025-06-18 00:43:32,100 - mainapp.logging_utils - INFO - [2025-06-18 00:43:32] Unable to price invoice: https://kabinet.dreamkas.ru/app/#!/documents/card~2F86361445
2025-06-18 00:44:32,112 - mainapp.logging_utils - INFO - [2025-06-18 00:44:32] Updating_invoices, params: True, True, True, 10, 10, 5, None, None, True, True, None, True, True
2025-06-18 00:44:59,915 - mainapp.logging_utils - INFO - [2025-06-18 00:44:59] get_documents: link: https://kabinet.dreamkas.ru/api/v1/documents?limit=10&filter[type]=5,13&filter[preset]=PAPER,DOCUMENTS&offset=None&filter[toAcceptedAt]=&filter[fromAcceptedAt]=
2025-06-18 00:44:59,915 - mainapp.logging_utils - INFO - [2025-06-18 00:44:59] Get request sent
2025-06-18 00:45:00,317 - mainapp.logging_utils - INFO - [2025-06-18 00:45:00] update_invoices: documents external fetched
2025-06-18 00:45:00,319 - mainapp.logging_utils - INFO - [2025-06-18 00:45:00] update_invoices: draft cleanup done
2025-06-18 00:45:00,411 - mainapp.logging_utils - INFO - [2025-06-18 00:45:00] update_invoices: invoices to create and update defined
2025-06-18 00:45:00,537 - mainapp.logging_utils - INFO - [2025-06-18 00:45:00] update_invoices: invoices to create and update prepared
2025-06-18 00:45:00,573 - mainapp.logging_utils - INFO - [2025-06-18 00:45:00] update_invoices: invoices created and updated
2025-06-18 00:45:00,573 - mainapp.logging_utils - INFO - [2025-06-18 00:45:00] update_invoices: getting positions
2025-06-18 00:45:00,573 - mainapp.logging_utils - INFO - [2025-06-18 00:45:00] Updating_invoices. Progress: 0 / 10
2025-06-18 00:45:00,799 - mainapp.logging_utils - INFO - [2025-06-18 00:45:00] Updating_invoices. Progress: 1 / 10
2025-06-18 00:45:00,942 - mainapp.logging_utils - INFO - [2025-06-18 00:45:00] Updating_invoices. Progress: 2 / 10
2025-06-18 00:45:01,355 - mainapp.logging_utils - INFO - [2025-06-18 00:45:01] Updating_invoices. Progress: 3 / 10
2025-06-18 00:45:02,209 - mainapp.logging_utils - INFO - [2025-06-18 00:45:02] Updating_invoices. Progress: 4 / 10
2025-06-18 00:45:02,334 - mainapp.logging_utils - INFO - [2025-06-18 00:45:02] Updating_invoices. Progress: 5 / 10
2025-06-18 00:45:02,507 - mainapp.logging_utils - INFO - [2025-06-18 00:45:02] Updating_invoices. Progress: 6 / 10
2025-06-18 00:45:02,851 - mainapp.logging_utils - INFO - [2025-06-18 00:45:02] Updating_invoices. Progress: 7 / 10
2025-06-18 00:45:03,190 - mainapp.logging_utils - INFO - [2025-06-18 00:45:03] Updating_invoices. Progress: 8 / 10
2025-06-18 00:45:03,732 - mainapp.logging_utils - INFO - [2025-06-18 00:45:03] Updating_invoices. Progress: 9 / 10
2025-06-18 00:45:03,879 - mainapp.logging_utils - INFO - [2025-06-18 00:45:03] update_invoices: positions to create and update defined
2025-06-18 00:45:04,007 - mainapp.logging_utils - INFO - [2025-06-18 00:45:04] get_documents: link: https://kabinet.dreamkas.ru/api/v1/documents?limit=10&filter[type]=11&filter[preset]=PAPER,DOCUMENTS&offset=None&filter[toAcceptedAt]=&filter[fromAcceptedAt]=
2025-06-18 00:45:04,007 - mainapp.logging_utils - INFO - [2025-06-18 00:45:04] Get request sent
2025-06-18 00:45:07,659 - mainapp.logging_utils - INFO - [2025-06-18 00:45:07] get_documents: link: https://kabinet.dreamkas.ru/api/v1/documents?limit=5&filter[type]=7&filter[preset]=PAPER,DOCUMENTS&offset=None&filter[toAcceptedAt]=&filter[fromAcceptedAt]=
2025-06-18 00:45:07,660 - mainapp.logging_utils - INFO - [2025-06-18 00:45:07] Get request sent
2025-06-18 00:45:23,672 - mainapp.logging_utils - INFO - [2025-06-18 00:45:23] Unable to price invoice: https://kabinet.dreamkas.ru/app/#!/documents/card~2F85449229
2025-06-18 00:45:23,672 - mainapp.logging_utils - INFO - [2025-06-18 00:45:23] Unable to price invoice: https://kabinet.dreamkas.ru/app/#!/documents/card~2F86361445
2025-06-18 00:45:23,680 - mainapp.logging_utils - INFO - [2025-06-18 00:45:23] Updating_invoices, params: False, True, False, 10, 10, 100, 2025-06-18, None, True, True, None, True, True
2025-06-18 00:45:51,907 - mainapp.logging_utils - INFO - [2025-06-18 00:45:51] get_documents: link: https://kabinet.dreamkas.ru/api/v1/documents?limit=10&filter[type]=11&filter[preset]=PAPER,DOCUMENTS&offset=None&filter[toAcceptedAt]=&filter[fromAcceptedAt]=2025-06-18
2025-06-18 00:45:51,908 - mainapp.logging_utils - INFO - [2025-06-18 00:45:51] Get request sent
2025-06-18 00:45:54,093 - mainapp.logging_utils - INFO - [2025-06-18 00:45:54] Unable to price invoice: https://kabinet.dreamkas.ru/app/#!/documents/card~2F85449229
2025-06-18 00:45:54,093 - mainapp.logging_utils - INFO - [2025-06-18 00:45:54] Unable to price invoice: https://kabinet.dreamkas.ru/app/#!/documents/card~2F86361445
2025-06-18 00:46:54,106 - mainapp.logging_utils - INFO - [2025-06-18 00:46:54] Updating_invoices, params: True, True, True, 10, 10, 5, None, None, True, True, None, True, True
2025-06-18 00:47:20,372 - mainapp.logging_utils - INFO - [2025-06-18 00:47:20] get_documents: link: https://kabinet.dreamkas.ru/api/v1/documents?limit=10&filter[type]=5,13&filter[preset]=PAPER,DOCUMENTS&offset=None&filter[toAcceptedAt]=&filter[fromAcceptedAt]=
2025-06-18 00:47:20,372 - mainapp.logging_utils - INFO - [2025-06-18 00:47:20] Get request sent
2025-06-18 00:47:20,929 - mainapp.logging_utils - INFO - [2025-06-18 00:47:20] update_invoices: documents external fetched
2025-06-18 00:47:20,930 - mainapp.logging_utils - INFO - [2025-06-18 00:47:20] update_invoices: draft cleanup done
2025-06-18 00:47:21,023 - mainapp.logging_utils - INFO - [2025-06-18 00:47:21] update_invoices: invoices to create and update defined
2025-06-18 00:47:21,157 - mainapp.logging_utils - INFO - [2025-06-18 00:47:21] update_invoices: invoices to create and update prepared
2025-06-18 00:47:21,193 - mainapp.logging_utils - INFO - [2025-06-18 00:47:21] update_invoices: invoices created and updated
2025-06-18 00:47:21,194 - mainapp.logging_utils - INFO - [2025-06-18 00:47:21] update_invoices: getting positions
2025-06-18 00:47:21,194 - mainapp.logging_utils - INFO - [2025-06-18 00:47:21] Updating_invoices. Progress: 0 / 10
2025-06-18 00:47:21,395 - mainapp.logging_utils - INFO - [2025-06-18 00:47:21] Updating_invoices. Progress: 1 / 10
2025-06-18 00:47:21,511 - mainapp.logging_utils - INFO - [2025-06-18 00:47:21] Updating_invoices. Progress: 2 / 10
2025-06-18 00:47:21,902 - mainapp.logging_utils - INFO - [2025-06-18 00:47:21] Updating_invoices. Progress: 3 / 10
2025-06-18 00:47:22,751 - mainapp.logging_utils - INFO - [2025-06-18 00:47:22] Updating_invoices. Progress: 4 / 10
2025-06-18 00:47:22,869 - mainapp.logging_utils - INFO - [2025-06-18 00:47:22] Updating_invoices. Progress: 5 / 10
2025-06-18 00:47:23,038 - mainapp.logging_utils - INFO - [2025-06-18 00:47:23] Updating_invoices. Progress: 6 / 10
2025-06-18 00:47:23,372 - mainapp.logging_utils - INFO - [2025-06-18 00:47:23] Updating_invoices. Progress: 7 / 10
2025-06-18 00:47:23,696 - mainapp.logging_utils - INFO - [2025-06-18 00:47:23] Updating_invoices. Progress: 8 / 10
2025-06-18 00:47:24,327 - mainapp.logging_utils - INFO - [2025-06-18 00:47:24] Updating_invoices. Progress: 9 / 10
2025-06-18 00:47:24,469 - mainapp.logging_utils - INFO - [2025-06-18 00:47:24] update_invoices: positions to create and update defined
2025-06-18 00:47:24,596 - mainapp.logging_utils - INFO - [2025-06-18 00:47:24] get_documents: link: https://kabinet.dreamkas.ru/api/v1/documents?limit=10&filter[type]=11&filter[preset]=PAPER,DOCUMENTS&offset=None&filter[toAcceptedAt]=&filter[fromAcceptedAt]=
2025-06-18 00:47:24,596 - mainapp.logging_utils - INFO - [2025-06-18 00:47:24] Get request sent
2025-06-18 00:47:28,344 - mainapp.logging_utils - INFO - [2025-06-18 00:47:28] get_documents: link: https://kabinet.dreamkas.ru/api/v1/documents?limit=5&filter[type]=7&filter[preset]=PAPER,DOCUMENTS&offset=None&filter[toAcceptedAt]=&filter[fromAcceptedAt]=
2025-06-18 00:47:28,344 - mainapp.logging_utils - INFO - [2025-06-18 00:47:28] Get request sent
2025-06-18 00:47:43,456 - mainapp.logging_utils - INFO - [2025-06-18 00:47:43] Unable to price invoice: https://kabinet.dreamkas.ru/app/#!/documents/card~2F85449229
2025-06-18 00:47:43,457 - mainapp.logging_utils - INFO - [2025-06-18 00:47:43] Unable to price invoice: https://kabinet.dreamkas.ru/app/#!/documents/card~2F86361445
2025-06-18 00:47:43,465 - mainapp.logging_utils - INFO - [2025-06-18 00:47:43] Updating_invoices, params: False, True, False, 10, 10, 100, 2025-06-18, None, True, True, None, True, True
2025-06-18 00:48:09,158 - mainapp.logging_utils - INFO - [2025-06-18 00:48:09] get_documents: link: https://kabinet.dreamkas.ru/api/v1/documents?limit=10&filter[type]=11&filter[preset]=PAPER,DOCUMENTS&offset=None&filter[toAcceptedAt]=&filter[fromAcceptedAt]=2025-06-18
2025-06-18 00:48:09,158 - mainapp.logging_utils - INFO - [2025-06-18 00:48:09] Get request sent
2025-06-18 00:48:11,208 - mainapp.logging_utils - INFO - [2025-06-18 00:48:11] Unable to price invoice: https://kabinet.dreamkas.ru/app/#!/documents/card~2F85449229
2025-06-18 00:48:11,209 - mainapp.logging_utils - INFO - [2025-06-18 00:48:11] Unable to price invoice: https://kabinet.dreamkas.ru/app/#!/documents/card~2F86361445
2025-06-18 00:49:11,220 - mainapp.logging_utils - INFO - [2025-06-18 00:49:11] Updating_invoices, params: True, True, True, 10, 10, 5, None, None, True, True, None, True, True
2025-06-18 00:49:37,904 - mainapp.logging_utils - INFO - [2025-06-18 00:49:37] get_documents: link: https://kabinet.dreamkas.ru/api/v1/documents?limit=10&filter[type]=5,13&filter[preset]=PAPER,DOCUMENTS&offset=None&filter[toAcceptedAt]=&filter[fromAcceptedAt]=
2025-06-18 00:49:37,905 - mainapp.logging_utils - INFO - [2025-06-18 00:49:37] Get request sent
2025-06-18 00:49:38,408 - mainapp.logging_utils - INFO - [2025-06-18 00:49:38] update_invoices: documents external fetched
2025-06-18 00:49:38,409 - mainapp.logging_utils - INFO - [2025-06-18 00:49:38] update_invoices: draft cleanup done
2025-06-18 00:49:38,501 - mainapp.logging_utils - INFO - [2025-06-18 00:49:38] update_invoices: invoices to create and update defined
2025-06-18 00:49:38,631 - mainapp.logging_utils - INFO - [2025-06-18 00:49:38] update_invoices: invoices to create and update prepared
2025-06-18 00:49:38,666 - mainapp.logging_utils - INFO - [2025-06-18 00:49:38] update_invoices: invoices created and updated
2025-06-18 00:49:38,667 - mainapp.logging_utils - INFO - [2025-06-18 00:49:38] update_invoices: getting positions
2025-06-18 00:49:38,667 - mainapp.logging_utils - INFO - [2025-06-18 00:49:38] Updating_invoices. Progress: 0 / 10
2025-06-18 00:49:38,879 - mainapp.logging_utils - INFO - [2025-06-18 00:49:38] Updating_invoices. Progress: 1 / 10
2025-06-18 00:49:39,012 - mainapp.logging_utils - INFO - [2025-06-18 00:49:39] Updating_invoices. Progress: 2 / 10
2025-06-18 00:49:39,417 - mainapp.logging_utils - INFO - [2025-06-18 00:49:39] Updating_invoices. Progress: 3 / 10
2025-06-18 00:49:40,274 - mainapp.logging_utils - INFO - [2025-06-18 00:49:40] Updating_invoices. Progress: 4 / 10
2025-06-18 00:49:40,405 - mainapp.logging_utils - INFO - [2025-06-18 00:49:40] Updating_invoices. Progress: 5 / 10
2025-06-18 00:49:40,597 - mainapp.logging_utils - INFO - [2025-06-18 00:49:40] Updating_invoices. Progress: 6 / 10
2025-06-18 00:49:40,985 - mainapp.logging_utils - INFO - [2025-06-18 00:49:40] Updating_invoices. Progress: 7 / 10
2025-06-18 00:49:41,325 - mainapp.logging_utils - INFO - [2025-06-18 00:49:41] Updating_invoices. Progress: 8 / 10
2025-06-18 00:49:41,878 - mainapp.logging_utils - INFO - [2025-06-18 00:49:41] Updating_invoices. Progress: 9 / 10
2025-06-18 00:49:42,033 - mainapp.logging_utils - INFO - [2025-06-18 00:49:42] update_invoices: positions to create and update defined
2025-06-18 00:49:42,165 - mainapp.logging_utils - INFO - [2025-06-18 00:49:42] get_documents: link: https://kabinet.dreamkas.ru/api/v1/documents?limit=10&filter[type]=11&filter[preset]=PAPER,DOCUMENTS&offset=None&filter[toAcceptedAt]=&filter[fromAcceptedAt]=
2025-06-18 00:49:42,165 - mainapp.logging_utils - INFO - [2025-06-18 00:49:42] Get request sent
2025-06-18 00:49:46,419 - mainapp.logging_utils - INFO - [2025-06-18 00:49:46] get_documents: link: https://kabinet.dreamkas.ru/api/v1/documents?limit=5&filter[type]=7&filter[preset]=PAPER,DOCUMENTS&offset=None&filter[toAcceptedAt]=&filter[fromAcceptedAt]=
2025-06-18 00:49:46,419 - mainapp.logging_utils - INFO - [2025-06-18 00:49:46] Get request sent
2025-06-18 00:50:18,466 - mainapp.logging_utils - INFO - [2025-06-18 00:50:18] Unable to price invoice: https://kabinet.dreamkas.ru/app/#!/documents/card~2F85449229
2025-06-18 00:50:18,466 - mainapp.logging_utils - INFO - [2025-06-18 00:50:18] Unable to price invoice: https://kabinet.dreamkas.ru/app/#!/documents/card~2F86361445
2025-06-18 00:50:18,474 - mainapp.logging_utils - INFO - [2025-06-18 00:50:18] Updating_invoices, params: False, True, False, 10, 10, 100, 2025-06-18, None, True, True, None, True, True
2025-06-18 00:50:47,533 - mainapp.logging_utils - INFO - [2025-06-18 00:50:47] get_documents: link: https://kabinet.dreamkas.ru/api/v1/documents?limit=10&filter[type]=11&filter[preset]=PAPER,DOCUMENTS&offset=None&filter[toAcceptedAt]=&filter[fromAcceptedAt]=2025-06-18
2025-06-18 00:50:47,534 - mainapp.logging_utils - INFO - [2025-06-18 00:50:47] Get request sent
2025-06-18 00:50:50,027 - mainapp.logging_utils - INFO - [2025-06-18 00:50:50] Unable to price invoice: https://kabinet.dreamkas.ru/app/#!/documents/card~2F85449229
2025-06-18 00:50:50,027 - mainapp.logging_utils - INFO - [2025-06-18 00:50:50] Unable to price invoice: https://kabinet.dreamkas.ru/app/#!/documents/card~2F86361445
2025-06-18 00:51:50,041 - mainapp.logging_utils - INFO - [2025-06-18 00:51:50] Updating_invoices, params: True, True, True, 10, 10, 5, None, None, True, True, None, True, True
2025-06-18 00:52:16,738 - mainapp.logging_utils - INFO - [2025-06-18 00:52:16] get_documents: link: https://kabinet.dreamkas.ru/api/v1/documents?limit=10&filter[type]=5,13&filter[preset]=PAPER,DOCUMENTS&offset=None&filter[toAcceptedAt]=&filter[fromAcceptedAt]=
2025-06-18 00:52:16,738 - mainapp.logging_utils - INFO - [2025-06-18 00:52:16] Get request sent
2025-06-18 00:52:17,175 - mainapp.logging_utils - INFO - [2025-06-18 00:52:17] update_invoices: documents external fetched
2025-06-18 00:52:17,176 - mainapp.logging_utils - INFO - [2025-06-18 00:52:17] update_invoices: draft cleanup done
2025-06-18 00:52:17,285 - mainapp.logging_utils - INFO - [2025-06-18 00:52:17] update_invoices: invoices to create and update defined
2025-06-18 00:52:17,435 - mainapp.logging_utils - INFO - [2025-06-18 00:52:17] update_invoices: invoices to create and update prepared
2025-06-18 00:52:17,475 - mainapp.logging_utils - INFO - [2025-06-18 00:52:17] update_invoices: invoices created and updated
2025-06-18 00:52:17,475 - mainapp.logging_utils - INFO - [2025-06-18 00:52:17] update_invoices: getting positions
2025-06-18 00:52:17,476 - mainapp.logging_utils - INFO - [2025-06-18 00:52:17] Updating_invoices. Progress: 0 / 10
2025-06-18 00:52:17,702 - mainapp.logging_utils - INFO - [2025-06-18 00:52:17] Updating_invoices. Progress: 1 / 10
2025-06-18 00:52:17,844 - mainapp.logging_utils - INFO - [2025-06-18 00:52:17] Updating_invoices. Progress: 2 / 10
2025-06-18 00:52:18,232 - mainapp.logging_utils - INFO - [2025-06-18 00:52:18] Updating_invoices. Progress: 3 / 10
2025-06-18 00:52:19,033 - mainapp.logging_utils - INFO - [2025-06-18 00:52:19] Updating_invoices. Progress: 4 / 10
2025-06-18 00:52:19,150 - mainapp.logging_utils - INFO - [2025-06-18 00:52:19] Updating_invoices. Progress: 5 / 10
2025-06-18 00:52:19,327 - mainapp.logging_utils - INFO - [2025-06-18 00:52:19] Updating_invoices. Progress: 6 / 10
2025-06-18 00:52:19,704 - mainapp.logging_utils - INFO - [2025-06-18 00:52:19] Updating_invoices. Progress: 7 / 10
2025-06-18 00:52:20,102 - mainapp.logging_utils - INFO - [2025-06-18 00:52:20] Updating_invoices. Progress: 8 / 10
2025-06-18 00:52:20,782 - mainapp.logging_utils - INFO - [2025-06-18 00:52:20] Updating_invoices. Progress: 9 / 10
2025-06-18 00:52:20,943 - mainapp.logging_utils - INFO - [2025-06-18 00:52:20] update_invoices: positions to create and update defined
2025-06-18 00:52:21,113 - mainapp.logging_utils - INFO - [2025-06-18 00:52:21] get_documents: link: https://kabinet.dreamkas.ru/api/v1/documents?limit=10&filter[type]=11&filter[preset]=PAPER,DOCUMENTS&offset=None&filter[toAcceptedAt]=&filter[fromAcceptedAt]=
2025-06-18 00:52:21,114 - mainapp.logging_utils - INFO - [2025-06-18 00:52:21] Get request sent
2025-06-18 00:52:25,272 - mainapp.logging_utils - INFO - [2025-06-18 00:52:25] get_documents: link: https://kabinet.dreamkas.ru/api/v1/documents?limit=5&filter[type]=7&filter[preset]=PAPER,DOCUMENTS&offset=None&filter[toAcceptedAt]=&filter[fromAcceptedAt]=
2025-06-18 00:52:25,272 - mainapp.logging_utils - INFO - [2025-06-18 00:52:25] Get request sent
2025-06-18 00:52:40,365 - mainapp.logging_utils - INFO - [2025-06-18 00:52:40] Unable to price invoice: https://kabinet.dreamkas.ru/app/#!/documents/card~2F85449229
2025-06-18 00:52:40,365 - mainapp.logging_utils - INFO - [2025-06-18 00:52:40] Unable to price invoice: https://kabinet.dreamkas.ru/app/#!/documents/card~2F86361445
2025-06-18 00:52:40,372 - mainapp.logging_utils - INFO - [2025-06-18 00:52:40] Updating_invoices, params: False, True, False, 10, 10, 100, 2025-06-18, None, True, True, None, True, True
2025-06-18 00:53:06,253 - mainapp.logging_utils - INFO - [2025-06-18 00:53:06] get_documents: link: https://kabinet.dreamkas.ru/api/v1/documents?limit=10&filter[type]=11&filter[preset]=PAPER,DOCUMENTS&offset=None&filter[toAcceptedAt]=&filter[fromAcceptedAt]=2025-06-18
2025-06-18 00:53:06,253 - mainapp.logging_utils - INFO - [2025-06-18 00:53:06] Get request sent
2025-06-18 00:53:08,412 - mainapp.logging_utils - INFO - [2025-06-18 00:53:08] Unable to price invoice: https://kabinet.dreamkas.ru/app/#!/documents/card~2F85449229
2025-06-18 00:53:08,412 - mainapp.logging_utils - INFO - [2025-06-18 00:53:08] Unable to price invoice: https://kabinet.dreamkas.ru/app/#!/documents/card~2F86361445
2025-06-18 00:54:08,424 - mainapp.logging_utils - INFO - [2025-06-18 00:54:08] Updating_invoices, params: True, True, True, 10, 10, 5, None, None, True, True, None, True, True
2025-06-18 00:54:35,416 - mainapp.logging_utils - INFO - [2025-06-18 00:54:35] get_documents: link: https://kabinet.dreamkas.ru/api/v1/documents?limit=10&filter[type]=5,13&filter[preset]=PAPER,DOCUMENTS&offset=None&filter[toAcceptedAt]=&filter[fromAcceptedAt]=
2025-06-18 00:54:35,416 - mainapp.logging_utils - INFO - [2025-06-18 00:54:35] Get request sent
2025-06-18 00:54:36,011 - mainapp.logging_utils - INFO - [2025-06-18 00:54:36] update_invoices: documents external fetched
2025-06-18 00:54:36,012 - mainapp.logging_utils - INFO - [2025-06-18 00:54:36] update_invoices: draft cleanup done
2025-06-18 00:54:36,104 - mainapp.logging_utils - INFO - [2025-06-18 00:54:36] update_invoices: invoices to create and update defined
2025-06-18 00:54:36,227 - mainapp.logging_utils - INFO - [2025-06-18 00:54:36] update_invoices: invoices to create and update prepared
2025-06-18 00:54:36,263 - mainapp.logging_utils - INFO - [2025-06-18 00:54:36] update_invoices: invoices created and updated
2025-06-18 00:54:36,263 - mainapp.logging_utils - INFO - [2025-06-18 00:54:36] update_invoices: getting positions
2025-06-18 00:54:36,264 - mainapp.logging_utils - INFO - [2025-06-18 00:54:36] Updating_invoices. Progress: 0 / 10
2025-06-18 00:54:36,468 - mainapp.logging_utils - INFO - [2025-06-18 00:54:36] Updating_invoices. Progress: 1 / 10
2025-06-18 00:54:36,583 - mainapp.logging_utils - INFO - [2025-06-18 00:54:36] Updating_invoices. Progress: 2 / 10
2025-06-18 00:54:36,971 - mainapp.logging_utils - INFO - [2025-06-18 00:54:36] Updating_invoices. Progress: 3 / 10
2025-06-18 00:54:37,822 - mainapp.logging_utils - INFO - [2025-06-18 00:54:37] Updating_invoices. Progress: 4 / 10
2025-06-18 00:54:37,947 - mainapp.logging_utils - INFO - [2025-06-18 00:54:37] Updating_invoices. Progress: 5 / 10
2025-06-18 00:54:38,118 - mainapp.logging_utils - INFO - [2025-06-18 00:54:38] Updating_invoices. Progress: 6 / 10
2025-06-18 00:54:38,499 - mainapp.logging_utils - INFO - [2025-06-18 00:54:38] Updating_invoices. Progress: 7 / 10
2025-06-18 00:54:38,844 - mainapp.logging_utils - INFO - [2025-06-18 00:54:38] Updating_invoices. Progress: 8 / 10
2025-06-18 00:54:39,389 - mainapp.logging_utils - INFO - [2025-06-18 00:54:39] Updating_invoices. Progress: 9 / 10
2025-06-18 00:54:39,536 - mainapp.logging_utils - INFO - [2025-06-18 00:54:39] update_invoices: positions to create and update defined
2025-06-18 00:54:39,675 - mainapp.logging_utils - INFO - [2025-06-18 00:54:39] get_documents: link: https://kabinet.dreamkas.ru/api/v1/documents?limit=10&filter[type]=11&filter[preset]=PAPER,DOCUMENTS&offset=None&filter[toAcceptedAt]=&filter[fromAcceptedAt]=
2025-06-18 00:54:39,675 - mainapp.logging_utils - INFO - [2025-06-18 00:54:39] Get request sent
2025-06-18 00:54:43,255 - mainapp.logging_utils - INFO - [2025-06-18 00:54:43] get_documents: link: https://kabinet.dreamkas.ru/api/v1/documents?limit=5&filter[type]=7&filter[preset]=PAPER,DOCUMENTS&offset=None&filter[toAcceptedAt]=&filter[fromAcceptedAt]=
2025-06-18 00:54:43,255 - mainapp.logging_utils - INFO - [2025-06-18 00:54:43] Get request sent
2025-06-18 00:54:57,675 - mainapp.logging_utils - INFO - [2025-06-18 00:54:57] Unable to price invoice: https://kabinet.dreamkas.ru/app/#!/documents/card~2F85449229
2025-06-18 00:54:57,675 - mainapp.logging_utils - INFO - [2025-06-18 00:54:57] Unable to price invoice: https://kabinet.dreamkas.ru/app/#!/documents/card~2F86361445
2025-06-18 00:54:57,683 - mainapp.logging_utils - INFO - [2025-06-18 00:54:57] Updating_invoices, params: False, True, False, 10, 10, 100, 2025-06-18, None, True, True, None, True, True
2025-06-18 00:55:23,076 - mainapp.logging_utils - INFO - [2025-06-18 00:55:23] get_documents: link: https://kabinet.dreamkas.ru/api/v1/documents?limit=10&filter[type]=11&filter[preset]=PAPER,DOCUMENTS&offset=None&filter[toAcceptedAt]=&filter[fromAcceptedAt]=2025-06-18
2025-06-18 00:55:23,076 - mainapp.logging_utils - INFO - [2025-06-18 00:55:23] Get request sent
2025-06-18 00:55:25,108 - mainapp.logging_utils - INFO - [2025-06-18 00:55:25] Unable to price invoice: https://kabinet.dreamkas.ru/app/#!/documents/card~2F85449229
2025-06-18 00:55:25,108 - mainapp.logging_utils - INFO - [2025-06-18 00:55:25] Unable to price invoice: https://kabinet.dreamkas.ru/app/#!/documents/card~2F86361445
2025-06-18 00:56:25,120 - mainapp.logging_utils - INFO - [2025-06-18 00:56:25] Updating_invoices, params: True, True, True, 10, 10, 5, None, None, True, True, None, True, True
2025-06-18 00:56:52,386 - mainapp.logging_utils - INFO - [2025-06-18 00:56:52] get_documents: link: https://kabinet.dreamkas.ru/api/v1/documents?limit=10&filter[type]=5,13&filter[preset]=PAPER,DOCUMENTS&offset=None&filter[toAcceptedAt]=&filter[fromAcceptedAt]=
2025-06-18 00:56:52,386 - mainapp.logging_utils - INFO - [2025-06-18 00:56:52] Get request sent
2025-06-18 00:56:52,776 - mainapp.logging_utils - INFO - [2025-06-18 00:56:52] update_invoices: documents external fetched
2025-06-18 00:56:52,777 - mainapp.logging_utils - INFO - [2025-06-18 00:56:52] update_invoices: draft cleanup done
2025-06-18 00:56:52,875 - mainapp.logging_utils - INFO - [2025-06-18 00:56:52] update_invoices: invoices to create and update defined
2025-06-18 00:56:53,017 - mainapp.logging_utils - INFO - [2025-06-18 00:56:53] update_invoices: invoices to create and update prepared
2025-06-18 00:56:53,053 - mainapp.logging_utils - INFO - [2025-06-18 00:56:53] update_invoices: invoices created and updated
2025-06-18 00:56:53,053 - mainapp.logging_utils - INFO - [2025-06-18 00:56:53] update_invoices: getting positions
2025-06-18 00:56:53,054 - mainapp.logging_utils - INFO - [2025-06-18 00:56:53] Updating_invoices. Progress: 0 / 10
2025-06-18 00:56:53,260 - mainapp.logging_utils - INFO - [2025-06-18 00:56:53] Updating_invoices. Progress: 1 / 10
2025-06-18 00:56:53,415 - mainapp.logging_utils - INFO - [2025-06-18 00:56:53] Updating_invoices. Progress: 2 / 10
2025-06-18 00:56:53,938 - mainapp.logging_utils - INFO - [2025-06-18 00:56:53] Updating_invoices. Progress: 3 / 10
2025-06-18 00:56:54,821 - mainapp.logging_utils - INFO - [2025-06-18 00:56:54] Updating_invoices. Progress: 4 / 10
2025-06-18 00:56:54,949 - mainapp.logging_utils - INFO - [2025-06-18 00:56:54] Updating_invoices. Progress: 5 / 10
2025-06-18 00:56:55,127 - mainapp.logging_utils - INFO - [2025-06-18 00:56:55] Updating_invoices. Progress: 6 / 10
2025-06-18 00:56:55,542 - mainapp.logging_utils - INFO - [2025-06-18 00:56:55] Updating_invoices. Progress: 7 / 10
2025-06-18 00:56:55,888 - mainapp.logging_utils - INFO - [2025-06-18 00:56:55] Updating_invoices. Progress: 8 / 10
2025-06-18 00:56:56,459 - mainapp.logging_utils - INFO - [2025-06-18 00:56:56] Updating_invoices. Progress: 9 / 10
2025-06-18 00:56:56,617 - mainapp.logging_utils - INFO - [2025-06-18 00:56:56] update_invoices: positions to create and update defined
2025-06-18 00:56:56,757 - mainapp.logging_utils - INFO - [2025-06-18 00:56:56] get_documents: link: https://kabinet.dreamkas.ru/api/v1/documents?limit=10&filter[type]=11&filter[preset]=PAPER,DOCUMENTS&offset=None&filter[toAcceptedAt]=&filter[fromAcceptedAt]=
2025-06-18 00:56:56,758 - mainapp.logging_utils - INFO - [2025-06-18 00:56:56] Get request sent
2025-06-18 00:57:00,638 - mainapp.logging_utils - INFO - [2025-06-18 00:57:00] get_documents: link: https://kabinet.dreamkas.ru/api/v1/documents?limit=5&filter[type]=7&filter[preset]=PAPER,DOCUMENTS&offset=None&filter[toAcceptedAt]=&filter[fromAcceptedAt]=
2025-06-18 00:57:00,638 - mainapp.logging_utils - INFO - [2025-06-18 00:57:00] Get request sent
2025-06-18 00:57:15,674 - mainapp.logging_utils - INFO - [2025-06-18 00:57:15] Unable to price invoice: https://kabinet.dreamkas.ru/app/#!/documents/card~2F85449229
2025-06-18 00:57:15,674 - mainapp.logging_utils - INFO - [2025-06-18 00:57:15] Unable to price invoice: https://kabinet.dreamkas.ru/app/#!/documents/card~2F86361445
2025-06-18 00:57:15,682 - mainapp.logging_utils - INFO - [2025-06-18 00:57:15] Updating_invoices, params: False, True, False, 10, 10, 100, 2025-06-18, None, True, True, None, True, True
2025-06-18 00:57:41,390 - mainapp.logging_utils - INFO - [2025-06-18 00:57:41] get_documents: link: https://kabinet.dreamkas.ru/api/v1/documents?limit=10&filter[type]=11&filter[preset]=PAPER,DOCUMENTS&offset=None&filter[toAcceptedAt]=&filter[fromAcceptedAt]=2025-06-18
2025-06-18 00:57:41,390 - mainapp.logging_utils - INFO - [2025-06-18 00:57:41] Get request sent
2025-06-18 00:57:43,645 - mainapp.logging_utils - INFO - [2025-06-18 00:57:43] Unable to price invoice: https://kabinet.dreamkas.ru/app/#!/documents/card~2F85449229
2025-06-18 00:57:43,645 - mainapp.logging_utils - INFO - [2025-06-18 00:57:43] Unable to price invoice: https://kabinet.dreamkas.ru/app/#!/documents/card~2F86361445
2025-06-18 00:58:43,656 - mainapp.logging_utils - INFO - [2025-06-18 00:58:43] Updating_invoices, params: True, True, True, 10, 10, 5, None, None, True, True, None, True, True
2025-06-18 00:59:10,269 - mainapp.logging_utils - INFO - [2025-06-18 00:59:10] get_documents: link: https://kabinet.dreamkas.ru/api/v1/documents?limit=10&filter[type]=5,13&filter[preset]=PAPER,DOCUMENTS&offset=None&filter[toAcceptedAt]=&filter[fromAcceptedAt]=
2025-06-18 00:59:10,270 - mainapp.logging_utils - INFO - [2025-06-18 00:59:10] Get request sent
2025-06-18 00:59:10,695 - mainapp.logging_utils - INFO - [2025-06-18 00:59:10] update_invoices: documents external fetched
2025-06-18 00:59:10,696 - mainapp.logging_utils - INFO - [2025-06-18 00:59:10] update_invoices: draft cleanup done
2025-06-18 00:59:10,800 - mainapp.logging_utils - INFO - [2025-06-18 00:59:10] update_invoices: invoices to create and update defined
2025-06-18 00:59:10,944 - mainapp.logging_utils - INFO - [2025-06-18 00:59:10] update_invoices: invoices to create and update prepared
2025-06-18 00:59:10,982 - mainapp.logging_utils - INFO - [2025-06-18 00:59:10] update_invoices: invoices created and updated
2025-06-18 00:59:10,982 - mainapp.logging_utils - INFO - [2025-06-18 00:59:10] update_invoices: getting positions
2025-06-18 00:59:10,982 - mainapp.logging_utils - INFO - [2025-06-18 00:59:10] Updating_invoices. Progress: 0 / 10
2025-06-18 00:59:11,200 - mainapp.logging_utils - INFO - [2025-06-18 00:59:11] Updating_invoices. Progress: 1 / 10
2025-06-18 00:59:11,323 - mainapp.logging_utils - INFO - [2025-06-18 00:59:11] Updating_invoices. Progress: 2 / 10
2025-06-18 00:59:11,725 - mainapp.logging_utils - INFO - [2025-06-18 00:59:11] Updating_invoices. Progress: 3 / 10
2025-06-18 00:59:12,607 - mainapp.logging_utils - INFO - [2025-06-18 00:59:12] Updating_invoices. Progress: 4 / 10
2025-06-18 00:59:12,745 - mainapp.logging_utils - INFO - [2025-06-18 00:59:12] Updating_invoices. Progress: 5 / 10
2025-06-18 00:59:12,924 - mainapp.logging_utils - INFO - [2025-06-18 00:59:12] Updating_invoices. Progress: 6 / 10
2025-06-18 00:59:13,470 - mainapp.logging_utils - INFO - [2025-06-18 00:59:13] Updating_invoices. Progress: 7 / 10
2025-06-18 00:59:13,811 - mainapp.logging_utils - INFO - [2025-06-18 00:59:13] Updating_invoices. Progress: 8 / 10
2025-06-18 00:59:14,357 - mainapp.logging_utils - INFO - [2025-06-18 00:59:14] Updating_invoices. Progress: 9 / 10
2025-06-18 00:59:14,510 - mainapp.logging_utils - INFO - [2025-06-18 00:59:14] update_invoices: positions to create and update defined
2025-06-18 00:59:14,707 - mainapp.logging_utils - INFO - [2025-06-18 00:59:14] get_documents: link: https://kabinet.dreamkas.ru/api/v1/documents?limit=10&filter[type]=11&filter[preset]=PAPER,DOCUMENTS&offset=None&filter[toAcceptedAt]=&filter[fromAcceptedAt]=
2025-06-18 00:59:14,708 - mainapp.logging_utils - INFO - [2025-06-18 00:59:14] Get request sent
2025-06-18 00:59:18,437 - mainapp.logging_utils - INFO - [2025-06-18 00:59:18] get_documents: link: https://kabinet.dreamkas.ru/api/v1/documents?limit=5&filter[type]=7&filter[preset]=PAPER,DOCUMENTS&offset=None&filter[toAcceptedAt]=&filter[fromAcceptedAt]=
2025-06-18 00:59:18,437 - mainapp.logging_utils - INFO - [2025-06-18 00:59:18] Get request sent
2025-06-18 00:59:33,955 - mainapp.logging_utils - INFO - [2025-06-18 00:59:33] Unable to price invoice: https://kabinet.dreamkas.ru/app/#!/documents/card~2F85449229
2025-06-18 00:59:33,955 - mainapp.logging_utils - INFO - [2025-06-18 00:59:33] Unable to price invoice: https://kabinet.dreamkas.ru/app/#!/documents/card~2F86361445
2025-06-18 00:59:33,963 - mainapp.logging_utils - INFO - [2025-06-18 00:59:33] Updating_invoices, params: False, True, False, 10, 10, 100, 2025-06-18, None, True, True, None, True, True
2025-06-18 01:00:17,920 - mainapp.logging_utils - INFO - [2025-06-18 01:00:17] get_documents: link: https://kabinet.dreamkas.ru/api/v1/documents?limit=10&filter[type]=11&filter[preset]=PAPER,DOCUMENTS&offset=None&filter[toAcceptedAt]=&filter[fromAcceptedAt]=2025-06-18
2025-06-18 01:00:17,921 - mainapp.logging_utils - INFO - [2025-06-18 01:00:17] Get request sent
2025-06-18 01:00:20,144 - mainapp.logging_utils - INFO - [2025-06-18 01:00:20] Unable to price invoice: https://kabinet.dreamkas.ru/app/#!/documents/card~2F85449229
2025-06-18 01:00:20,144 - mainapp.logging_utils - INFO - [2025-06-18 01:00:20] Unable to price invoice: https://kabinet.dreamkas.ru/app/#!/documents/card~2F86361445
2025-06-18 01:01:20,157 - mainapp.logging_utils - INFO - [2025-06-18 01:01:20] Updating_invoices, params: True, True, True, 10, 10, 5, None, None, True, True, None, True, True
2025-06-18 01:01:47,458 - mainapp.logging_utils - INFO - [2025-06-18 01:01:47] get_documents: link: https://kabinet.dreamkas.ru/api/v1/documents?limit=10&filter[type]=5,13&filter[preset]=PAPER,DOCUMENTS&offset=None&filter[toAcceptedAt]=&filter[fromAcceptedAt]=
2025-06-18 01:01:47,458 - mainapp.logging_utils - INFO - [2025-06-18 01:01:47] Get request sent
2025-06-18 01:01:48,015 - mainapp.logging_utils - INFO - [2025-06-18 01:01:48] update_invoices: documents external fetched
2025-06-18 01:01:48,016 - mainapp.logging_utils - INFO - [2025-06-18 01:01:48] update_invoices: draft cleanup done
2025-06-18 01:01:48,118 - mainapp.logging_utils - INFO - [2025-06-18 01:01:48] update_invoices: invoices to create and update defined
2025-06-18 01:01:48,250 - mainapp.logging_utils - INFO - [2025-06-18 01:01:48] update_invoices: invoices to create and update prepared
2025-06-18 01:01:48,290 - mainapp.logging_utils - INFO - [2025-06-18 01:01:48] update_invoices: invoices created and updated
2025-06-18 01:01:48,290 - mainapp.logging_utils - INFO - [2025-06-18 01:01:48] update_invoices: getting positions
2025-06-18 01:01:48,291 - mainapp.logging_utils - INFO - [2025-06-18 01:01:48] Updating_invoices. Progress: 0 / 10
2025-06-18 01:01:48,530 - mainapp.logging_utils - INFO - [2025-06-18 01:01:48] Updating_invoices. Progress: 1 / 10
2025-06-18 01:01:48,653 - mainapp.logging_utils - INFO - [2025-06-18 01:01:48] Updating_invoices. Progress: 2 / 10
2025-06-18 01:01:49,053 - mainapp.logging_utils - INFO - [2025-06-18 01:01:49] Updating_invoices. Progress: 3 / 10
2025-06-18 01:01:49,905 - mainapp.logging_utils - INFO - [2025-06-18 01:01:49] Updating_invoices. Progress: 4 / 10
2025-06-18 01:01:50,033 - mainapp.logging_utils - INFO - [2025-06-18 01:01:50] Updating_invoices. Progress: 5 / 10
2025-06-18 01:01:50,244 - mainapp.logging_utils - INFO - [2025-06-18 01:01:50] Updating_invoices. Progress: 6 / 10
2025-06-18 01:01:50,600 - mainapp.logging_utils - INFO - [2025-06-18 01:01:50] Updating_invoices. Progress: 7 / 10
2025-06-18 01:01:50,942 - mainapp.logging_utils - INFO - [2025-06-18 01:01:50] Updating_invoices. Progress: 8 / 10
2025-06-18 01:01:51,501 - mainapp.logging_utils - INFO - [2025-06-18 01:01:51] Updating_invoices. Progress: 9 / 10
2025-06-18 01:01:51,656 - mainapp.logging_utils - INFO - [2025-06-18 01:01:51] update_invoices: positions to create and update defined
2025-06-18 01:01:51,794 - mainapp.logging_utils - INFO - [2025-06-18 01:01:51] get_documents: link: https://kabinet.dreamkas.ru/api/v1/documents?limit=10&filter[type]=11&filter[preset]=PAPER,DOCUMENTS&offset=None&filter[toAcceptedAt]=&filter[fromAcceptedAt]=
2025-06-18 01:01:51,795 - mainapp.logging_utils - INFO - [2025-06-18 01:01:51] Get request sent
2025-06-18 01:01:55,664 - mainapp.logging_utils - INFO - [2025-06-18 01:01:55] get_documents: link: https://kabinet.dreamkas.ru/api/v1/documents?limit=5&filter[type]=7&filter[preset]=PAPER,DOCUMENTS&offset=None&filter[toAcceptedAt]=&filter[fromAcceptedAt]=
2025-06-18 01:01:55,665 - mainapp.logging_utils - INFO - [2025-06-18 01:01:55] Get request sent
2025-06-18 01:02:10,708 - mainapp.logging_utils - INFO - [2025-06-18 01:02:10] Unable to price invoice: https://kabinet.dreamkas.ru/app/#!/documents/card~2F85449229
2025-06-18 01:02:10,708 - mainapp.logging_utils - INFO - [2025-06-18 01:02:10] Unable to price invoice: https://kabinet.dreamkas.ru/app/#!/documents/card~2F86361445
2025-06-18 01:02:10,716 - mainapp.logging_utils - INFO - [2025-06-18 01:02:10] Updating_invoices, params: False, True, False, 10, 10, 100, 2025-06-18, None, True, True, None, True, True
2025-06-18 01:02:37,397 - mainapp.logging_utils - INFO - [2025-06-18 01:02:37] get_documents: link: https://kabinet.dreamkas.ru/api/v1/documents?limit=10&filter[type]=11&filter[preset]=PAPER,DOCUMENTS&offset=None&filter[toAcceptedAt]=&filter[fromAcceptedAt]=2025-06-18
2025-06-18 01:02:37,397 - mainapp.logging_utils - INFO - [2025-06-18 01:02:37] Get request sent
2025-06-18 01:02:39,632 - mainapp.logging_utils - INFO - [2025-06-18 01:02:39] Unable to price invoice: https://kabinet.dreamkas.ru/app/#!/documents/card~2F85449229
2025-06-18 01:02:39,632 - mainapp.logging_utils - INFO - [2025-06-18 01:02:39] Unable to price invoice: https://kabinet.dreamkas.ru/app/#!/documents/card~2F86361445
2025-06-18 01:03:39,645 - mainapp.logging_utils - INFO - [2025-06-18 01:03:39] Updating_invoices, params: True, True, True, 10, 10, 5, None, None, True, True, None, True, True
2025-06-18 01:04:06,025 - mainapp.logging_utils - INFO - [2025-06-18 01:04:06] get_documents: link: https://kabinet.dreamkas.ru/api/v1/documents?limit=10&filter[type]=5,13&filter[preset]=PAPER,DOCUMENTS&offset=None&filter[toAcceptedAt]=&filter[fromAcceptedAt]=
2025-06-18 01:04:06,025 - mainapp.logging_utils - INFO - [2025-06-18 01:04:06] Get request sent
2025-06-18 01:04:06,416 - mainapp.logging_utils - INFO - [2025-06-18 01:04:06] update_invoices: documents external fetched
2025-06-18 01:04:06,417 - mainapp.logging_utils - INFO - [2025-06-18 01:04:06] update_invoices: draft cleanup done
2025-06-18 01:04:06,515 - mainapp.logging_utils - INFO - [2025-06-18 01:04:06] update_invoices: invoices to create and update defined
2025-06-18 01:04:06,643 - mainapp.logging_utils - INFO - [2025-06-18 01:04:06] update_invoices: invoices to create and update prepared
2025-06-18 01:04:06,679 - mainapp.logging_utils - INFO - [2025-06-18 01:04:06] update_invoices: invoices created and updated
2025-06-18 01:04:06,679 - mainapp.logging_utils - INFO - [2025-06-18 01:04:06] update_invoices: getting positions
2025-06-18 01:04:06,680 - mainapp.logging_utils - INFO - [2025-06-18 01:04:06] Updating_invoices. Progress: 0 / 10
2025-06-18 01:04:06,908 - mainapp.logging_utils - INFO - [2025-06-18 01:04:06] Updating_invoices. Progress: 1 / 10
2025-06-18 01:04:07,036 - mainapp.logging_utils - INFO - [2025-06-18 01:04:07] Updating_invoices. Progress: 2 / 10
2025-06-18 01:04:07,427 - mainapp.logging_utils - INFO - [2025-06-18 01:04:07] Updating_invoices. Progress: 3 / 10
2025-06-18 01:04:08,258 - mainapp.logging_utils - INFO - [2025-06-18 01:04:08] Updating_invoices. Progress: 4 / 10
2025-06-18 01:04:08,503 - mainapp.logging_utils - INFO - [2025-06-18 01:04:08] Updating_invoices. Progress: 5 / 10
2025-06-18 01:04:08,677 - mainapp.logging_utils - INFO - [2025-06-18 01:04:08] Updating_invoices. Progress: 6 / 10
2025-06-18 01:04:09,020 - mainapp.logging_utils - INFO - [2025-06-18 01:04:09] Updating_invoices. Progress: 7 / 10
2025-06-18 01:04:09,346 - mainapp.logging_utils - INFO - [2025-06-18 01:04:09] Updating_invoices. Progress: 8 / 10
2025-06-18 01:04:09,890 - mainapp.logging_utils - INFO - [2025-06-18 01:04:09] Updating_invoices. Progress: 9 / 10
2025-06-18 01:04:10,035 - mainapp.logging_utils - INFO - [2025-06-18 01:04:10] update_invoices: positions to create and update defined
2025-06-18 01:04:10,167 - mainapp.logging_utils - INFO - [2025-06-18 01:04:10] get_documents: link: https://kabinet.dreamkas.ru/api/v1/documents?limit=10&filter[type]=11&filter[preset]=PAPER,DOCUMENTS&offset=None&filter[toAcceptedAt]=&filter[fromAcceptedAt]=
2025-06-18 01:04:10,168 - mainapp.logging_utils - INFO - [2025-06-18 01:04:10] Get request sent
2025-06-18 01:04:13,762 - mainapp.logging_utils - INFO - [2025-06-18 01:04:13] get_documents: link: https://kabinet.dreamkas.ru/api/v1/documents?limit=5&filter[type]=7&filter[preset]=PAPER,DOCUMENTS&offset=None&filter[toAcceptedAt]=&filter[fromAcceptedAt]=
2025-06-18 01:04:13,763 - mainapp.logging_utils - INFO - [2025-06-18 01:04:13] Get request sent
2025-06-18 01:04:28,769 - mainapp.logging_utils - INFO - [2025-06-18 01:04:28] Unable to price invoice: https://kabinet.dreamkas.ru/app/#!/documents/card~2F85449229
2025-06-18 01:04:28,769 - mainapp.logging_utils - INFO - [2025-06-18 01:04:28] Unable to price invoice: https://kabinet.dreamkas.ru/app/#!/documents/card~2F86361445
2025-06-18 01:04:28,778 - mainapp.logging_utils - INFO - [2025-06-18 01:04:28] Updating_invoices, params: False, True, False, 10, 10, 100, 2025-06-18, None, True, True, None, True, True
2025-06-18 01:04:55,200 - mainapp.logging_utils - INFO - [2025-06-18 01:04:55] get_documents: link: https://kabinet.dreamkas.ru/api/v1/documents?limit=10&filter[type]=11&filter[preset]=PAPER,DOCUMENTS&offset=None&filter[toAcceptedAt]=&filter[fromAcceptedAt]=2025-06-18
2025-06-18 01:04:55,200 - mainapp.logging_utils - INFO - [2025-06-18 01:04:55] Get request sent
2025-06-18 01:04:57,344 - mainapp.logging_utils - INFO - [2025-06-18 01:04:57] Unable to price invoice: https://kabinet.dreamkas.ru/app/#!/documents/card~2F85449229
2025-06-18 01:04:57,344 - mainapp.logging_utils - INFO - [2025-06-18 01:04:57] Unable to price invoice: https://kabinet.dreamkas.ru/app/#!/documents/card~2F86361445
2025-06-18 01:05:57,357 - mainapp.logging_utils - INFO - [2025-06-18 01:05:57] Updating_invoices, params: True, True, True, 10, 10, 5, None, None, True, True, None, True, True
2025-06-18 01:06:27,043 - mainapp.logging_utils - INFO - [2025-06-18 01:06:27] get_documents: link: https://kabinet.dreamkas.ru/api/v1/documents?limit=10&filter[type]=5,13&filter[preset]=PAPER,DOCUMENTS&offset=None&filter[toAcceptedAt]=&filter[fromAcceptedAt]=
2025-06-18 01:06:27,043 - mainapp.logging_utils - INFO - [2025-06-18 01:06:27] Get request sent
2025-06-18 01:06:27,429 - mainapp.logging_utils - INFO - [2025-06-18 01:06:27] update_invoices: documents external fetched
2025-06-18 01:06:27,430 - mainapp.logging_utils - INFO - [2025-06-18 01:06:27] update_invoices: draft cleanup done
2025-06-18 01:06:27,521 - mainapp.logging_utils - INFO - [2025-06-18 01:06:27] update_invoices: invoices to create and update defined
2025-06-18 01:06:27,696 - mainapp.logging_utils - INFO - [2025-06-18 01:06:27] update_invoices: invoices to create and update prepared
2025-06-18 01:06:27,742 - mainapp.logging_utils - INFO - [2025-06-18 01:06:27] update_invoices: invoices created and updated
2025-06-18 01:06:27,742 - mainapp.logging_utils - INFO - [2025-06-18 01:06:27] update_invoices: getting positions
2025-06-18 01:06:27,743 - mainapp.logging_utils - INFO - [2025-06-18 01:06:27] Updating_invoices. Progress: 0 / 10
2025-06-18 01:06:27,948 - mainapp.logging_utils - INFO - [2025-06-18 01:06:27] Updating_invoices. Progress: 1 / 10
2025-06-18 01:06:28,068 - mainapp.logging_utils - INFO - [2025-06-18 01:06:28] Updating_invoices. Progress: 2 / 10
2025-06-18 01:06:28,477 - mainapp.logging_utils - INFO - [2025-06-18 01:06:28] Updating_invoices. Progress: 3 / 10
2025-06-18 01:06:29,347 - mainapp.logging_utils - INFO - [2025-06-18 01:06:29] Updating_invoices. Progress: 4 / 10
2025-06-18 01:06:29,479 - mainapp.logging_utils - INFO - [2025-06-18 01:06:29] Updating_invoices. Progress: 5 / 10
2025-06-18 01:06:29,685 - mainapp.logging_utils - INFO - [2025-06-18 01:06:29] Updating_invoices. Progress: 6 / 10
2025-06-18 01:06:30,054 - mainapp.logging_utils - INFO - [2025-06-18 01:06:30] Updating_invoices. Progress: 7 / 10
2025-06-18 01:06:30,385 - mainapp.logging_utils - INFO - [2025-06-18 01:06:30] Updating_invoices. Progress: 8 / 10
2025-06-18 01:06:30,947 - mainapp.logging_utils - INFO - [2025-06-18 01:06:30] Updating_invoices. Progress: 9 / 10
2025-06-18 01:06:31,098 - mainapp.logging_utils - INFO - [2025-06-18 01:06:31] update_invoices: positions to create and update defined
2025-06-18 01:06:31,226 - mainapp.logging_utils - INFO - [2025-06-18 01:06:31] get_documents: link: https://kabinet.dreamkas.ru/api/v1/documents?limit=10&filter[type]=11&filter[preset]=PAPER,DOCUMENTS&offset=None&filter[toAcceptedAt]=&filter[fromAcceptedAt]=
2025-06-18 01:06:31,227 - mainapp.logging_utils - INFO - [2025-06-18 01:06:31] Get request sent
2025-06-18 01:06:34,936 - mainapp.logging_utils - INFO - [2025-06-18 01:06:34] get_documents: link: https://kabinet.dreamkas.ru/api/v1/documents?limit=5&filter[type]=7&filter[preset]=PAPER,DOCUMENTS&offset=None&filter[toAcceptedAt]=&filter[fromAcceptedAt]=
2025-06-18 01:06:34,936 - mainapp.logging_utils - INFO - [2025-06-18 01:06:34] Get request sent
2025-06-18 01:06:50,012 - mainapp.logging_utils - INFO - [2025-06-18 01:06:50] Unable to price invoice: https://kabinet.dreamkas.ru/app/#!/documents/card~2F85449229
2025-06-18 01:06:50,012 - mainapp.logging_utils - INFO - [2025-06-18 01:06:50] Unable to price invoice: https://kabinet.dreamkas.ru/app/#!/documents/card~2F86361445
2025-06-18 01:06:50,020 - mainapp.logging_utils - INFO - [2025-06-18 01:06:50] Updating_invoices, params: False, True, False, 10, 10, 100, 2025-06-18, None, True, True, None, True, True
2025-06-18 01:07:17,433 - mainapp.logging_utils - INFO - [2025-06-18 01:07:17] get_documents: link: https://kabinet.dreamkas.ru/api/v1/documents?limit=10&filter[type]=11&filter[preset]=PAPER,DOCUMENTS&offset=None&filter[toAcceptedAt]=&filter[fromAcceptedAt]=2025-06-18
2025-06-18 01:07:17,434 - mainapp.logging_utils - INFO - [2025-06-18 01:07:17] Get request sent
2025-06-18 01:07:19,924 - mainapp.logging_utils - INFO - [2025-06-18 01:07:19] Unable to price invoice: https://kabinet.dreamkas.ru/app/#!/documents/card~2F85449229
2025-06-18 01:07:19,924 - mainapp.logging_utils - INFO - [2025-06-18 01:07:19] Unable to price invoice: https://kabinet.dreamkas.ru/app/#!/documents/card~2F86361445
2025-06-18 01:08:19,940 - mainapp.logging_utils - INFO - [2025-06-18 01:08:19] Updating_invoices, params: True, True, True, 10, 10, 5, None, None, True, True, None, True, True
2025-06-18 01:08:47,053 - mainapp.logging_utils - INFO - [2025-06-18 01:08:47] get_documents: link: https://kabinet.dreamkas.ru/api/v1/documents?limit=10&filter[type]=5,13&filter[preset]=PAPER,DOCUMENTS&offset=None&filter[toAcceptedAt]=&filter[fromAcceptedAt]=
2025-06-18 01:08:47,053 - mainapp.logging_utils - INFO - [2025-06-18 01:08:47] Get request sent
2025-06-18 01:08:47,458 - mainapp.logging_utils - INFO - [2025-06-18 01:08:47] update_invoices: documents external fetched
2025-06-18 01:08:47,459 - mainapp.logging_utils - INFO - [2025-06-18 01:08:47] update_invoices: draft cleanup done
2025-06-18 01:08:47,610 - mainapp.logging_utils - INFO - [2025-06-18 01:08:47] update_invoices: invoices to create and update defined
2025-06-18 01:08:47,760 - mainapp.logging_utils - INFO - [2025-06-18 01:08:47] update_invoices: invoices to create and update prepared
2025-06-18 01:08:47,796 - mainapp.logging_utils - INFO - [2025-06-18 01:08:47] update_invoices: invoices created and updated
2025-06-18 01:08:47,796 - mainapp.logging_utils - INFO - [2025-06-18 01:08:47] update_invoices: getting positions
2025-06-18 01:08:47,797 - mainapp.logging_utils - INFO - [2025-06-18 01:08:47] Updating_invoices. Progress: 0 / 10
2025-06-18 01:08:48,004 - mainapp.logging_utils - INFO - [2025-06-18 01:08:48] Updating_invoices. Progress: 1 / 10
2025-06-18 01:08:48,128 - mainapp.logging_utils - INFO - [2025-06-18 01:08:48] Updating_invoices. Progress: 2 / 10
2025-06-18 01:08:48,521 - mainapp.logging_utils - INFO - [2025-06-18 01:08:48] Updating_invoices. Progress: 3 / 10
2025-06-18 01:08:49,343 - mainapp.logging_utils - INFO - [2025-06-18 01:08:49] Updating_invoices. Progress: 4 / 10
2025-06-18 01:08:49,464 - mainapp.logging_utils - INFO - [2025-06-18 01:08:49] Updating_invoices. Progress: 5 / 10
2025-06-18 01:08:49,635 - mainapp.logging_utils - INFO - [2025-06-18 01:08:49] Updating_invoices. Progress: 6 / 10
2025-06-18 01:08:49,977 - mainapp.logging_utils - INFO - [2025-06-18 01:08:49] Updating_invoices. Progress: 7 / 10
2025-06-18 01:08:50,319 - mainapp.logging_utils - INFO - [2025-06-18 01:08:50] Updating_invoices. Progress: 8 / 10
2025-06-18 01:08:50,845 - mainapp.logging_utils - INFO - [2025-06-18 01:08:50] Updating_invoices. Progress: 9 / 10
2025-06-18 01:08:50,993 - mainapp.logging_utils - INFO - [2025-06-18 01:08:50] update_invoices: positions to create and update defined
2025-06-18 01:08:51,118 - mainapp.logging_utils - INFO - [2025-06-18 01:08:51] get_documents: link: https://kabinet.dreamkas.ru/api/v1/documents?limit=10&filter[type]=11&filter[preset]=PAPER,DOCUMENTS&offset=None&filter[toAcceptedAt]=&filter[fromAcceptedAt]=
2025-06-18 01:08:51,118 - mainapp.logging_utils - INFO - [2025-06-18 01:08:51] Get request sent
2025-06-18 01:08:54,705 - mainapp.logging_utils - INFO - [2025-06-18 01:08:54] get_documents: link: https://kabinet.dreamkas.ru/api/v1/documents?limit=5&filter[type]=7&filter[preset]=PAPER,DOCUMENTS&offset=None&filter[toAcceptedAt]=&filter[fromAcceptedAt]=
2025-06-18 01:08:54,705 - mainapp.logging_utils - INFO - [2025-06-18 01:08:54] Get request sent
2025-06-18 01:09:09,297 - mainapp.logging_utils - INFO - [2025-06-18 01:09:09] Unable to price invoice: https://kabinet.dreamkas.ru/app/#!/documents/card~2F85449229
2025-06-18 01:09:09,297 - mainapp.logging_utils - INFO - [2025-06-18 01:09:09] Unable to price invoice: https://kabinet.dreamkas.ru/app/#!/documents/card~2F86361445
2025-06-18 01:09:09,305 - mainapp.logging_utils - INFO - [2025-06-18 01:09:09] Updating_invoices, params: False, True, False, 10, 10, 100, 2025-06-18, None, True, True, None, True, True
2025-06-18 01:09:35,763 - mainapp.logging_utils - INFO - [2025-06-18 01:09:35] get_documents: link: https://kabinet.dreamkas.ru/api/v1/documents?limit=10&filter[type]=11&filter[preset]=PAPER,DOCUMENTS&offset=None&filter[toAcceptedAt]=&filter[fromAcceptedAt]=2025-06-18
2025-06-18 01:09:35,764 - mainapp.logging_utils - INFO - [2025-06-18 01:09:35] Get request sent
2025-06-18 01:09:38,045 - mainapp.logging_utils - INFO - [2025-06-18 01:09:38] Unable to price invoice: https://kabinet.dreamkas.ru/app/#!/documents/card~2F85449229
2025-06-18 01:09:38,045 - mainapp.logging_utils - INFO - [2025-06-18 01:09:38] Unable to price invoice: https://kabinet.dreamkas.ru/app/#!/documents/card~2F86361445
2025-06-18 01:10:38,058 - mainapp.logging_utils - INFO - [2025-06-18 01:10:38] Updating_invoices, params: True, True, True, 10, 10, 5, None, None, True, True, None, True, True
2025-06-18 01:11:05,096 - mainapp.logging_utils - INFO - [2025-06-18 01:11:05] get_documents: link: https://kabinet.dreamkas.ru/api/v1/documents?limit=10&filter[type]=5,13&filter[preset]=PAPER,DOCUMENTS&offset=None&filter[toAcceptedAt]=&filter[fromAcceptedAt]=
2025-06-18 01:11:05,097 - mainapp.logging_utils - INFO - [2025-06-18 01:11:05] Get request sent
2025-06-18 01:11:05,694 - mainapp.logging_utils - INFO - [2025-06-18 01:11:05] update_invoices: documents external fetched
2025-06-18 01:11:05,695 - mainapp.logging_utils - INFO - [2025-06-18 01:11:05] update_invoices: draft cleanup done
2025-06-18 01:11:05,789 - mainapp.logging_utils - INFO - [2025-06-18 01:11:05] update_invoices: invoices to create and update defined
2025-06-18 01:11:05,920 - mainapp.logging_utils - INFO - [2025-06-18 01:11:05] update_invoices: invoices to create and update prepared
2025-06-18 01:11:05,956 - mainapp.logging_utils - INFO - [2025-06-18 01:11:05] update_invoices: invoices created and updated
2025-06-18 01:11:05,956 - mainapp.logging_utils - INFO - [2025-06-18 01:11:05] update_invoices: getting positions
2025-06-18 01:11:05,956 - mainapp.logging_utils - INFO - [2025-06-18 01:11:05] Updating_invoices. Progress: 0 / 10
2025-06-18 01:11:06,200 - mainapp.logging_utils - INFO - [2025-06-18 01:11:06] Updating_invoices. Progress: 1 / 10
2025-06-18 01:11:06,328 - mainapp.logging_utils - INFO - [2025-06-18 01:11:06] Updating_invoices. Progress: 2 / 10
2025-06-18 01:11:06,732 - mainapp.logging_utils - INFO - [2025-06-18 01:11:06] Updating_invoices. Progress: 3 / 10
2025-06-18 01:11:07,579 - mainapp.logging_utils - INFO - [2025-06-18 01:11:07] Updating_invoices. Progress: 4 / 10
2025-06-18 01:11:07,709 - mainapp.logging_utils - INFO - [2025-06-18 01:11:07] Updating_invoices. Progress: 5 / 10
2025-06-18 01:11:07,893 - mainapp.logging_utils - INFO - [2025-06-18 01:11:07] Updating_invoices. Progress: 6 / 10
2025-06-18 01:11:08,240 - mainapp.logging_utils - INFO - [2025-06-18 01:11:08] Updating_invoices. Progress: 7 / 10
2025-06-18 01:11:08,584 - mainapp.logging_utils - INFO - [2025-06-18 01:11:08] Updating_invoices. Progress: 8 / 10
2025-06-18 01:11:09,136 - mainapp.logging_utils - INFO - [2025-06-18 01:11:09] Updating_invoices. Progress: 9 / 10
2025-06-18 01:11:09,289 - mainapp.logging_utils - INFO - [2025-06-18 01:11:09] update_invoices: positions to create and update defined
2025-06-18 01:11:09,431 - mainapp.logging_utils - INFO - [2025-06-18 01:11:09] get_documents: link: https://kabinet.dreamkas.ru/api/v1/documents?limit=10&filter[type]=11&filter[preset]=PAPER,DOCUMENTS&offset=None&filter[toAcceptedAt]=&filter[fromAcceptedAt]=
2025-06-18 01:11:09,432 - mainapp.logging_utils - INFO - [2025-06-18 01:11:09] Get request sent
2025-06-18 01:11:13,121 - mainapp.logging_utils - INFO - [2025-06-18 01:11:13] get_documents: link: https://kabinet.dreamkas.ru/api/v1/documents?limit=5&filter[type]=7&filter[preset]=PAPER,DOCUMENTS&offset=None&filter[toAcceptedAt]=&filter[fromAcceptedAt]=
2025-06-18 01:11:13,121 - mainapp.logging_utils - INFO - [2025-06-18 01:11:13] Get request sent
2025-06-18 01:11:27,944 - mainapp.logging_utils - INFO - [2025-06-18 01:11:27] Unable to price invoice: https://kabinet.dreamkas.ru/app/#!/documents/card~2F85449229
2025-06-18 01:11:27,944 - mainapp.logging_utils - INFO - [2025-06-18 01:11:27] Unable to price invoice: https://kabinet.dreamkas.ru/app/#!/documents/card~2F86361445
2025-06-18 01:11:27,952 - mainapp.logging_utils - INFO - [2025-06-18 01:11:27] Updating_invoices, params: False, True, False, 10, 10, 100, 2025-06-18, None, True, True, None, True, True
2025-06-18 01:11:53,706 - mainapp.logging_utils - INFO - [2025-06-18 01:11:53] get_documents: link: https://kabinet.dreamkas.ru/api/v1/documents?limit=10&filter[type]=11&filter[preset]=PAPER,DOCUMENTS&offset=None&filter[toAcceptedAt]=&filter[fromAcceptedAt]=2025-06-18
2025-06-18 01:11:53,707 - mainapp.logging_utils - INFO - [2025-06-18 01:11:53] Get request sent
2025-06-18 01:11:55,855 - mainapp.logging_utils - INFO - [2025-06-18 01:11:55] Unable to price invoice: https://kabinet.dreamkas.ru/app/#!/documents/card~2F85449229
2025-06-18 01:11:55,856 - mainapp.logging_utils - INFO - [2025-06-18 01:11:55] Unable to price invoice: https://kabinet.dreamkas.ru/app/#!/documents/card~2F86361445
2025-06-18 01:12:55,866 - mainapp.logging_utils - INFO - [2025-06-18 01:12:55] Updating_invoices, params: True, True, True, 10, 10, 5, None, None, True, True, None, True, True
2025-06-18 01:13:21,754 - mainapp.logging_utils - INFO - [2025-06-18 01:13:21] get_documents: link: https://kabinet.dreamkas.ru/api/v1/documents?limit=10&filter[type]=5,13&filter[preset]=PAPER,DOCUMENTS&offset=None&filter[toAcceptedAt]=&filter[fromAcceptedAt]=
2025-06-18 01:13:21,754 - mainapp.logging_utils - INFO - [2025-06-18 01:13:21] Get request sent
2025-06-18 01:13:22,209 - mainapp.logging_utils - INFO - [2025-06-18 01:13:22] update_invoices: documents external fetched
2025-06-18 01:13:22,210 - mainapp.logging_utils - INFO - [2025-06-18 01:13:22] update_invoices: draft cleanup done
2025-06-18 01:13:22,368 - mainapp.logging_utils - INFO - [2025-06-18 01:13:22] update_invoices: invoices to create and update defined
2025-06-18 01:13:22,493 - mainapp.logging_utils - INFO - [2025-06-18 01:13:22] update_invoices: invoices to create and update prepared
2025-06-18 01:13:22,528 - mainapp.logging_utils - INFO - [2025-06-18 01:13:22] update_invoices: invoices created and updated
2025-06-18 01:13:22,528 - mainapp.logging_utils - INFO - [2025-06-18 01:13:22] update_invoices: getting positions
2025-06-18 01:13:22,528 - mainapp.logging_utils - INFO - [2025-06-18 01:13:22] Updating_invoices. Progress: 0 / 10
2025-06-18 01:13:22,725 - mainapp.logging_utils - INFO - [2025-06-18 01:13:22] Updating_invoices. Progress: 1 / 10
2025-06-18 01:13:22,845 - mainapp.logging_utils - INFO - [2025-06-18 01:13:22] Updating_invoices. Progress: 2 / 10
2025-06-18 01:13:23,248 - mainapp.logging_utils - INFO - [2025-06-18 01:13:23] Updating_invoices. Progress: 3 / 10
2025-06-18 01:13:24,077 - mainapp.logging_utils - INFO - [2025-06-18 01:13:24] Updating_invoices. Progress: 4 / 10
2025-06-18 01:13:24,197 - mainapp.logging_utils - INFO - [2025-06-18 01:13:24] Updating_invoices. Progress: 5 / 10
2025-06-18 01:13:24,376 - mainapp.logging_utils - INFO - [2025-06-18 01:13:24] Updating_invoices. Progress: 6 / 10
2025-06-18 01:13:24,717 - mainapp.logging_utils - INFO - [2025-06-18 01:13:24] Updating_invoices. Progress: 7 / 10
2025-06-18 01:13:25,041 - mainapp.logging_utils - INFO - [2025-06-18 01:13:25] Updating_invoices. Progress: 8 / 10
2025-06-18 01:13:25,589 - mainapp.logging_utils - INFO - [2025-06-18 01:13:25] Updating_invoices. Progress: 9 / 10
2025-06-18 01:13:25,746 - mainapp.logging_utils - INFO - [2025-06-18 01:13:25] update_invoices: positions to create and update defined
2025-06-18 01:13:25,879 - mainapp.logging_utils - INFO - [2025-06-18 01:13:25] get_documents: link: https://kabinet.dreamkas.ru/api/v1/documents?limit=10&filter[type]=11&filter[preset]=PAPER,DOCUMENTS&offset=None&filter[toAcceptedAt]=&filter[fromAcceptedAt]=
2025-06-18 01:13:25,880 - mainapp.logging_utils - INFO - [2025-06-18 01:13:25] Get request sent
2025-06-18 01:13:29,452 - mainapp.logging_utils - INFO - [2025-06-18 01:13:29] get_documents: link: https://kabinet.dreamkas.ru/api/v1/documents?limit=5&filter[type]=7&filter[preset]=PAPER,DOCUMENTS&offset=None&filter[toAcceptedAt]=&filter[fromAcceptedAt]=
2025-06-18 01:13:29,452 - mainapp.logging_utils - INFO - [2025-06-18 01:13:29] Get request sent
2025-06-18 01:13:44,327 - mainapp.logging_utils - INFO - [2025-06-18 01:13:44] Unable to price invoice: https://kabinet.dreamkas.ru/app/#!/documents/card~2F85449229
2025-06-18 01:13:44,327 - mainapp.logging_utils - INFO - [2025-06-18 01:13:44] Unable to price invoice: https://kabinet.dreamkas.ru/app/#!/documents/card~2F86361445
2025-06-18 01:13:44,335 - mainapp.logging_utils - INFO - [2025-06-18 01:13:44] Updating_invoices, params: False, True, False, 10, 10, 100, 2025-06-18, None, True, True, None, True, True
2025-06-18 01:14:10,386 - mainapp.logging_utils - INFO - [2025-06-18 01:14:10] get_documents: link: https://kabinet.dreamkas.ru/api/v1/documents?limit=10&filter[type]=11&filter[preset]=PAPER,DOCUMENTS&offset=None&filter[toAcceptedAt]=&filter[fromAcceptedAt]=2025-06-18
2025-06-18 01:14:10,386 - mainapp.logging_utils - INFO - [2025-06-18 01:14:10] Get request sent
2025-06-18 01:14:12,535 - mainapp.logging_utils - INFO - [2025-06-18 01:14:12] Unable to price invoice: https://kabinet.dreamkas.ru/app/#!/documents/card~2F85449229
2025-06-18 01:14:12,536 - mainapp.logging_utils - INFO - [2025-06-18 01:14:12] Unable to price invoice: https://kabinet.dreamkas.ru/app/#!/documents/card~2F86361445
2025-06-18 01:15:12,548 - mainapp.logging_utils - INFO - [2025-06-18 01:15:12] Updating_invoices, params: True, True, True, 10, 10, 5, None, None, True, True, None, True, True
2025-06-18 01:15:40,051 - mainapp.logging_utils - INFO - [2025-06-18 01:15:40] get_documents: link: https://kabinet.dreamkas.ru/api/v1/documents?limit=10&filter[type]=5,13&filter[preset]=PAPER,DOCUMENTS&offset=None&filter[toAcceptedAt]=&filter[fromAcceptedAt]=
2025-06-18 01:15:40,051 - mainapp.logging_utils - INFO - [2025-06-18 01:15:40] Get request sent
2025-06-18 01:15:40,491 - mainapp.logging_utils - INFO - [2025-06-18 01:15:40] update_invoices: documents external fetched
2025-06-18 01:15:40,492 - mainapp.logging_utils - INFO - [2025-06-18 01:15:40] update_invoices: draft cleanup done
2025-06-18 01:15:40,588 - mainapp.logging_utils - INFO - [2025-06-18 01:15:40] update_invoices: invoices to create and update defined
2025-06-18 01:15:40,718 - mainapp.logging_utils - INFO - [2025-06-18 01:15:40] update_invoices: invoices to create and update prepared
2025-06-18 01:15:40,754 - mainapp.logging_utils - INFO - [2025-06-18 01:15:40] update_invoices: invoices created and updated
2025-06-18 01:15:40,754 - mainapp.logging_utils - INFO - [2025-06-18 01:15:40] update_invoices: getting positions
2025-06-18 01:15:40,755 - mainapp.logging_utils - INFO - [2025-06-18 01:15:40] Updating_invoices. Progress: 0 / 10
2025-06-18 01:15:41,010 - mainapp.logging_utils - INFO - [2025-06-18 01:15:41] Updating_invoices. Progress: 1 / 10
2025-06-18 01:15:41,157 - mainapp.logging_utils - INFO - [2025-06-18 01:15:41] Updating_invoices. Progress: 2 / 10
2025-06-18 01:15:41,555 - mainapp.logging_utils - INFO - [2025-06-18 01:15:41] Updating_invoices. Progress: 3 / 10
2025-06-18 01:15:42,403 - mainapp.logging_utils - INFO - [2025-06-18 01:15:42] Updating_invoices. Progress: 4 / 10
2025-06-18 01:15:42,530 - mainapp.logging_utils - INFO - [2025-06-18 01:15:42] Updating_invoices. Progress: 5 / 10
2025-06-18 01:15:42,702 - mainapp.logging_utils - INFO - [2025-06-18 01:15:42] Updating_invoices. Progress: 6 / 10
2025-06-18 01:15:43,049 - mainapp.logging_utils - INFO - [2025-06-18 01:15:43] Updating_invoices. Progress: 7 / 10
2025-06-18 01:15:43,392 - mainapp.logging_utils - INFO - [2025-06-18 01:15:43] Updating_invoices. Progress: 8 / 10
2025-06-18 01:15:43,939 - mainapp.logging_utils - INFO - [2025-06-18 01:15:43] Updating_invoices. Progress: 9 / 10
2025-06-18 01:15:44,094 - mainapp.logging_utils - INFO - [2025-06-18 01:15:44] update_invoices: positions to create and update defined
2025-06-18 01:15:44,228 - mainapp.logging_utils - INFO - [2025-06-18 01:15:44] get_documents: link: https://kabinet.dreamkas.ru/api/v1/documents?limit=10&filter[type]=11&filter[preset]=PAPER,DOCUMENTS&offset=None&filter[toAcceptedAt]=&filter[fromAcceptedAt]=
2025-06-18 01:15:44,228 - mainapp.logging_utils - INFO - [2025-06-18 01:15:44] Get request sent
2025-06-18 01:15:48,067 - mainapp.logging_utils - INFO - [2025-06-18 01:15:48] get_documents: link: https://kabinet.dreamkas.ru/api/v1/documents?limit=5&filter[type]=7&filter[preset]=PAPER,DOCUMENTS&offset=None&filter[toAcceptedAt]=&filter[fromAcceptedAt]=
2025-06-18 01:15:48,068 - mainapp.logging_utils - INFO - [2025-06-18 01:15:48] Get request sent
2025-06-18 01:16:03,107 - mainapp.logging_utils - INFO - [2025-06-18 01:16:03] Unable to price invoice: https://kabinet.dreamkas.ru/app/#!/documents/card~2F85449229
2025-06-18 01:16:03,107 - mainapp.logging_utils - INFO - [2025-06-18 01:16:03] Unable to price invoice: https://kabinet.dreamkas.ru/app/#!/documents/card~2F86361445
2025-06-18 01:16:03,115 - mainapp.logging_utils - INFO - [2025-06-18 01:16:03] Updating_invoices, params: False, True, False, 10, 10, 100, 2025-06-18, None, True, True, None, True, True
2025-06-18 01:16:29,795 - mainapp.logging_utils - INFO - [2025-06-18 01:16:29] get_documents: link: https://kabinet.dreamkas.ru/api/v1/documents?limit=10&filter[type]=11&filter[preset]=PAPER,DOCUMENTS&offset=None&filter[toAcceptedAt]=&filter[fromAcceptedAt]=2025-06-18
2025-06-18 01:16:29,795 - mainapp.logging_utils - INFO - [2025-06-18 01:16:29] Get request sent
2025-06-18 01:16:31,951 - mainapp.logging_utils - INFO - [2025-06-18 01:16:31] Unable to price invoice: https://kabinet.dreamkas.ru/app/#!/documents/card~2F85449229
2025-06-18 01:16:31,952 - mainapp.logging_utils - INFO - [2025-06-18 01:16:31] Unable to price invoice: https://kabinet.dreamkas.ru/app/#!/documents/card~2F86361445
2025-06-18 01:17:31,965 - mainapp.logging_utils - INFO - [2025-06-18 01:17:31] Updating_invoices, params: True, True, True, 10, 10, 5, None, None, True, True, None, True, True
2025-06-18 01:17:58,110 - mainapp.logging_utils - INFO - [2025-06-18 01:17:58] get_documents: link: https://kabinet.dreamkas.ru/api/v1/documents?limit=10&filter[type]=5,13&filter[preset]=PAPER,DOCUMENTS&offset=None&filter[toAcceptedAt]=&filter[fromAcceptedAt]=
2025-06-18 01:17:58,110 - mainapp.logging_utils - INFO - [2025-06-18 01:17:58] Get request sent
2025-06-18 01:17:58,519 - mainapp.logging_utils - INFO - [2025-06-18 01:17:58] update_invoices: documents external fetched
2025-06-18 01:17:58,520 - mainapp.logging_utils - INFO - [2025-06-18 01:17:58] update_invoices: draft cleanup done
2025-06-18 01:17:58,613 - mainapp.logging_utils - INFO - [2025-06-18 01:17:58] update_invoices: invoices to create and update defined
2025-06-18 01:17:58,741 - mainapp.logging_utils - INFO - [2025-06-18 01:17:58] update_invoices: invoices to create and update prepared
2025-06-18 01:17:58,776 - mainapp.logging_utils - INFO - [2025-06-18 01:17:58] update_invoices: invoices created and updated
2025-06-18 01:17:58,776 - mainapp.logging_utils - INFO - [2025-06-18 01:17:58] update_invoices: getting positions
2025-06-18 01:17:58,777 - mainapp.logging_utils - INFO - [2025-06-18 01:17:58] Updating_invoices. Progress: 0 / 10
2025-06-18 01:17:58,986 - mainapp.logging_utils - INFO - [2025-06-18 01:17:58] Updating_invoices. Progress: 1 / 10
2025-06-18 01:17:59,112 - mainapp.logging_utils - INFO - [2025-06-18 01:17:59] Updating_invoices. Progress: 2 / 10
2025-06-18 01:17:59,528 - mainapp.logging_utils - INFO - [2025-06-18 01:17:59] Updating_invoices. Progress: 3 / 10
2025-06-18 01:18:00,376 - mainapp.logging_utils - INFO - [2025-06-18 01:18:00] Updating_invoices. Progress: 4 / 10
2025-06-18 01:18:00,522 - mainapp.logging_utils - INFO - [2025-06-18 01:18:00] Updating_invoices. Progress: 5 / 10
2025-06-18 01:18:00,706 - mainapp.logging_utils - INFO - [2025-06-18 01:18:00] Updating_invoices. Progress: 6 / 10
2025-06-18 01:18:01,050 - mainapp.logging_utils - INFO - [2025-06-18 01:18:01] Updating_invoices. Progress: 7 / 10
2025-06-18 01:18:01,382 - mainapp.logging_utils - INFO - [2025-06-18 01:18:01] Updating_invoices. Progress: 8 / 10
2025-06-18 01:18:01,921 - mainapp.logging_utils - INFO - [2025-06-18 01:18:01] Updating_invoices. Progress: 9 / 10
2025-06-18 01:18:02,067 - mainapp.logging_utils - INFO - [2025-06-18 01:18:02] update_invoices: positions to create and update defined
2025-06-18 01:18:02,193 - mainapp.logging_utils - INFO - [2025-06-18 01:18:02] get_documents: link: https://kabinet.dreamkas.ru/api/v1/documents?limit=10&filter[type]=11&filter[preset]=PAPER,DOCUMENTS&offset=None&filter[toAcceptedAt]=&filter[fromAcceptedAt]=
2025-06-18 01:18:02,194 - mainapp.logging_utils - INFO - [2025-06-18 01:18:02] Get request sent
2025-06-18 01:18:05,913 - mainapp.logging_utils - INFO - [2025-06-18 01:18:05] get_documents: link: https://kabinet.dreamkas.ru/api/v1/documents?limit=5&filter[type]=7&filter[preset]=PAPER,DOCUMENTS&offset=None&filter[toAcceptedAt]=&filter[fromAcceptedAt]=
2025-06-18 01:18:05,914 - mainapp.logging_utils - INFO - [2025-06-18 01:18:05] Get request sent
2025-06-18 01:18:20,815 - mainapp.logging_utils - INFO - [2025-06-18 01:18:20] Unable to price invoice: https://kabinet.dreamkas.ru/app/#!/documents/card~2F85449229
2025-06-18 01:18:20,815 - mainapp.logging_utils - INFO - [2025-06-18 01:18:20] Unable to price invoice: https://kabinet.dreamkas.ru/app/#!/documents/card~2F86361445
2025-06-18 01:18:20,823 - mainapp.logging_utils - INFO - [2025-06-18 01:18:20] Updating_invoices, params: False, True, False, 10, 10, 100, 2025-06-18, None, True, True, None, True, True
2025-06-18 01:18:47,080 - mainapp.logging_utils - INFO - [2025-06-18 01:18:47] get_documents: link: https://kabinet.dreamkas.ru/api/v1/documents?limit=10&filter[type]=11&filter[preset]=PAPER,DOCUMENTS&offset=None&filter[toAcceptedAt]=&filter[fromAcceptedAt]=2025-06-18
2025-06-18 01:18:47,080 - mainapp.logging_utils - INFO - [2025-06-18 01:18:47] Get request sent
2025-06-18 01:18:49,183 - mainapp.logging_utils - INFO - [2025-06-18 01:18:49] Unable to price invoice: https://kabinet.dreamkas.ru/app/#!/documents/card~2F85449229
2025-06-18 01:18:49,184 - mainapp.logging_utils - INFO - [2025-06-18 01:18:49] Unable to price invoice: https://kabinet.dreamkas.ru/app/#!/documents/card~2F86361445
2025-06-18 01:19:49,195 - mainapp.logging_utils - INFO - [2025-06-18 01:19:49] Updating_invoices, params: True, True, True, 10, 10, 5, None, None, True, True, None, True, True
2025-06-18 01:20:48,177 - mainapp.logging_utils - INFO - [2025-06-18 01:20:48] get_documents: link: https://kabinet.dreamkas.ru/api/v1/documents?limit=10&filter[type]=5,13&filter[preset]=PAPER,DOCUMENTS&offset=None&filter[toAcceptedAt]=&filter[fromAcceptedAt]=
2025-06-18 01:20:48,177 - mainapp.logging_utils - INFO - [2025-06-18 01:20:48] Get request sent
2025-06-18 01:20:48,718 - mainapp.logging_utils - INFO - [2025-06-18 01:20:48] update_invoices: documents external fetched
2025-06-18 01:20:48,719 - mainapp.logging_utils - INFO - [2025-06-18 01:20:48] update_invoices: draft cleanup done
2025-06-18 01:20:48,827 - mainapp.logging_utils - INFO - [2025-06-18 01:20:48] update_invoices: invoices to create and update defined
2025-06-18 01:20:49,013 - mainapp.logging_utils - INFO - [2025-06-18 01:20:49] update_invoices: invoices to create and update prepared
2025-06-18 01:20:49,061 - mainapp.logging_utils - INFO - [2025-06-18 01:20:49] update_invoices: invoices created and updated
2025-06-18 01:20:49,061 - mainapp.logging_utils - INFO - [2025-06-18 01:20:49] update_invoices: getting positions
2025-06-18 01:20:49,062 - mainapp.logging_utils - INFO - [2025-06-18 01:20:49] Updating_invoices. Progress: 0 / 10
2025-06-18 01:20:49,444 - mainapp.logging_utils - INFO - [2025-06-18 01:20:49] Updating_invoices. Progress: 1 / 10
2025-06-18 01:20:49,566 - mainapp.logging_utils - INFO - [2025-06-18 01:20:49] Updating_invoices. Progress: 2 / 10
2025-06-18 01:20:49,978 - mainapp.logging_utils - INFO - [2025-06-18 01:20:49] Updating_invoices. Progress: 3 / 10
2025-06-18 01:20:50,873 - mainapp.logging_utils - INFO - [2025-06-18 01:20:50] Updating_invoices. Progress: 4 / 10
2025-06-18 01:20:51,011 - mainapp.logging_utils - INFO - [2025-06-18 01:20:51] Updating_invoices. Progress: 5 / 10
2025-06-18 01:20:51,191 - mainapp.logging_utils - INFO - [2025-06-18 01:20:51] Updating_invoices. Progress: 6 / 10
2025-06-18 01:20:51,556 - mainapp.logging_utils - INFO - [2025-06-18 01:20:51] Updating_invoices. Progress: 7 / 10
2025-06-18 01:20:51,898 - mainapp.logging_utils - INFO - [2025-06-18 01:20:51] Updating_invoices. Progress: 8 / 10
2025-06-18 01:20:52,469 - mainapp.logging_utils - INFO - [2025-06-18 01:20:52] Updating_invoices. Progress: 9 / 10
2025-06-18 01:20:52,627 - mainapp.logging_utils - INFO - [2025-06-18 01:20:52] update_invoices: positions to create and update defined
2025-06-18 01:20:52,757 - mainapp.logging_utils - INFO - [2025-06-18 01:20:52] get_documents: link: https://kabinet.dreamkas.ru/api/v1/documents?limit=10&filter[type]=11&filter[preset]=PAPER,DOCUMENTS&offset=None&filter[toAcceptedAt]=&filter[fromAcceptedAt]=
2025-06-18 01:20:52,757 - mainapp.logging_utils - INFO - [2025-06-18 01:20:52] Get request sent
2025-06-18 01:20:56,563 - mainapp.logging_utils - INFO - [2025-06-18 01:20:56] get_documents: link: https://kabinet.dreamkas.ru/api/v1/documents?limit=5&filter[type]=7&filter[preset]=PAPER,DOCUMENTS&offset=None&filter[toAcceptedAt]=&filter[fromAcceptedAt]=
2025-06-18 01:20:56,563 - mainapp.logging_utils - INFO - [2025-06-18 01:20:56] Get request sent
2025-06-18 01:21:12,573 - mainapp.logging_utils - INFO - [2025-06-18 01:21:12] Unable to price invoice: https://kabinet.dreamkas.ru/app/#!/documents/card~2F85449229
2025-06-18 01:21:12,573 - mainapp.logging_utils - INFO - [2025-06-18 01:21:12] Unable to price invoice: https://kabinet.dreamkas.ru/app/#!/documents/card~2F86361445
2025-06-18 01:21:12,585 - mainapp.logging_utils - INFO - [2025-06-18 01:21:12] Updating_invoices, params: False, True, False, 10, 10, 100, 2025-06-18, None, True, True, None, True, True
2025-06-18 01:21:43,154 - mainapp.logging_utils - INFO - [2025-06-18 01:21:43] get_documents: link: https://kabinet.dreamkas.ru/api/v1/documents?limit=10&filter[type]=11&filter[preset]=PAPER,DOCUMENTS&offset=None&filter[toAcceptedAt]=&filter[fromAcceptedAt]=2025-06-18
2025-06-18 01:21:43,154 - mainapp.logging_utils - INFO - [2025-06-18 01:21:43] Get request sent
2025-06-18 01:21:45,438 - mainapp.logging_utils - INFO - [2025-06-18 01:21:45] Unable to price invoice: https://kabinet.dreamkas.ru/app/#!/documents/card~2F85449229
2025-06-18 01:21:45,438 - mainapp.logging_utils - INFO - [2025-06-18 01:21:45] Unable to price invoice: https://kabinet.dreamkas.ru/app/#!/documents/card~2F86361445
2025-06-18 01:22:45,449 - mainapp.logging_utils - INFO - [2025-06-18 01:22:45] Updating_invoices, params: True, True, True, 10, 10, 5, None, None, True, True, None, True, True
2025-06-18 01:23:13,529 - mainapp.logging_utils - INFO - [2025-06-18 01:23:13] get_documents: link: https://kabinet.dreamkas.ru/api/v1/documents?limit=10&filter[type]=5,13&filter[preset]=PAPER,DOCUMENTS&offset=None&filter[toAcceptedAt]=&filter[fromAcceptedAt]=
2025-06-18 01:23:13,530 - mainapp.logging_utils - INFO - [2025-06-18 01:23:13] Get request sent
2025-06-18 01:23:14,082 - mainapp.logging_utils - INFO - [2025-06-18 01:23:14] update_invoices: documents external fetched
2025-06-18 01:23:14,084 - mainapp.logging_utils - INFO - [2025-06-18 01:23:14] update_invoices: draft cleanup done
2025-06-18 01:23:14,201 - mainapp.logging_utils - INFO - [2025-06-18 01:23:14] update_invoices: invoices to create and update defined
2025-06-18 01:23:14,361 - mainapp.logging_utils - INFO - [2025-06-18 01:23:14] update_invoices: invoices to create and update prepared
2025-06-18 01:23:14,412 - mainapp.logging_utils - INFO - [2025-06-18 01:23:14] update_invoices: invoices created and updated
2025-06-18 01:23:14,413 - mainapp.logging_utils - INFO - [2025-06-18 01:23:14] update_invoices: getting positions
2025-06-18 01:23:14,413 - mainapp.logging_utils - INFO - [2025-06-18 01:23:14] Updating_invoices. Progress: 0 / 10
2025-06-18 01:23:14,647 - mainapp.logging_utils - INFO - [2025-06-18 01:23:14] Updating_invoices. Progress: 1 / 10
2025-06-18 01:23:14,772 - mainapp.logging_utils - INFO - [2025-06-18 01:23:14] Updating_invoices. Progress: 2 / 10
2025-06-18 01:23:15,167 - mainapp.logging_utils - INFO - [2025-06-18 01:23:15] Updating_invoices. Progress: 3 / 10
2025-06-18 01:23:15,991 - mainapp.logging_utils - INFO - [2025-06-18 01:23:15] Updating_invoices. Progress: 4 / 10
2025-06-18 01:23:16,116 - mainapp.logging_utils - INFO - [2025-06-18 01:23:16] Updating_invoices. Progress: 5 / 10
2025-06-18 01:23:16,288 - mainapp.logging_utils - INFO - [2025-06-18 01:23:16] Updating_invoices. Progress: 6 / 10
2025-06-18 01:23:16,633 - mainapp.logging_utils - INFO - [2025-06-18 01:23:16] Updating_invoices. Progress: 7 / 10
2025-06-18 01:23:16,977 - mainapp.logging_utils - INFO - [2025-06-18 01:23:16] Updating_invoices. Progress: 8 / 10
2025-06-18 01:23:17,560 - mainapp.logging_utils - INFO - [2025-06-18 01:23:17] Updating_invoices. Progress: 9 / 10
2025-06-18 01:23:17,708 - mainapp.logging_utils - INFO - [2025-06-18 01:23:17] update_invoices: positions to create and update defined
2025-06-18 01:23:17,836 - mainapp.logging_utils - INFO - [2025-06-18 01:23:17] get_documents: link: https://kabinet.dreamkas.ru/api/v1/documents?limit=10&filter[type]=11&filter[preset]=PAPER,DOCUMENTS&offset=None&filter[toAcceptedAt]=&filter[fromAcceptedAt]=
2025-06-18 01:23:17,837 - mainapp.logging_utils - INFO - [2025-06-18 01:23:17] Get request sent
2025-06-18 01:23:21,686 - mainapp.logging_utils - INFO - [2025-06-18 01:23:21] get_documents: link: https://kabinet.dreamkas.ru/api/v1/documents?limit=5&filter[type]=7&filter[preset]=PAPER,DOCUMENTS&offset=None&filter[toAcceptedAt]=&filter[fromAcceptedAt]=
2025-06-18 01:23:21,686 - mainapp.logging_utils - INFO - [2025-06-18 01:23:21] Get request sent
2025-06-18 01:23:37,244 - mainapp.logging_utils - INFO - [2025-06-18 01:23:37] Unable to price invoice: https://kabinet.dreamkas.ru/app/#!/documents/card~2F85449229
2025-06-18 01:23:37,244 - mainapp.logging_utils - INFO - [2025-06-18 01:23:37] Unable to price invoice: https://kabinet.dreamkas.ru/app/#!/documents/card~2F86361445
2025-06-18 01:23:37,253 - mainapp.logging_utils - INFO - [2025-06-18 01:23:37] Updating_invoices, params: False, True, False, 10, 10, 100, 2025-06-18, None, True, True, None, True, True
2025-06-18 01:24:04,636 - mainapp.logging_utils - INFO - [2025-06-18 01:24:04] get_documents: link: https://kabinet.dreamkas.ru/api/v1/documents?limit=10&filter[type]=11&filter[preset]=PAPER,DOCUMENTS&offset=None&filter[toAcceptedAt]=&filter[fromAcceptedAt]=2025-06-18
2025-06-18 01:24:04,636 - mainapp.logging_utils - INFO - [2025-06-18 01:24:04] Get request sent
2025-06-18 01:24:07,108 - mainapp.logging_utils - INFO - [2025-06-18 01:24:07] Unable to price invoice: https://kabinet.dreamkas.ru/app/#!/documents/card~2F85449229
2025-06-18 01:24:07,108 - mainapp.logging_utils - INFO - [2025-06-18 01:24:07] Unable to price invoice: https://kabinet.dreamkas.ru/app/#!/documents/card~2F86361445
2025-06-18 01:25:07,122 - mainapp.logging_utils - INFO - [2025-06-18 01:25:07] Updating_invoices, params: True, True, True, 10, 10, 5, None, None, True, True, None, True, True
2025-06-18 01:25:59,221 - mainapp.logging_utils - INFO - [2025-06-18 01:25:59] get_documents: link: https://kabinet.dreamkas.ru/api/v1/documents?limit=10&filter[type]=5,13&filter[preset]=PAPER,DOCUMENTS&offset=None&filter[toAcceptedAt]=&filter[fromAcceptedAt]=
2025-06-18 01:25:59,221 - mainapp.logging_utils - INFO - [2025-06-18 01:25:59] Get request sent
2025-06-18 01:25:59,730 - mainapp.logging_utils - INFO - [2025-06-18 01:25:59] update_invoices: documents external fetched
2025-06-18 01:25:59,731 - mainapp.logging_utils - INFO - [2025-06-18 01:25:59] update_invoices: draft cleanup done
2025-06-18 01:25:59,826 - mainapp.logging_utils - INFO - [2025-06-18 01:25:59] update_invoices: invoices to create and update defined
2025-06-18 01:25:59,953 - mainapp.logging_utils - INFO - [2025-06-18 01:25:59] update_invoices: invoices to create and update prepared
2025-06-18 01:25:59,989 - mainapp.logging_utils - INFO - [2025-06-18 01:25:59] update_invoices: invoices created and updated
2025-06-18 01:25:59,989 - mainapp.logging_utils - INFO - [2025-06-18 01:25:59] update_invoices: getting positions
2025-06-18 01:25:59,989 - mainapp.logging_utils - INFO - [2025-06-18 01:25:59] Updating_invoices. Progress: 0 / 10
2025-06-18 01:26:00,219 - mainapp.logging_utils - INFO - [2025-06-18 01:26:00] Updating_invoices. Progress: 1 / 10
2025-06-18 01:26:00,368 - mainapp.logging_utils - INFO - [2025-06-18 01:26:00] Updating_invoices. Progress: 2 / 10
2025-06-18 01:26:00,833 - mainapp.logging_utils - INFO - [2025-06-18 01:26:00] Updating_invoices. Progress: 3 / 10
2025-06-18 01:26:01,799 - mainapp.logging_utils - INFO - [2025-06-18 01:26:01] Updating_invoices. Progress: 4 / 10
2025-06-18 01:26:01,922 - mainapp.logging_utils - INFO - [2025-06-18 01:26:01] Updating_invoices. Progress: 5 / 10
2025-06-18 01:26:02,093 - mainapp.logging_utils - INFO - [2025-06-18 01:26:02] Updating_invoices. Progress: 6 / 10
2025-06-18 01:26:02,458 - mainapp.logging_utils - INFO - [2025-06-18 01:26:02] Updating_invoices. Progress: 7 / 10
2025-06-18 01:26:02,814 - mainapp.logging_utils - INFO - [2025-06-18 01:26:02] Updating_invoices. Progress: 8 / 10
2025-06-18 01:26:03,371 - mainapp.logging_utils - INFO - [2025-06-18 01:26:03] Updating_invoices. Progress: 9 / 10
2025-06-18 01:26:03,547 - mainapp.logging_utils - INFO - [2025-06-18 01:26:03] update_invoices: positions to create and update defined
2025-06-18 01:26:03,677 - mainapp.logging_utils - INFO - [2025-06-18 01:26:03] get_documents: link: https://kabinet.dreamkas.ru/api/v1/documents?limit=10&filter[type]=11&filter[preset]=PAPER,DOCUMENTS&offset=None&filter[toAcceptedAt]=&filter[fromAcceptedAt]=
2025-06-18 01:26:03,678 - mainapp.logging_utils - INFO - [2025-06-18 01:26:03] Get request sent
2025-06-18 01:26:07,237 - mainapp.logging_utils - INFO - [2025-06-18 01:26:07] get_documents: link: https://kabinet.dreamkas.ru/api/v1/documents?limit=5&filter[type]=7&filter[preset]=PAPER,DOCUMENTS&offset=None&filter[toAcceptedAt]=&filter[fromAcceptedAt]=
2025-06-18 01:26:07,238 - mainapp.logging_utils - INFO - [2025-06-18 01:26:07] Get request sent
2025-06-18 01:26:23,159 - mainapp.logging_utils - INFO - [2025-06-18 01:26:23] Unable to price invoice: https://kabinet.dreamkas.ru/app/#!/documents/card~2F85449229
2025-06-18 01:26:23,159 - mainapp.logging_utils - INFO - [2025-06-18 01:26:23] Unable to price invoice: https://kabinet.dreamkas.ru/app/#!/documents/card~2F86361445
2025-06-18 01:26:23,167 - mainapp.logging_utils - INFO - [2025-06-18 01:26:23] Updating_invoices, params: False, True, False, 10, 10, 100, 2025-06-18, None, True, True, None, True, True
2025-06-18 01:26:51,064 - mainapp.logging_utils - INFO - [2025-06-18 01:26:51] get_documents: link: https://kabinet.dreamkas.ru/api/v1/documents?limit=10&filter[type]=11&filter[preset]=PAPER,DOCUMENTS&offset=None&filter[toAcceptedAt]=&filter[fromAcceptedAt]=2025-06-18
2025-06-18 01:26:51,065 - mainapp.logging_utils - INFO - [2025-06-18 01:26:51] Get request sent
2025-06-18 01:26:53,137 - mainapp.logging_utils - INFO - [2025-06-18 01:26:53] Unable to price invoice: https://kabinet.dreamkas.ru/app/#!/documents/card~2F85449229
2025-06-18 01:26:53,137 - mainapp.logging_utils - INFO - [2025-06-18 01:26:53] Unable to price invoice: https://kabinet.dreamkas.ru/app/#!/documents/card~2F86361445
2025-06-18 01:27:53,149 - mainapp.logging_utils - INFO - [2025-06-18 01:27:53] Updating_invoices, params: True, True, True, 10, 10, 5, None, None, True, True, None, True, True
2025-06-18 01:28:19,785 - mainapp.logging_utils - INFO - [2025-06-18 01:28:19] get_documents: link: https://kabinet.dreamkas.ru/api/v1/documents?limit=10&filter[type]=5,13&filter[preset]=PAPER,DOCUMENTS&offset=None&filter[toAcceptedAt]=&filter[fromAcceptedAt]=
2025-06-18 01:28:19,785 - mainapp.logging_utils - INFO - [2025-06-18 01:28:19] Get request sent
2025-06-18 01:28:20,182 - mainapp.logging_utils - INFO - [2025-06-18 01:28:20] update_invoices: documents external fetched
2025-06-18 01:28:20,183 - mainapp.logging_utils - INFO - [2025-06-18 01:28:20] update_invoices: draft cleanup done
2025-06-18 01:28:20,281 - mainapp.logging_utils - INFO - [2025-06-18 01:28:20] update_invoices: invoices to create and update defined
2025-06-18 01:28:20,418 - mainapp.logging_utils - INFO - [2025-06-18 01:28:20] update_invoices: invoices to create and update prepared
2025-06-18 01:28:20,455 - mainapp.logging_utils - INFO - [2025-06-18 01:28:20] update_invoices: invoices created and updated
2025-06-18 01:28:20,455 - mainapp.logging_utils - INFO - [2025-06-18 01:28:20] update_invoices: getting positions
2025-06-18 01:28:20,456 - mainapp.logging_utils - INFO - [2025-06-18 01:28:20] Updating_invoices. Progress: 0 / 10
2025-06-18 01:28:20,664 - mainapp.logging_utils - INFO - [2025-06-18 01:28:20] Updating_invoices. Progress: 1 / 10
2025-06-18 01:28:20,787 - mainapp.logging_utils - INFO - [2025-06-18 01:28:20] Updating_invoices. Progress: 2 / 10
2025-06-18 01:28:21,215 - mainapp.logging_utils - INFO - [2025-06-18 01:28:21] Updating_invoices. Progress: 3 / 10
2025-06-18 01:28:22,074 - mainapp.logging_utils - INFO - [2025-06-18 01:28:22] Updating_invoices. Progress: 4 / 10
2025-06-18 01:28:22,212 - mainapp.logging_utils - INFO - [2025-06-18 01:28:22] Updating_invoices. Progress: 5 / 10
2025-06-18 01:28:22,397 - mainapp.logging_utils - INFO - [2025-06-18 01:28:22] Updating_invoices. Progress: 6 / 10
2025-06-18 01:28:22,755 - mainapp.logging_utils - INFO - [2025-06-18 01:28:22] Updating_invoices. Progress: 7 / 10
2025-06-18 01:28:23,092 - mainapp.logging_utils - INFO - [2025-06-18 01:28:23] Updating_invoices. Progress: 8 / 10
2025-06-18 01:28:23,651 - mainapp.logging_utils - INFO - [2025-06-18 01:28:23] Updating_invoices. Progress: 9 / 10
2025-06-18 01:28:23,814 - mainapp.logging_utils - INFO - [2025-06-18 01:28:23] update_invoices: positions to create and update defined
2025-06-18 01:28:23,949 - mainapp.logging_utils - INFO - [2025-06-18 01:28:23] get_documents: link: https://kabinet.dreamkas.ru/api/v1/documents?limit=10&filter[type]=11&filter[preset]=PAPER,DOCUMENTS&offset=None&filter[toAcceptedAt]=&filter[fromAcceptedAt]=
2025-06-18 01:28:23,949 - mainapp.logging_utils - INFO - [2025-06-18 01:28:23] Get request sent
2025-06-18 01:28:27,681 - mainapp.logging_utils - INFO - [2025-06-18 01:28:27] get_documents: link: https://kabinet.dreamkas.ru/api/v1/documents?limit=5&filter[type]=7&filter[preset]=PAPER,DOCUMENTS&offset=None&filter[toAcceptedAt]=&filter[fromAcceptedAt]=
2025-06-18 01:28:27,681 - mainapp.logging_utils - INFO - [2025-06-18 01:28:27] Get request sent
2025-06-18 01:28:42,816 - mainapp.logging_utils - INFO - [2025-06-18 01:28:42] Unable to price invoice: https://kabinet.dreamkas.ru/app/#!/documents/card~2F85449229
2025-06-18 01:28:42,816 - mainapp.logging_utils - INFO - [2025-06-18 01:28:42] Unable to price invoice: https://kabinet.dreamkas.ru/app/#!/documents/card~2F86361445
2025-06-18 01:28:42,824 - mainapp.logging_utils - INFO - [2025-06-18 01:28:42] Updating_invoices, params: False, True, False, 10, 10, 100, 2025-06-18, None, True, True, None, True, True
2025-06-18 01:29:09,095 - mainapp.logging_utils - INFO - [2025-06-18 01:29:09] get_documents: link: https://kabinet.dreamkas.ru/api/v1/documents?limit=10&filter[type]=11&filter[preset]=PAPER,DOCUMENTS&offset=None&filter[toAcceptedAt]=&filter[fromAcceptedAt]=2025-06-18
2025-06-18 01:29:09,095 - mainapp.logging_utils - INFO - [2025-06-18 01:29:09] Get request sent
2025-06-18 01:29:11,352 - mainapp.logging_utils - INFO - [2025-06-18 01:29:11] Unable to price invoice: https://kabinet.dreamkas.ru/app/#!/documents/card~2F85449229
2025-06-18 01:29:11,352 - mainapp.logging_utils - INFO - [2025-06-18 01:29:11] Unable to price invoice: https://kabinet.dreamkas.ru/app/#!/documents/card~2F86361445
2025-06-18 01:30:11,366 - mainapp.logging_utils - INFO - [2025-06-18 01:30:11] Updating_invoices, params: True, True, True, 10, 10, 5, None, None, True, True, None, True, True
2025-06-18 01:30:45,275 - mainapp.logging_utils - INFO - [2025-06-18 01:30:45] get_documents: link: https://kabinet.dreamkas.ru/api/v1/documents?limit=10&filter[type]=5,13&filter[preset]=PAPER,DOCUMENTS&offset=None&filter[toAcceptedAt]=&filter[fromAcceptedAt]=
2025-06-18 01:30:45,275 - mainapp.logging_utils - INFO - [2025-06-18 01:30:45] Get request sent
2025-06-18 01:30:45,788 - mainapp.logging_utils - INFO - [2025-06-18 01:30:45] update_invoices: documents external fetched
2025-06-18 01:30:45,789 - mainapp.logging_utils - INFO - [2025-06-18 01:30:45] update_invoices: draft cleanup done
2025-06-18 01:30:45,948 - mainapp.logging_utils - INFO - [2025-06-18 01:30:45] update_invoices: invoices to create and update defined
2025-06-18 01:30:46,090 - mainapp.logging_utils - INFO - [2025-06-18 01:30:46] update_invoices: invoices to create and update prepared
2025-06-18 01:30:46,129 - mainapp.logging_utils - INFO - [2025-06-18 01:30:46] update_invoices: invoices created and updated
2025-06-18 01:30:46,129 - mainapp.logging_utils - INFO - [2025-06-18 01:30:46] update_invoices: getting positions
2025-06-18 01:30:46,130 - mainapp.logging_utils - INFO - [2025-06-18 01:30:46] Updating_invoices. Progress: 0 / 10
2025-06-18 01:30:46,350 - mainapp.logging_utils - INFO - [2025-06-18 01:30:46] Updating_invoices. Progress: 1 / 10
2025-06-18 01:30:46,469 - mainapp.logging_utils - INFO - [2025-06-18 01:30:46] Updating_invoices. Progress: 2 / 10
2025-06-18 01:30:46,864 - mainapp.logging_utils - INFO - [2025-06-18 01:30:46] Updating_invoices. Progress: 3 / 10
2025-06-18 01:30:47,714 - mainapp.logging_utils - INFO - [2025-06-18 01:30:47] Updating_invoices. Progress: 4 / 10
2025-06-18 01:30:47,874 - mainapp.logging_utils - INFO - [2025-06-18 01:30:47] Updating_invoices. Progress: 5 / 10
2025-06-18 01:30:48,047 - mainapp.logging_utils - INFO - [2025-06-18 01:30:48] Updating_invoices. Progress: 6 / 10
2025-06-18 01:30:48,390 - mainapp.logging_utils - INFO - [2025-06-18 01:30:48] Updating_invoices. Progress: 7 / 10
2025-06-18 01:30:48,718 - mainapp.logging_utils - INFO - [2025-06-18 01:30:48] Updating_invoices. Progress: 8 / 10
2025-06-18 01:30:49,250 - mainapp.logging_utils - INFO - [2025-06-18 01:30:49] Updating_invoices. Progress: 9 / 10
2025-06-18 01:30:49,402 - mainapp.logging_utils - INFO - [2025-06-18 01:30:49] update_invoices: positions to create and update defined
2025-06-18 01:30:49,604 - mainapp.logging_utils - INFO - [2025-06-18 01:30:49] get_documents: link: https://kabinet.dreamkas.ru/api/v1/documents?limit=10&filter[type]=11&filter[preset]=PAPER,DOCUMENTS&offset=None&filter[toAcceptedAt]=&filter[fromAcceptedAt]=
2025-06-18 01:30:49,604 - mainapp.logging_utils - INFO - [2025-06-18 01:30:49] Get request sent
2025-06-18 01:30:53,380 - mainapp.logging_utils - INFO - [2025-06-18 01:30:53] get_documents: link: https://kabinet.dreamkas.ru/api/v1/documents?limit=5&filter[type]=7&filter[preset]=PAPER,DOCUMENTS&offset=None&filter[toAcceptedAt]=&filter[fromAcceptedAt]=
2025-06-18 01:30:53,380 - mainapp.logging_utils - INFO - [2025-06-18 01:30:53] Get request sent
2025-06-18 01:31:08,798 - mainapp.logging_utils - INFO - [2025-06-18 01:31:08] Unable to price invoice: https://kabinet.dreamkas.ru/app/#!/documents/card~2F85449229
2025-06-18 01:31:08,799 - mainapp.logging_utils - INFO - [2025-06-18 01:31:08] Unable to price invoice: https://kabinet.dreamkas.ru/app/#!/documents/card~2F86361445
2025-06-18 01:31:08,806 - mainapp.logging_utils - INFO - [2025-06-18 01:31:08] Updating_invoices, params: False, True, False, 10, 10, 100, 2025-06-18, None, True, True, None, True, True
2025-06-18 01:31:35,591 - mainapp.logging_utils - INFO - [2025-06-18 01:31:35] get_documents: link: https://kabinet.dreamkas.ru/api/v1/documents?limit=10&filter[type]=11&filter[preset]=PAPER,DOCUMENTS&offset=None&filter[toAcceptedAt]=&filter[fromAcceptedAt]=2025-06-18
2025-06-18 01:31:35,591 - mainapp.logging_utils - INFO - [2025-06-18 01:31:35] Get request sent
2025-06-18 01:31:37,819 - mainapp.logging_utils - INFO - [2025-06-18 01:31:37] Unable to price invoice: https://kabinet.dreamkas.ru/app/#!/documents/card~2F85449229
2025-06-18 01:31:37,819 - mainapp.logging_utils - INFO - [2025-06-18 01:31:37] Unable to price invoice: https://kabinet.dreamkas.ru/app/#!/documents/card~2F86361445
2025-06-18 01:32:37,831 - mainapp.logging_utils - INFO - [2025-06-18 01:32:37] Updating_invoices, params: True, True, True, 10, 10, 5, None, None, True, True, None, True, True
2025-06-18 01:33:04,369 - mainapp.logging_utils - INFO - [2025-06-18 01:33:04] get_documents: link: https://kabinet.dreamkas.ru/api/v1/documents?limit=10&filter[type]=5,13&filter[preset]=PAPER,DOCUMENTS&offset=None&filter[toAcceptedAt]=&filter[fromAcceptedAt]=
2025-06-18 01:33:04,370 - mainapp.logging_utils - INFO - [2025-06-18 01:33:04] Get request sent
2025-06-18 01:33:04,755 - mainapp.logging_utils - INFO - [2025-06-18 01:33:04] update_invoices: documents external fetched
2025-06-18 01:33:04,756 - mainapp.logging_utils - INFO - [2025-06-18 01:33:04] update_invoices: draft cleanup done
2025-06-18 01:33:04,853 - mainapp.logging_utils - INFO - [2025-06-18 01:33:04] update_invoices: invoices to create and update defined
2025-06-18 01:33:04,988 - mainapp.logging_utils - INFO - [2025-06-18 01:33:04] update_invoices: invoices to create and update prepared
2025-06-18 01:33:05,023 - mainapp.logging_utils - INFO - [2025-06-18 01:33:05] update_invoices: invoices created and updated
2025-06-18 01:33:05,023 - mainapp.logging_utils - INFO - [2025-06-18 01:33:05] update_invoices: getting positions
2025-06-18 01:33:05,024 - mainapp.logging_utils - INFO - [2025-06-18 01:33:05] Updating_invoices. Progress: 0 / 10
2025-06-18 01:33:05,238 - mainapp.logging_utils - INFO - [2025-06-18 01:33:05] Updating_invoices. Progress: 1 / 10
2025-06-18 01:33:05,360 - mainapp.logging_utils - INFO - [2025-06-18 01:33:05] Updating_invoices. Progress: 2 / 10
2025-06-18 01:33:05,756 - mainapp.logging_utils - INFO - [2025-06-18 01:33:05] Updating_invoices. Progress: 3 / 10
2025-06-18 01:33:06,604 - mainapp.logging_utils - INFO - [2025-06-18 01:33:06] Updating_invoices. Progress: 4 / 10
2025-06-18 01:33:06,730 - mainapp.logging_utils - INFO - [2025-06-18 01:33:06] Updating_invoices. Progress: 5 / 10
2025-06-18 01:33:06,899 - mainapp.logging_utils - INFO - [2025-06-18 01:33:06] Updating_invoices. Progress: 6 / 10
2025-06-18 01:33:07,245 - mainapp.logging_utils - INFO - [2025-06-18 01:33:07] Updating_invoices. Progress: 7 / 10
2025-06-18 01:33:07,629 - mainapp.logging_utils - INFO - [2025-06-18 01:33:07] Updating_invoices. Progress: 8 / 10
2025-06-18 01:33:08,174 - mainapp.logging_utils - INFO - [2025-06-18 01:33:08] Updating_invoices. Progress: 9 / 10
2025-06-18 01:33:08,321 - mainapp.logging_utils - INFO - [2025-06-18 01:33:08] update_invoices: positions to create and update defined
2025-06-18 01:33:08,448 - mainapp.logging_utils - INFO - [2025-06-18 01:33:08] get_documents: link: https://kabinet.dreamkas.ru/api/v1/documents?limit=10&filter[type]=11&filter[preset]=PAPER,DOCUMENTS&offset=None&filter[toAcceptedAt]=&filter[fromAcceptedAt]=
2025-06-18 01:33:08,448 - mainapp.logging_utils - INFO - [2025-06-18 01:33:08] Get request sent
2025-06-18 01:33:12,261 - mainapp.logging_utils - INFO - [2025-06-18 01:33:12] get_documents: link: https://kabinet.dreamkas.ru/api/v1/documents?limit=5&filter[type]=7&filter[preset]=PAPER,DOCUMENTS&offset=None&filter[toAcceptedAt]=&filter[fromAcceptedAt]=
2025-06-18 01:33:12,262 - mainapp.logging_utils - INFO - [2025-06-18 01:33:12] Get request sent
2025-06-18 01:33:27,786 - mainapp.logging_utils - INFO - [2025-06-18 01:33:27] Unable to price invoice: https://kabinet.dreamkas.ru/app/#!/documents/card~2F85449229
2025-06-18 01:33:27,786 - mainapp.logging_utils - INFO - [2025-06-18 01:33:27] Unable to price invoice: https://kabinet.dreamkas.ru/app/#!/documents/card~2F86361445
2025-06-18 01:33:27,795 - mainapp.logging_utils - INFO - [2025-06-18 01:33:27] Updating_invoices, params: False, True, False, 10, 10, 100, 2025-06-18, None, True, True, None, True, True
2025-06-18 01:33:54,447 - mainapp.logging_utils - INFO - [2025-06-18 01:33:54] get_documents: link: https://kabinet.dreamkas.ru/api/v1/documents?limit=10&filter[type]=11&filter[preset]=PAPER,DOCUMENTS&offset=None&filter[toAcceptedAt]=&filter[fromAcceptedAt]=2025-06-18
2025-06-18 01:33:54,447 - mainapp.logging_utils - INFO - [2025-06-18 01:33:54] Get request sent
2025-06-18 01:33:56,518 - mainapp.logging_utils - INFO - [2025-06-18 01:33:56] Unable to price invoice: https://kabinet.dreamkas.ru/app/#!/documents/card~2F85449229
2025-06-18 01:33:56,518 - mainapp.logging_utils - INFO - [2025-06-18 01:33:56] Unable to price invoice: https://kabinet.dreamkas.ru/app/#!/documents/card~2F86361445
2025-06-18 01:34:56,531 - mainapp.logging_utils - INFO - [2025-06-18 01:34:56] Updating_invoices, params: True, True, True, 10, 10, 5, None, None, True, True, None, True, True
2025-06-18 01:35:22,732 - mainapp.logging_utils - INFO - [2025-06-18 01:35:22] get_documents: link: https://kabinet.dreamkas.ru/api/v1/documents?limit=10&filter[type]=5,13&filter[preset]=PAPER,DOCUMENTS&offset=None&filter[toAcceptedAt]=&filter[fromAcceptedAt]=
2025-06-18 01:35:22,733 - mainapp.logging_utils - INFO - [2025-06-18 01:35:22] Get request sent
2025-06-18 01:35:23,183 - mainapp.logging_utils - INFO - [2025-06-18 01:35:23] update_invoices: documents external fetched
2025-06-18 01:35:23,184 - mainapp.logging_utils - INFO - [2025-06-18 01:35:23] update_invoices: draft cleanup done
2025-06-18 01:35:23,275 - mainapp.logging_utils - INFO - [2025-06-18 01:35:23] update_invoices: invoices to create and update defined
2025-06-18 01:35:23,399 - mainapp.logging_utils - INFO - [2025-06-18 01:35:23] update_invoices: invoices to create and update prepared
2025-06-18 01:35:23,435 - mainapp.logging_utils - INFO - [2025-06-18 01:35:23] update_invoices: invoices created and updated
2025-06-18 01:35:23,435 - mainapp.logging_utils - INFO - [2025-06-18 01:35:23] update_invoices: getting positions
2025-06-18 01:35:23,436 - mainapp.logging_utils - INFO - [2025-06-18 01:35:23] Updating_invoices. Progress: 0 / 10
2025-06-18 01:35:23,643 - mainapp.logging_utils - INFO - [2025-06-18 01:35:23] Updating_invoices. Progress: 1 / 10
2025-06-18 01:35:23,767 - mainapp.logging_utils - INFO - [2025-06-18 01:35:23] Updating_invoices. Progress: 2 / 10
2025-06-18 01:35:24,158 - mainapp.logging_utils - INFO - [2025-06-18 01:35:24] Updating_invoices. Progress: 3 / 10
2025-06-18 01:35:24,988 - mainapp.logging_utils - INFO - [2025-06-18 01:35:24] Updating_invoices. Progress: 4 / 10
2025-06-18 01:35:25,109 - mainapp.logging_utils - INFO - [2025-06-18 01:35:25] Updating_invoices. Progress: 5 / 10
2025-06-18 01:35:25,283 - mainapp.logging_utils - INFO - [2025-06-18 01:35:25] Updating_invoices. Progress: 6 / 10
2025-06-18 01:35:25,630 - mainapp.logging_utils - INFO - [2025-06-18 01:35:25] Updating_invoices. Progress: 7 / 10
2025-06-18 01:35:25,959 - mainapp.logging_utils - INFO - [2025-06-18 01:35:25] Updating_invoices. Progress: 8 / 10
2025-06-18 01:35:26,498 - mainapp.logging_utils - INFO - [2025-06-18 01:35:26] Updating_invoices. Progress: 9 / 10
2025-06-18 01:35:26,651 - mainapp.logging_utils - INFO - [2025-06-18 01:35:26] update_invoices: positions to create and update defined
2025-06-18 01:35:26,779 - mainapp.logging_utils - INFO - [2025-06-18 01:35:26] get_documents: link: https://kabinet.dreamkas.ru/api/v1/documents?limit=10&filter[type]=11&filter[preset]=PAPER,DOCUMENTS&offset=None&filter[toAcceptedAt]=&filter[fromAcceptedAt]=
2025-06-18 01:35:26,779 - mainapp.logging_utils - INFO - [2025-06-18 01:35:26] Get request sent
2025-06-18 01:35:30,293 - mainapp.logging_utils - INFO - [2025-06-18 01:35:30] get_documents: link: https://kabinet.dreamkas.ru/api/v1/documents?limit=5&filter[type]=7&filter[preset]=PAPER,DOCUMENTS&offset=None&filter[toAcceptedAt]=&filter[fromAcceptedAt]=
2025-06-18 01:35:30,293 - mainapp.logging_utils - INFO - [2025-06-18 01:35:30] Get request sent
2025-06-18 01:35:45,075 - mainapp.logging_utils - INFO - [2025-06-18 01:35:45] Unable to price invoice: https://kabinet.dreamkas.ru/app/#!/documents/card~2F85449229
2025-06-18 01:35:45,075 - mainapp.logging_utils - INFO - [2025-06-18 01:35:45] Unable to price invoice: https://kabinet.dreamkas.ru/app/#!/documents/card~2F86361445
2025-06-18 01:35:45,085 - mainapp.logging_utils - INFO - [2025-06-18 01:35:45] Updating_invoices, params: False, True, False, 10, 10, 100, 2025-06-18, None, True, True, None, True, True
2025-06-18 01:36:11,659 - mainapp.logging_utils - INFO - [2025-06-18 01:36:11] get_documents: link: https://kabinet.dreamkas.ru/api/v1/documents?limit=10&filter[type]=11&filter[preset]=PAPER,DOCUMENTS&offset=None&filter[toAcceptedAt]=&filter[fromAcceptedAt]=2025-06-18
2025-06-18 01:36:11,659 - mainapp.logging_utils - INFO - [2025-06-18 01:36:11] Get request sent
2025-06-18 01:36:13,842 - mainapp.logging_utils - INFO - [2025-06-18 01:36:13] Unable to price invoice: https://kabinet.dreamkas.ru/app/#!/documents/card~2F85449229
2025-06-18 01:36:13,842 - mainapp.logging_utils - INFO - [2025-06-18 01:36:13] Unable to price invoice: https://kabinet.dreamkas.ru/app/#!/documents/card~2F86361445
2025-06-18 01:37:13,854 - mainapp.logging_utils - INFO - [2025-06-18 01:37:13] Updating_invoices, params: True, True, True, 10, 10, 5, None, None, True, True, None, True, True
2025-06-18 01:37:39,818 - mainapp.logging_utils - INFO - [2025-06-18 01:37:39] get_documents: link: https://kabinet.dreamkas.ru/api/v1/documents?limit=10&filter[type]=5,13&filter[preset]=PAPER,DOCUMENTS&offset=None&filter[toAcceptedAt]=&filter[fromAcceptedAt]=
2025-06-18 01:37:39,818 - mainapp.logging_utils - INFO - [2025-06-18 01:37:39] Get request sent
2025-06-18 01:37:40,330 - mainapp.logging_utils - INFO - [2025-06-18 01:37:40] update_invoices: documents external fetched
2025-06-18 01:37:40,331 - mainapp.logging_utils - INFO - [2025-06-18 01:37:40] update_invoices: draft cleanup done
2025-06-18 01:37:40,423 - mainapp.logging_utils - INFO - [2025-06-18 01:37:40] update_invoices: invoices to create and update defined
2025-06-18 01:37:40,546 - mainapp.logging_utils - INFO - [2025-06-18 01:37:40] update_invoices: invoices to create and update prepared
2025-06-18 01:37:40,586 - mainapp.logging_utils - INFO - [2025-06-18 01:37:40] update_invoices: invoices created and updated
2025-06-18 01:37:40,586 - mainapp.logging_utils - INFO - [2025-06-18 01:37:40] update_invoices: getting positions
2025-06-18 01:37:40,587 - mainapp.logging_utils - INFO - [2025-06-18 01:37:40] Updating_invoices. Progress: 0 / 10
2025-06-18 01:37:40,801 - mainapp.logging_utils - INFO - [2025-06-18 01:37:40] Updating_invoices. Progress: 1 / 10
2025-06-18 01:37:40,930 - mainapp.logging_utils - INFO - [2025-06-18 01:37:40] Updating_invoices. Progress: 2 / 10
2025-06-18 01:37:41,320 - mainapp.logging_utils - INFO - [2025-06-18 01:37:41] Updating_invoices. Progress: 3 / 10
2025-06-18 01:37:42,164 - mainapp.logging_utils - INFO - [2025-06-18 01:37:42] Updating_invoices. Progress: 4 / 10
2025-06-18 01:37:42,284 - mainapp.logging_utils - INFO - [2025-06-18 01:37:42] Updating_invoices. Progress: 5 / 10
2025-06-18 01:37:42,458 - mainapp.logging_utils - INFO - [2025-06-18 01:37:42] Updating_invoices. Progress: 6 / 10
2025-06-18 01:37:42,804 - mainapp.logging_utils - INFO - [2025-06-18 01:37:42] Updating_invoices. Progress: 7 / 10
2025-06-18 01:37:43,148 - mainapp.logging_utils - INFO - [2025-06-18 01:37:43] Updating_invoices. Progress: 8 / 10
2025-06-18 01:37:43,713 - mainapp.logging_utils - INFO - [2025-06-18 01:37:43] Updating_invoices. Progress: 9 / 10
2025-06-18 01:37:43,863 - mainapp.logging_utils - INFO - [2025-06-18 01:37:43] update_invoices: positions to create and update defined
2025-06-18 01:37:43,989 - mainapp.logging_utils - INFO - [2025-06-18 01:37:43] get_documents: link: https://kabinet.dreamkas.ru/api/v1/documents?limit=10&filter[type]=11&filter[preset]=PAPER,DOCUMENTS&offset=None&filter[toAcceptedAt]=&filter[fromAcceptedAt]=
2025-06-18 01:37:43,989 - mainapp.logging_utils - INFO - [2025-06-18 01:37:43] Get request sent
2025-06-18 01:37:47,634 - mainapp.logging_utils - INFO - [2025-06-18 01:37:47] get_documents: link: https://kabinet.dreamkas.ru/api/v1/documents?limit=5&filter[type]=7&filter[preset]=PAPER,DOCUMENTS&offset=None&filter[toAcceptedAt]=&filter[fromAcceptedAt]=
2025-06-18 01:37:47,634 - mainapp.logging_utils - INFO - [2025-06-18 01:37:47] Get request sent
2025-06-18 01:38:02,718 - mainapp.logging_utils - INFO - [2025-06-18 01:38:02] Unable to price invoice: https://kabinet.dreamkas.ru/app/#!/documents/card~2F85449229
2025-06-18 01:38:02,718 - mainapp.logging_utils - INFO - [2025-06-18 01:38:02] Unable to price invoice: https://kabinet.dreamkas.ru/app/#!/documents/card~2F86361445
2025-06-18 01:38:02,726 - mainapp.logging_utils - INFO - [2025-06-18 01:38:02] Updating_invoices, params: False, True, False, 10, 10, 100, 2025-06-18, None, True, True, None, True, True
2025-06-18 01:38:28,920 - mainapp.logging_utils - INFO - [2025-06-18 01:38:28] get_documents: link: https://kabinet.dreamkas.ru/api/v1/documents?limit=10&filter[type]=11&filter[preset]=PAPER,DOCUMENTS&offset=None&filter[toAcceptedAt]=&filter[fromAcceptedAt]=2025-06-18
2025-06-18 01:38:28,920 - mainapp.logging_utils - INFO - [2025-06-18 01:38:28] Get request sent
2025-06-18 01:38:31,119 - mainapp.logging_utils - INFO - [2025-06-18 01:38:31] Unable to price invoice: https://kabinet.dreamkas.ru/app/#!/documents/card~2F85449229
2025-06-18 01:38:31,119 - mainapp.logging_utils - INFO - [2025-06-18 01:38:31] Unable to price invoice: https://kabinet.dreamkas.ru/app/#!/documents/card~2F86361445
2025-06-18 01:39:31,131 - mainapp.logging_utils - INFO - [2025-06-18 01:39:31] Updating_invoices, params: True, True, True, 10, 10, 5, None, None, True, True, None, True, True
2025-06-18 01:39:57,483 - mainapp.logging_utils - INFO - [2025-06-18 01:39:57] get_documents: link: https://kabinet.dreamkas.ru/api/v1/documents?limit=10&filter[type]=5,13&filter[preset]=PAPER,DOCUMENTS&offset=None&filter[toAcceptedAt]=&filter[fromAcceptedAt]=
2025-06-18 01:39:57,483 - mainapp.logging_utils - INFO - [2025-06-18 01:39:57] Get request sent
2025-06-18 01:39:57,875 - mainapp.logging_utils - INFO - [2025-06-18 01:39:57] update_invoices: documents external fetched
2025-06-18 01:39:57,876 - mainapp.logging_utils - INFO - [2025-06-18 01:39:57] update_invoices: draft cleanup done
2025-06-18 01:39:57,966 - mainapp.logging_utils - INFO - [2025-06-18 01:39:57] update_invoices: invoices to create and update defined
2025-06-18 01:39:58,102 - mainapp.logging_utils - INFO - [2025-06-18 01:39:58] update_invoices: invoices to create and update prepared
2025-06-18 01:39:58,137 - mainapp.logging_utils - INFO - [2025-06-18 01:39:58] update_invoices: invoices created and updated
2025-06-18 01:39:58,137 - mainapp.logging_utils - INFO - [2025-06-18 01:39:58] update_invoices: getting positions
2025-06-18 01:39:58,138 - mainapp.logging_utils - INFO - [2025-06-18 01:39:58] Updating_invoices. Progress: 0 / 10
2025-06-18 01:39:58,355 - mainapp.logging_utils - INFO - [2025-06-18 01:39:58] Updating_invoices. Progress: 1 / 10
2025-06-18 01:39:58,479 - mainapp.logging_utils - INFO - [2025-06-18 01:39:58] Updating_invoices. Progress: 2 / 10
2025-06-18 01:39:58,887 - mainapp.logging_utils - INFO - [2025-06-18 01:39:58] Updating_invoices. Progress: 3 / 10
2025-06-18 01:39:59,755 - mainapp.logging_utils - INFO - [2025-06-18 01:39:59] Updating_invoices. Progress: 4 / 10
2025-06-18 01:39:59,872 - mainapp.logging_utils - INFO - [2025-06-18 01:39:59] Updating_invoices. Progress: 5 / 10
2025-06-18 01:40:00,116 - mainapp.logging_utils - INFO - [2025-06-18 01:40:00] Updating_invoices. Progress: 6 / 10
2025-06-18 01:40:00,455 - mainapp.logging_utils - INFO - [2025-06-18 01:40:00] Updating_invoices. Progress: 7 / 10
2025-06-18 01:40:00,790 - mainapp.logging_utils - INFO - [2025-06-18 01:40:00] Updating_invoices. Progress: 8 / 10
2025-06-18 01:40:17,975 - mainapp.logging_utils - INFO - [2025-06-18 01:40:17] Updating_invoices. Progress: 9 / 10
2025-06-18 01:40:18,240 - mainapp.logging_utils - INFO - [2025-06-18 01:40:18] update_invoices: positions to create and update defined
2025-06-18 01:40:18,367 - mainapp.logging_utils - INFO - [2025-06-18 01:40:18] get_documents: link: https://kabinet.dreamkas.ru/api/v1/documents?limit=10&filter[type]=11&filter[preset]=PAPER,DOCUMENTS&offset=None&filter[toAcceptedAt]=&filter[fromAcceptedAt]=
2025-06-18 01:40:18,367 - mainapp.logging_utils - INFO - [2025-06-18 01:40:18] Get request sent
2025-06-18 01:40:22,961 - mainapp.logging_utils - INFO - [2025-06-18 01:40:22] get_documents: link: https://kabinet.dreamkas.ru/api/v1/documents?limit=5&filter[type]=7&filter[preset]=PAPER,DOCUMENTS&offset=None&filter[toAcceptedAt]=&filter[fromAcceptedAt]=
2025-06-18 01:40:22,961 - mainapp.logging_utils - INFO - [2025-06-18 01:40:22] Get request sent
2025-06-18 01:40:47,027 - mainapp.logging_utils - INFO - [2025-06-18 01:40:47] Unable to price invoice: https://kabinet.dreamkas.ru/app/#!/documents/card~2F85449229
2025-06-18 01:40:47,027 - mainapp.logging_utils - INFO - [2025-06-18 01:40:47] Unable to price invoice: https://kabinet.dreamkas.ru/app/#!/documents/card~2F86361445
2025-06-18 01:40:47,035 - mainapp.logging_utils - INFO - [2025-06-18 01:40:47] Updating_invoices, params: False, True, False, 10, 10, 100, 2025-06-18, None, True, True, None, True, True
2025-06-18 01:41:13,663 - mainapp.logging_utils - INFO - [2025-06-18 01:41:13] get_documents: link: https://kabinet.dreamkas.ru/api/v1/documents?limit=10&filter[type]=11&filter[preset]=PAPER,DOCUMENTS&offset=None&filter[toAcceptedAt]=&filter[fromAcceptedAt]=2025-06-18
2025-06-18 01:41:13,663 - mainapp.logging_utils - INFO - [2025-06-18 01:41:13] Get request sent
2025-06-18 01:41:15,781 - mainapp.logging_utils - INFO - [2025-06-18 01:41:15] Unable to price invoice: https://kabinet.dreamkas.ru/app/#!/documents/card~2F85449229
2025-06-18 01:41:15,781 - mainapp.logging_utils - INFO - [2025-06-18 01:41:15] Unable to price invoice: https://kabinet.dreamkas.ru/app/#!/documents/card~2F86361445
2025-06-18 01:42:00,792 - mainapp.logging_utils - INFO - [2025-06-18 01:42:00] Updating_invoices, params: True, True, True, 150, 300, 5, None, None, True, True, None, True, True
2025-06-18 01:42:27,695 - mainapp.logging_utils - INFO - [2025-06-18 01:42:27] get_documents: link: https://kabinet.dreamkas.ru/api/v1/documents?limit=150&filter[type]=5,13&filter[preset]=PAPER,DOCUMENTS&offset=None&filter[toAcceptedAt]=&filter[fromAcceptedAt]=
2025-06-18 01:42:27,695 - mainapp.logging_utils - INFO - [2025-06-18 01:42:27] Get request sent
2025-06-18 01:42:28,175 - mainapp.logging_utils - INFO - [2025-06-18 01:42:28] update_invoices: documents external fetched
2025-06-18 01:42:28,180 - mainapp.logging_utils - INFO - [2025-06-18 01:42:28] update_invoices: draft cleanup done
2025-06-18 01:42:28,275 - mainapp.logging_utils - INFO - [2025-06-18 01:42:28] update_invoices: invoices to create and update defined
2025-06-18 01:42:30,122 - mainapp.logging_utils - INFO - [2025-06-18 01:42:30] update_invoices: invoices to create and update prepared
2025-06-18 01:42:30,650 - mainapp.logging_utils - INFO - [2025-06-18 01:42:30] update_invoices: invoices created and updated
2025-06-18 01:42:30,650 - mainapp.logging_utils - INFO - [2025-06-18 01:42:30] update_invoices: getting positions
2025-06-18 01:42:30,651 - mainapp.logging_utils - INFO - [2025-06-18 01:42:30] Updating_invoices. Progress: 0 / 150
2025-06-18 01:42:35,450 - mainapp.logging_utils - INFO - [2025-06-18 01:42:35] Updating_invoices. Progress: 15 / 150
2025-06-18 01:42:40,727 - mainapp.logging_utils - INFO - [2025-06-18 01:42:40] Updating_invoices. Progress: 30 / 150
2025-06-18 01:42:44,452 - mainapp.logging_utils - INFO - [2025-06-18 01:42:44] Updating_invoices. Progress: 45 / 150
2025-06-18 01:42:55,312 - mainapp.logging_utils - INFO - [2025-06-18 01:42:55] Updating_invoices. Progress: 60 / 150
2025-06-18 01:43:00,570 - mainapp.logging_utils - INFO - [2025-06-18 01:43:00] Updating_invoices. Progress: 75 / 150
2025-06-18 01:43:07,440 - mainapp.logging_utils - INFO - [2025-06-18 01:43:07] Updating_invoices. Progress: 90 / 150
2025-06-18 01:43:16,784 - mainapp.logging_utils - INFO - [2025-06-18 01:43:16] Updating_invoices. Progress: 105 / 150
2025-06-18 01:43:23,431 - mainapp.logging_utils - INFO - [2025-06-18 01:43:23] Updating_invoices. Progress: 120 / 150
2025-06-18 01:43:29,350 - mainapp.logging_utils - INFO - [2025-06-18 01:43:29] Updating_invoices. Progress: 135 / 150
2025-06-18 01:43:35,858 - mainapp.logging_utils - INFO - [2025-06-18 01:43:35] update_invoices: positions to create and update defined
2025-06-18 01:43:38,752 - mainapp.logging_utils - INFO - [2025-06-18 01:43:38] get_documents: link: https://kabinet.dreamkas.ru/api/v1/documents?limit=300&filter[type]=11&filter[preset]=PAPER,DOCUMENTS&offset=None&filter[toAcceptedAt]=&filter[fromAcceptedAt]=
2025-06-18 01:43:38,752 - mainapp.logging_utils - INFO - [2025-06-18 01:43:38] Get request sent
2025-06-18 01:45:51,618 - mainapp.logging_utils - INFO - [2025-06-18 01:45:51] get_documents: link: https://kabinet.dreamkas.ru/api/v1/documents?limit=5&filter[type]=7&filter[preset]=PAPER,DOCUMENTS&offset=None&filter[toAcceptedAt]=&filter[fromAcceptedAt]=
2025-06-18 01:45:51,618 - mainapp.logging_utils - INFO - [2025-06-18 01:45:51] Get request sent
2025-06-18 01:47:30,763 - mainapp.logging_utils - INFO - [2025-06-18 01:47:30] Unable to price invoice: https://kabinet.dreamkas.ru/app/#!/documents/card~2F85449229
2025-06-18 01:47:30,763 - mainapp.logging_utils - INFO - [2025-06-18 01:47:30] Unable to price invoice: https://kabinet.dreamkas.ru/app/#!/documents/card~2F86361445
